[0.010s] Invoking command in '/home/huy/ur3_llm_ws/build/ur_dashboard_msgs': CMAKE_PREFIX_PATH=${CMAKE_PREFIX_PATH}:/home/huy/install/turtlebot3_teleop:/home/huy/install/turtlebot3_navigation2:/home/huy/install/turtlebot3_example:/home/huy/install/turtlebot3_manipulation_gazebo:/home/huy/install/turtlebot3_description:/home/huy/install/turtlebot3_cartographer:/home/huy/install/openslam_gmapping:/opt/ros/humble PS1=${debian_chroot:+($debian_chroot)}\[\033[01;32m\]\u@\h\[\033[00m\]:\[\033[01;34m\]\w\[\033[00m\]\$ /usr/bin/cmake /home/huy/ur3_llm_ws/src/Universal_Robots_ROS2_Driver/ur_dashboard_msgs -DAMENT_CMAKE_SYMLINK_INSTALL=1 -DCMAKE_INSTALL_PREFIX=/home/huy/ur3_llm_ws/install/ur_dashboard_msgs
[0.050s] -- The C compiler identification is GNU 11.4.0
[0.091s] -- The CXX compiler identification is GNU 11.4.0
[0.096s] -- Detecting C compiler ABI info
[0.146s] -- Detecting C compiler ABI info - done
[0.151s] -- Check for working C compiler: /usr/bin/cc - skipped
[0.151s] -- Detecting C compile features
[0.151s] -- Detecting C compile features - done
[0.153s] -- Detecting CXX compiler ABI info
[0.208s] -- Detecting CXX compiler ABI info - done
[0.214s] -- Check for working CXX compiler: /usr/bin/c++ - skipped
[0.214s] -- Detecting CXX compile features
[0.214s] -- Detecting CXX compile features - done
[0.216s] -- Found ament_cmake: 1.3.14 (/opt/ros/humble/share/ament_cmake/cmake)
[0.321s] -- Found Python3: /usr/bin/python3 (found version "3.10.12") found components: Interpreter 
[0.364s] -- Override CMake install command with custom implementation using symlinks instead of copying resources
[0.392s] -- Found rosidl_default_generators: 1.2.1 (/opt/ros/humble/share/rosidl_default_generators/cmake)
[0.396s] -- Using all available rosidl_typesupport_c: rosidl_typesupport_fastrtps_c;rosidl_typesupport_introspection_c
[0.402s] -- Found rosidl_adapter: 3.1.8 (/opt/ros/humble/share/rosidl_adapter/cmake)
[0.431s] -- Using all available rosidl_typesupport_cpp: rosidl_typesupport_fastrtps_cpp;rosidl_typesupport_introspection_cpp
[0.456s] -- Found action_msgs: 1.2.2 (/opt/ros/humble/share/action_msgs/cmake)
[0.776s] -- Found ament_cmake_ros: 0.10.0 (/opt/ros/humble/share/ament_cmake_ros/cmake)
[0.918s] -- Using all available rosidl_typesupport_c: rosidl_typesupport_fastrtps_c;rosidl_typesupport_introspection_c
[1.097s] -- Using all available rosidl_typesupport_cpp: rosidl_typesupport_fastrtps_cpp;rosidl_typesupport_introspection_cpp
[1.112s] -- Found PythonInterp: /usr/bin/python3 (found suitable version "3.10.12", minimum required is "3.6") 
[1.114s] -- Found python_cmake_module: 0.10.0 (/opt/ros/humble/share/python_cmake_module/cmake)
[1.132s] -- Found PythonLibs: /usr/lib/x86_64-linux-gnu/libpython3.10.so (found suitable version "3.10.12", minimum required is "3.5") 
[1.132s] -- Using PYTHON_EXECUTABLE: /usr/bin/python3
[1.132s] -- Using PYTHON_INCLUDE_DIRS: /usr/include/python3.10
[1.132s] -- Using PYTHON_LIBRARIES: /usr/lib/x86_64-linux-gnu/libpython3.10.so
[1.150s] -- Found PythonExtra: .so  
[1.240s] -- Configuring done
[1.292s] -- Generating done
[1.302s] -- Build files have been written to: /home/huy/ur3_llm_ws/build/ur_dashboard_msgs
[1.307s] Invoked command in '/home/huy/ur3_llm_ws/build/ur_dashboard_msgs' returned '0': CMAKE_PREFIX_PATH=${CMAKE_PREFIX_PATH}:/home/huy/install/turtlebot3_teleop:/home/huy/install/turtlebot3_navigation2:/home/huy/install/turtlebot3_example:/home/huy/install/turtlebot3_manipulation_gazebo:/home/huy/install/turtlebot3_description:/home/huy/install/turtlebot3_cartographer:/home/huy/install/openslam_gmapping:/opt/ros/humble PS1=${debian_chroot:+($debian_chroot)}\[\033[01;32m\]\u@\h\[\033[00m\]:\[\033[01;34m\]\w\[\033[00m\]\$ /usr/bin/cmake /home/huy/ur3_llm_ws/src/Universal_Robots_ROS2_Driver/ur_dashboard_msgs -DAMENT_CMAKE_SYMLINK_INSTALL=1 -DCMAKE_INSTALL_PREFIX=/home/huy/ur3_llm_ws/install/ur_dashboard_msgs
[1.308s] Invoking command in '/home/huy/ur3_llm_ws/build/ur_dashboard_msgs': CMAKE_PREFIX_PATH=${CMAKE_PREFIX_PATH}:/home/huy/install/turtlebot3_teleop:/home/huy/install/turtlebot3_navigation2:/home/huy/install/turtlebot3_example:/home/huy/install/turtlebot3_manipulation_gazebo:/home/huy/install/turtlebot3_description:/home/huy/install/turtlebot3_cartographer:/home/huy/install/openslam_gmapping:/opt/ros/humble PS1=${debian_chroot:+($debian_chroot)}\[\033[01;32m\]\u@\h\[\033[00m\]:\[\033[01;34m\]\w\[\033[00m\]\$ /usr/bin/cmake --build /home/huy/ur3_llm_ws/build/ur_dashboard_msgs -- -j12 -l12
[1.362s] [  1%] [34m[1mGenerating C code for ROS interfaces[0m
[1.365s] [  2%] [34m[1mGenerating Rust code for ROS interfaces[0m
[1.369s] [  2%] [34m[1mGenerating C++ code for ROS interfaces[0m
[1.374s] [  2%] Built target ament_cmake_python_symlink_ur_dashboard_msgs
[1.524s] running egg_info
[1.524s] creating ur_dashboard_msgs.egg-info
[1.524s] writing ur_dashboard_msgs.egg-info/PKG-INFO
[1.524s] writing dependency_links to ur_dashboard_msgs.egg-info/dependency_links.txt
[1.524s] writing top-level names to ur_dashboard_msgs.egg-info/top_level.txt
[1.525s] writing manifest file 'ur_dashboard_msgs.egg-info/SOURCES.txt'
[1.526s] reading manifest file 'ur_dashboard_msgs.egg-info/SOURCES.txt'
[1.526s] writing manifest file 'ur_dashboard_msgs.egg-info/SOURCES.txt'
[1.544s] [  2%] Built target ament_cmake_python_build_ur_dashboard_msgs_egg
[2.165s] [  2%] Built target ur_dashboard_msgs__rs
[3.232s] [  2%] Built target ur_dashboard_msgs__cpp
[3.240s] [  2%] [34m[1mGenerating C++ type support for eProsima Fast-RTPS[0m
[3.243s] [  2%] [34m[1mGenerating C++ type support dispatch for ROS interfaces[0m
[3.243s] [  2%] [34m[1mGenerating C++ introspection for ROS interfaces[0m
[3.315s] [  2%] [32mBuilding C object CMakeFiles/ur_dashboard_msgs__rosidl_generator_c.dir/rosidl_generator_c/ur_dashboard_msgs/msg/detail/safety_mode__functions.c.o[0m
[3.315s] [  3%] [32mBuilding C object CMakeFiles/ur_dashboard_msgs__rosidl_generator_c.dir/rosidl_generator_c/ur_dashboard_msgs/msg/detail/program_information__functions.c.o[0m
[3.315s] [  3%] [32mBuilding C object CMakeFiles/ur_dashboard_msgs__rosidl_generator_c.dir/rosidl_generator_c/ur_dashboard_msgs/msg/detail/user_role__functions.c.o[0m
[3.316s] [  4%] [32mBuilding C object CMakeFiles/ur_dashboard_msgs__rosidl_generator_c.dir/rosidl_generator_c/ur_dashboard_msgs/msg/detail/robot_mode__functions.c.o[0m
[3.316s] [  4%] [32mBuilding C object CMakeFiles/ur_dashboard_msgs__rosidl_generator_c.dir/rosidl_generator_c/ur_dashboard_msgs/msg/detail/safety_status__functions.c.o[0m
[3.316s] [  4%] [32mBuilding C object CMakeFiles/ur_dashboard_msgs__rosidl_generator_c.dir/rosidl_generator_c/ur_dashboard_msgs/msg/detail/operational_mode__functions.c.o[0m
[3.317s] [  4%] [32mBuilding C object CMakeFiles/ur_dashboard_msgs__rosidl_generator_c.dir/rosidl_generator_c/ur_dashboard_msgs/msg/detail/program_state__functions.c.o[0m
[3.317s] [  4%] [32mBuilding C object CMakeFiles/ur_dashboard_msgs__rosidl_generator_c.dir/rosidl_generator_c/ur_dashboard_msgs/msg/detail/version_information__functions.c.o[0m
[3.318s] [  5%] [32mBuilding C object CMakeFiles/ur_dashboard_msgs__rosidl_generator_c.dir/rosidl_generator_c/ur_dashboard_msgs/srv/detail/add_to_log__functions.c.o[0m
[3.362s] [  5%] [32mBuilding C object CMakeFiles/ur_dashboard_msgs__rosidl_generator_c.dir/rosidl_generator_c/ur_dashboard_msgs/srv/detail/download_program__functions.c.o[0m
[3.368s] [  6%] [32mBuilding C object CMakeFiles/ur_dashboard_msgs__rosidl_generator_c.dir/rosidl_generator_c/ur_dashboard_msgs/srv/detail/download_support_file__functions.c.o[0m
[3.368s] [  6%] [32mBuilding C object CMakeFiles/ur_dashboard_msgs__rosidl_generator_c.dir/rosidl_generator_c/ur_dashboard_msgs/srv/detail/get_programs__functions.c.o[0m
[3.368s] [  6%] [32mBuilding C object CMakeFiles/ur_dashboard_msgs__rosidl_generator_c.dir/rosidl_generator_c/ur_dashboard_msgs/srv/detail/get_loaded_program__functions.c.o[0m
[3.368s] [  6%] [32mBuilding C object CMakeFiles/ur_dashboard_msgs__rosidl_generator_c.dir/rosidl_generator_c/ur_dashboard_msgs/srv/detail/get_program_state__functions.c.o[0m
[3.369s] [  7%] [32mBuilding C object CMakeFiles/ur_dashboard_msgs__rosidl_generator_c.dir/rosidl_generator_c/ur_dashboard_msgs/srv/detail/get_robot_mode__functions.c.o[0m
[3.380s] [  7%] [32mBuilding C object CMakeFiles/ur_dashboard_msgs__rosidl_generator_c.dir/rosidl_generator_c/ur_dashboard_msgs/srv/detail/get_safety_mode__functions.c.o[0m
[3.385s] [  7%] [32mBuilding C object CMakeFiles/ur_dashboard_msgs__rosidl_generator_c.dir/rosidl_generator_c/ur_dashboard_msgs/srv/detail/is_program_running__functions.c.o[0m
[3.410s] [  8%] [32mBuilding C object CMakeFiles/ur_dashboard_msgs__rosidl_generator_c.dir/rosidl_generator_c/ur_dashboard_msgs/srv/detail/is_program_saved__functions.c.o[0m
[3.426s] [  8%] [32mBuilding C object CMakeFiles/ur_dashboard_msgs__rosidl_generator_c.dir/rosidl_generator_c/ur_dashboard_msgs/srv/detail/load__functions.c.o[0m
[3.429s] [  8%] [32mBuilding C object CMakeFiles/ur_dashboard_msgs__rosidl_generator_c.dir/rosidl_generator_c/ur_dashboard_msgs/srv/detail/popup__functions.c.o[0m
[3.435s] [  9%] [32mBuilding C object CMakeFiles/ur_dashboard_msgs__rosidl_generator_c.dir/rosidl_generator_c/ur_dashboard_msgs/srv/detail/raw_request__functions.c.o[0m
[3.440s] [  9%] [32mBuilding C object CMakeFiles/ur_dashboard_msgs__rosidl_generator_c.dir/rosidl_generator_c/ur_dashboard_msgs/srv/detail/is_in_remote_control__functions.c.o[0m
[3.442s] [  9%] [32mBuilding C object CMakeFiles/ur_dashboard_msgs__rosidl_generator_c.dir/rosidl_generator_c/ur_dashboard_msgs/srv/detail/upload_program__functions.c.o[0m
[3.445s] [ 10%] [32mBuilding C object CMakeFiles/ur_dashboard_msgs__rosidl_generator_c.dir/rosidl_generator_c/ur_dashboard_msgs/srv/detail/get_poly_scope_version__functions.c.o[0m
[3.456s] [ 10%] [32mBuilding C object CMakeFiles/ur_dashboard_msgs__rosidl_generator_c.dir/rosidl_generator_c/ur_dashboard_msgs/srv/detail/get_serial_number__functions.c.o[0m
[3.459s] [ 10%] [32mBuilding C object CMakeFiles/ur_dashboard_msgs__rosidl_generator_c.dir/rosidl_generator_c/ur_dashboard_msgs/srv/detail/get_user_role__functions.c.o[0m
[3.476s] [ 11%] [32mBuilding C object CMakeFiles/ur_dashboard_msgs__rosidl_generator_c.dir/rosidl_generator_c/ur_dashboard_msgs/srv/detail/set_user_role__functions.c.o[0m
[3.493s] [ 11%] [32mBuilding C object CMakeFiles/ur_dashboard_msgs__rosidl_generator_c.dir/rosidl_generator_c/ur_dashboard_msgs/srv/detail/get_operational_mode__functions.c.o[0m
[3.493s] [ 11%] [32mBuilding C object CMakeFiles/ur_dashboard_msgs__rosidl_generator_c.dir/rosidl_generator_c/ur_dashboard_msgs/srv/detail/set_operational_mode__functions.c.o[0m
[3.493s] [ 12%] [32mBuilding C object CMakeFiles/ur_dashboard_msgs__rosidl_generator_c.dir/rosidl_generator_c/ur_dashboard_msgs/srv/detail/get_robot_model__functions.c.o[0m
[3.499s] [ 12%] [32mBuilding C object CMakeFiles/ur_dashboard_msgs__rosidl_generator_c.dir/rosidl_generator_c/ur_dashboard_msgs/srv/detail/get_safety_status__functions.c.o[0m
[3.510s] [ 12%] [32mBuilding C object CMakeFiles/ur_dashboard_msgs__rosidl_generator_c.dir/rosidl_generator_c/ur_dashboard_msgs/srv/detail/generate_flight_report__functions.c.o[0m
[3.513s] [ 13%] [32mBuilding C object CMakeFiles/ur_dashboard_msgs__rosidl_generator_c.dir/rosidl_generator_c/ur_dashboard_msgs/srv/detail/generate_support_file__functions.c.o[0m
[3.522s] [ 13%] [32mBuilding C object CMakeFiles/ur_dashboard_msgs__rosidl_generator_c.dir/rosidl_generator_c/ur_dashboard_msgs/action/detail/set_mode__functions.c.o[0m
[3.624s] [ 13%] [32m[1mLinking C shared library libur_dashboard_msgs__rosidl_generator_c.so[0m
[3.664s] [ 13%] Built target ur_dashboard_msgs__rosidl_generator_c
[3.672s] [ 15%] [34m[1mGenerating C type support for eProsima Fast-RTPS[0m
[3.672s] [ 15%] [34m[1mGenerating C type support dispatch for ROS interfaces[0m
[3.676s] [ 16%] [34m[1mGenerating C introspection for ROS interfaces[0m
[4.726s] [ 16%] [32mBuilding CXX object CMakeFiles/ur_dashboard_msgs__rosidl_typesupport_introspection_cpp.dir/rosidl_typesupport_introspection_cpp/ur_dashboard_msgs/msg/detail/program_state__type_support.cpp.o[0m
[4.728s] [ 17%] [32mBuilding CXX object CMakeFiles/ur_dashboard_msgs__rosidl_typesupport_introspection_cpp.dir/rosidl_typesupport_introspection_cpp/ur_dashboard_msgs/msg/detail/program_information__type_support.cpp.o[0m
[4.731s] [ 17%] [32mBuilding CXX object CMakeFiles/ur_dashboard_msgs__rosidl_typesupport_introspection_cpp.dir/rosidl_typesupport_introspection_cpp/ur_dashboard_msgs/msg/detail/user_role__type_support.cpp.o[0m
[4.733s] [ 17%] [32mBuilding CXX object CMakeFiles/ur_dashboard_msgs__rosidl_typesupport_introspection_cpp.dir/rosidl_typesupport_introspection_cpp/ur_dashboard_msgs/msg/detail/robot_mode__type_support.cpp.o[0m
[4.733s] [ 18%] [32mBuilding CXX object CMakeFiles/ur_dashboard_msgs__rosidl_typesupport_introspection_cpp.dir/rosidl_typesupport_introspection_cpp/ur_dashboard_msgs/msg/detail/version_information__type_support.cpp.o[0m
[4.734s] [ 19%] [32mBuilding CXX object CMakeFiles/ur_dashboard_msgs__rosidl_typesupport_introspection_cpp.dir/rosidl_typesupport_introspection_cpp/ur_dashboard_msgs/msg/detail/safety_mode__type_support.cpp.o[0m
[4.738s] [ 19%] [32mBuilding CXX object CMakeFiles/ur_dashboard_msgs__rosidl_typesupport_introspection_cpp.dir/rosidl_typesupport_introspection_cpp/ur_dashboard_msgs/msg/detail/operational_mode__type_support.cpp.o[0m
[5.090s] [ 19%] [32mBuilding CXX object CMakeFiles/ur_dashboard_msgs__rosidl_typesupport_introspection_cpp.dir/rosidl_typesupport_introspection_cpp/ur_dashboard_msgs/msg/detail/safety_status__type_support.cpp.o[0m
[5.099s] [ 19%] [32mBuilding CXX object CMakeFiles/ur_dashboard_msgs__rosidl_typesupport_c.dir/rosidl_typesupport_c/ur_dashboard_msgs/msg/program_information__type_support.cpp.o[0m
[5.120s] [ 19%] [32mBuilding CXX object CMakeFiles/ur_dashboard_msgs__rosidl_typesupport_introspection_cpp.dir/rosidl_typesupport_introspection_cpp/ur_dashboard_msgs/srv/detail/add_to_log__type_support.cpp.o[0m
[5.129s] [ 20%] [32mBuilding CXX object CMakeFiles/ur_dashboard_msgs__rosidl_typesupport_c.dir/rosidl_typesupport_c/ur_dashboard_msgs/msg/robot_mode__type_support.cpp.o[0m
[5.129s] [ 20%] [32mBuilding CXX object CMakeFiles/ur_dashboard_msgs__rosidl_typesupport_c.dir/rosidl_typesupport_c/ur_dashboard_msgs/msg/program_state__type_support.cpp.o[0m
[5.139s] [ 21%] [32mBuilding CXX object CMakeFiles/ur_dashboard_msgs__rosidl_typesupport_introspection_cpp.dir/rosidl_typesupport_introspection_cpp/ur_dashboard_msgs/srv/detail/download_program__type_support.cpp.o[0m
[5.161s] [ 21%] [32mBuilding CXX object CMakeFiles/ur_dashboard_msgs__rosidl_typesupport_introspection_cpp.dir/rosidl_typesupport_introspection_cpp/ur_dashboard_msgs/srv/detail/download_support_file__type_support.cpp.o[0m
[5.167s] [ 21%] [32mBuilding CXX object CMakeFiles/ur_dashboard_msgs__rosidl_typesupport_introspection_cpp.dir/rosidl_typesupport_introspection_cpp/ur_dashboard_msgs/srv/detail/get_loaded_program__type_support.cpp.o[0m
[5.168s] [ 21%] [32mBuilding CXX object CMakeFiles/ur_dashboard_msgs__rosidl_typesupport_c.dir/rosidl_typesupport_c/ur_dashboard_msgs/msg/safety_mode__type_support.cpp.o[0m
[5.202s] [ 21%] [32mBuilding CXX object CMakeFiles/ur_dashboard_msgs__rosidl_typesupport_c.dir/rosidl_typesupport_c/ur_dashboard_msgs/msg/operational_mode__type_support.cpp.o[0m
[5.232s] [ 22%] [32mBuilding CXX object CMakeFiles/ur_dashboard_msgs__rosidl_typesupport_c.dir/rosidl_typesupport_c/ur_dashboard_msgs/msg/user_role__type_support.cpp.o[0m
[5.262s] [ 23%] [32mBuilding CXX object CMakeFiles/ur_dashboard_msgs__rosidl_typesupport_c.dir/rosidl_typesupport_c/ur_dashboard_msgs/msg/version_information__type_support.cpp.o[0m
[5.262s] [ 23%] [32mBuilding CXX object CMakeFiles/ur_dashboard_msgs__rosidl_typesupport_introspection_cpp.dir/rosidl_typesupport_introspection_cpp/ur_dashboard_msgs/srv/detail/get_programs__type_support.cpp.o[0m
[5.280s] [ 23%] [32mBuilding CXX object CMakeFiles/ur_dashboard_msgs__rosidl_typesupport_c.dir/rosidl_typesupport_c/ur_dashboard_msgs/msg/safety_status__type_support.cpp.o[0m
[5.294s] [ 24%] [32mBuilding CXX object CMakeFiles/ur_dashboard_msgs__rosidl_typesupport_cpp.dir/rosidl_typesupport_cpp/ur_dashboard_msgs/msg/program_information__type_support.cpp.o[0m
[5.297s] [ 24%] [32mBuilding CXX object CMakeFiles/ur_dashboard_msgs__rosidl_typesupport_cpp.dir/rosidl_typesupport_cpp/ur_dashboard_msgs/msg/program_state__type_support.cpp.o[0m
[5.313s] [ 25%] [32mBuilding CXX object CMakeFiles/ur_dashboard_msgs__rosidl_typesupport_c.dir/rosidl_typesupport_c/ur_dashboard_msgs/srv/add_to_log__type_support.cpp.o[0m
[5.349s] [ 25%] [32mBuilding CXX object CMakeFiles/ur_dashboard_msgs__rosidl_typesupport_c.dir/rosidl_typesupport_c/ur_dashboard_msgs/srv/download_program__type_support.cpp.o[0m
[5.387s] [ 25%] [32mBuilding CXX object CMakeFiles/ur_dashboard_msgs__rosidl_typesupport_c.dir/rosidl_typesupport_c/ur_dashboard_msgs/srv/download_support_file__type_support.cpp.o[0m
[5.440s] [ 26%] [32mBuilding CXX object CMakeFiles/ur_dashboard_msgs__rosidl_typesupport_c.dir/rosidl_typesupport_c/ur_dashboard_msgs/srv/get_loaded_program__type_support.cpp.o[0m
[5.484s] [ 26%] [32mBuilding CXX object CMakeFiles/ur_dashboard_msgs__rosidl_typesupport_c.dir/rosidl_typesupport_c/ur_dashboard_msgs/srv/get_programs__type_support.cpp.o[0m
[5.509s] [ 26%] [32mBuilding CXX object CMakeFiles/ur_dashboard_msgs__rosidl_typesupport_c.dir/rosidl_typesupport_c/ur_dashboard_msgs/srv/get_program_state__type_support.cpp.o[0m
[5.545s] [ 27%] [32mBuilding CXX object CMakeFiles/ur_dashboard_msgs__rosidl_typesupport_c.dir/rosidl_typesupport_c/ur_dashboard_msgs/srv/get_robot_mode__type_support.cpp.o[0m
[5.560s] [ 27%] [32mBuilding CXX object CMakeFiles/ur_dashboard_msgs__rosidl_typesupport_introspection_cpp.dir/rosidl_typesupport_introspection_cpp/ur_dashboard_msgs/srv/detail/get_program_state__type_support.cpp.o[0m
[5.589s] [ 27%] [32mBuilding CXX object CMakeFiles/ur_dashboard_msgs__rosidl_typesupport_c.dir/rosidl_typesupport_c/ur_dashboard_msgs/srv/get_safety_mode__type_support.cpp.o[0m
[5.596s] [ 27%] [32mBuilding CXX object CMakeFiles/ur_dashboard_msgs__rosidl_typesupport_introspection_cpp.dir/rosidl_typesupport_introspection_cpp/ur_dashboard_msgs/srv/detail/get_robot_mode__type_support.cpp.o[0m
[5.623s] [ 28%] [32mBuilding CXX object CMakeFiles/ur_dashboard_msgs__rosidl_typesupport_introspection_cpp.dir/rosidl_typesupport_introspection_cpp/ur_dashboard_msgs/srv/detail/get_safety_mode__type_support.cpp.o[0m
[5.625s] [ 28%] [32mBuilding CXX object CMakeFiles/ur_dashboard_msgs__rosidl_typesupport_c.dir/rosidl_typesupport_c/ur_dashboard_msgs/srv/is_program_running__type_support.cpp.o[0m
[5.631s] [ 28%] [32mBuilding CXX object CMakeFiles/ur_dashboard_msgs__rosidl_typesupport_cpp.dir/rosidl_typesupport_cpp/ur_dashboard_msgs/msg/robot_mode__type_support.cpp.o[0m
[5.665s] [ 29%] [32mBuilding CXX object CMakeFiles/ur_dashboard_msgs__rosidl_typesupport_c.dir/rosidl_typesupport_c/ur_dashboard_msgs/srv/is_program_saved__type_support.cpp.o[0m
[5.669s] [ 29%] [32mBuilding CXX object CMakeFiles/ur_dashboard_msgs__rosidl_typesupport_c.dir/rosidl_typesupport_c/ur_dashboard_msgs/srv/load__type_support.cpp.o[0m
[5.705s] [ 30%] [32mBuilding CXX object CMakeFiles/ur_dashboard_msgs__rosidl_typesupport_cpp.dir/rosidl_typesupport_cpp/ur_dashboard_msgs/msg/safety_mode__type_support.cpp.o[0m
[5.716s] [ 30%] [32mBuilding CXX object CMakeFiles/ur_dashboard_msgs__rosidl_typesupport_c.dir/rosidl_typesupport_c/ur_dashboard_msgs/srv/popup__type_support.cpp.o[0m
[5.724s] [ 30%] [32mBuilding CXX object CMakeFiles/ur_dashboard_msgs__rosidl_typesupport_cpp.dir/rosidl_typesupport_cpp/ur_dashboard_msgs/msg/operational_mode__type_support.cpp.o[0m
[5.739s] [ 30%] [32mBuilding CXX object CMakeFiles/ur_dashboard_msgs__rosidl_typesupport_cpp.dir/rosidl_typesupport_cpp/ur_dashboard_msgs/msg/user_role__type_support.cpp.o[0m
[5.752s] [ 31%] [32mBuilding CXX object CMakeFiles/ur_dashboard_msgs__rosidl_typesupport_cpp.dir/rosidl_typesupport_cpp/ur_dashboard_msgs/msg/version_information__type_support.cpp.o[0m
[5.756s] [ 32%] [32mBuilding CXX object CMakeFiles/ur_dashboard_msgs__rosidl_typesupport_c.dir/rosidl_typesupport_c/ur_dashboard_msgs/srv/raw_request__type_support.cpp.o[0m
[5.800s] [ 32%] [32mBuilding CXX object CMakeFiles/ur_dashboard_msgs__rosidl_typesupport_c.dir/rosidl_typesupport_c/ur_dashboard_msgs/srv/is_in_remote_control__type_support.cpp.o[0m
[5.848s] [ 32%] [32mBuilding CXX object CMakeFiles/ur_dashboard_msgs__rosidl_typesupport_c.dir/rosidl_typesupport_c/ur_dashboard_msgs/srv/upload_program__type_support.cpp.o[0m
[5.911s] [ 33%] [32mBuilding CXX object CMakeFiles/ur_dashboard_msgs__rosidl_typesupport_c.dir/rosidl_typesupport_c/ur_dashboard_msgs/srv/get_poly_scope_version__type_support.cpp.o[0m
[5.917s] [ 34%] [32mBuilding CXX object CMakeFiles/ur_dashboard_msgs__rosidl_typesupport_fastrtps_cpp.dir/rosidl_typesupport_fastrtps_cpp/ur_dashboard_msgs/msg/detail/dds_fastrtps/program_information__type_support.cpp.o[0m
[5.948s] [ 34%] [32mBuilding CXX object CMakeFiles/ur_dashboard_msgs__rosidl_typesupport_c.dir/rosidl_typesupport_c/ur_dashboard_msgs/srv/get_serial_number__type_support.cpp.o[0m
[5.956s] [ 34%] [32mBuilding CXX object CMakeFiles/ur_dashboard_msgs__rosidl_typesupport_introspection_cpp.dir/rosidl_typesupport_introspection_cpp/ur_dashboard_msgs/srv/detail/is_program_running__type_support.cpp.o[0m
[5.987s] [ 34%] [32mBuilding CXX object CMakeFiles/ur_dashboard_msgs__rosidl_typesupport_c.dir/rosidl_typesupport_c/ur_dashboard_msgs/srv/get_user_role__type_support.cpp.o[0m
[5.989s] [ 34%] [32mBuilding CXX object CMakeFiles/ur_dashboard_msgs__rosidl_typesupport_cpp.dir/rosidl_typesupport_cpp/ur_dashboard_msgs/msg/safety_status__type_support.cpp.o[0m
[6.022s] [ 35%] [32mBuilding CXX object CMakeFiles/ur_dashboard_msgs__rosidl_typesupport_c.dir/rosidl_typesupport_c/ur_dashboard_msgs/srv/set_user_role__type_support.cpp.o[0m
[6.028s] [ 35%] [32mBuilding CXX object CMakeFiles/ur_dashboard_msgs__rosidl_typesupport_introspection_cpp.dir/rosidl_typesupport_introspection_cpp/ur_dashboard_msgs/srv/detail/is_program_saved__type_support.cpp.o[0m
[6.037s] [ 35%] [32mBuilding CXX object CMakeFiles/ur_dashboard_msgs__rosidl_typesupport_fastrtps_cpp.dir/rosidl_typesupport_fastrtps_cpp/ur_dashboard_msgs/msg/detail/dds_fastrtps/program_state__type_support.cpp.o[0m
[6.045s] [ 35%] [32mBuilding CXX object CMakeFiles/ur_dashboard_msgs__rosidl_typesupport_fastrtps_cpp.dir/rosidl_typesupport_fastrtps_cpp/ur_dashboard_msgs/msg/detail/dds_fastrtps/robot_mode__type_support.cpp.o[0m
[6.056s] [ 35%] [32mBuilding CXX object CMakeFiles/ur_dashboard_msgs__rosidl_typesupport_c.dir/rosidl_typesupport_c/ur_dashboard_msgs/srv/set_operational_mode__type_support.cpp.o[0m
[6.089s] [ 36%] [32mBuilding CXX object CMakeFiles/ur_dashboard_msgs__rosidl_typesupport_fastrtps_cpp.dir/rosidl_typesupport_fastrtps_cpp/ur_dashboard_msgs/msg/detail/dds_fastrtps/safety_mode__type_support.cpp.o[0m
[6.096s] [ 36%] [32mBuilding CXX object CMakeFiles/ur_dashboard_msgs__rosidl_typesupport_c.dir/rosidl_typesupport_c/ur_dashboard_msgs/srv/get_operational_mode__type_support.cpp.o[0m
[6.110s] [ 36%] [32mBuilding CXX object CMakeFiles/ur_dashboard_msgs__rosidl_typesupport_fastrtps_cpp.dir/rosidl_typesupport_fastrtps_cpp/ur_dashboard_msgs/msg/detail/dds_fastrtps/operational_mode__type_support.cpp.o[0m
[6.124s] [ 37%] [32mBuilding CXX object CMakeFiles/ur_dashboard_msgs__rosidl_typesupport_c.dir/rosidl_typesupport_c/ur_dashboard_msgs/srv/get_robot_model__type_support.cpp.o[0m
[6.134s] [ 37%] [32mBuilding CXX object CMakeFiles/ur_dashboard_msgs__rosidl_typesupport_cpp.dir/rosidl_typesupport_cpp/ur_dashboard_msgs/srv/add_to_log__type_support.cpp.o[0m
[6.161s] [ 37%] [32mBuilding CXX object CMakeFiles/ur_dashboard_msgs__rosidl_typesupport_c.dir/rosidl_typesupport_c/ur_dashboard_msgs/srv/get_safety_status__type_support.cpp.o[0m
[6.198s] [ 37%] [32mBuilding CXX object CMakeFiles/ur_dashboard_msgs__rosidl_typesupport_c.dir/rosidl_typesupport_c/ur_dashboard_msgs/srv/generate_flight_report__type_support.cpp.o[0m
[6.236s] [ 38%] [32mBuilding CXX object CMakeFiles/ur_dashboard_msgs__rosidl_typesupport_c.dir/rosidl_typesupport_c/ur_dashboard_msgs/srv/generate_support_file__type_support.cpp.o[0m
[6.260s] [ 39%] [32mBuilding CXX object CMakeFiles/ur_dashboard_msgs__rosidl_typesupport_introspection_cpp.dir/rosidl_typesupport_introspection_cpp/ur_dashboard_msgs/srv/detail/load__type_support.cpp.o[0m
[6.272s] [ 39%] [32mBuilding CXX object CMakeFiles/ur_dashboard_msgs__rosidl_typesupport_c.dir/rosidl_typesupport_c/ur_dashboard_msgs/action/set_mode__type_support.cpp.o[0m
[6.324s] [ 39%] [32m[1mLinking CXX shared library libur_dashboard_msgs__rosidl_typesupport_c.so[0m
[6.327s] [ 39%] [32mBuilding CXX object CMakeFiles/ur_dashboard_msgs__rosidl_typesupport_introspection_cpp.dir/rosidl_typesupport_introspection_cpp/ur_dashboard_msgs/srv/detail/popup__type_support.cpp.o[0m
[6.358s] [ 40%] [32mBuilding CXX object CMakeFiles/ur_dashboard_msgs__rosidl_typesupport_cpp.dir/rosidl_typesupport_cpp/ur_dashboard_msgs/srv/download_program__type_support.cpp.o[0m
[6.382s] [ 40%] Built target ur_dashboard_msgs__rosidl_typesupport_c
[6.397s] [ 40%] [32mBuilding CXX object CMakeFiles/ur_dashboard_msgs__rosidl_typesupport_fastrtps_cpp.dir/rosidl_typesupport_fastrtps_cpp/ur_dashboard_msgs/msg/detail/dds_fastrtps/user_role__type_support.cpp.o[0m
[6.405s] [ 40%] [32mBuilding CXX object CMakeFiles/ur_dashboard_msgs__rosidl_typesupport_cpp.dir/rosidl_typesupport_cpp/ur_dashboard_msgs/srv/download_support_file__type_support.cpp.o[0m
[6.415s] [ 40%] [32mBuilding CXX object CMakeFiles/ur_dashboard_msgs__rosidl_typesupport_cpp.dir/rosidl_typesupport_cpp/ur_dashboard_msgs/srv/get_loaded_program__type_support.cpp.o[0m
[6.419s] [ 40%] [32mBuilding CXX object CMakeFiles/ur_dashboard_msgs__rosidl_typesupport_fastrtps_c.dir/rosidl_typesupport_fastrtps_c/ur_dashboard_msgs/msg/detail/program_information__type_support_c.cpp.o[0m
[6.455s] [ 40%] [32mBuilding CXX object CMakeFiles/ur_dashboard_msgs__rosidl_typesupport_fastrtps_c.dir/rosidl_typesupport_fastrtps_c/ur_dashboard_msgs/msg/detail/program_state__type_support_c.cpp.o[0m
[6.492s] [ 41%] [32mBuilding CXX object CMakeFiles/ur_dashboard_msgs__rosidl_typesupport_cpp.dir/rosidl_typesupport_cpp/ur_dashboard_msgs/srv/get_programs__type_support.cpp.o[0m
[6.526s] [ 41%] [32mBuilding CXX object CMakeFiles/ur_dashboard_msgs__rosidl_typesupport_cpp.dir/rosidl_typesupport_cpp/ur_dashboard_msgs/srv/get_program_state__type_support.cpp.o[0m
[6.590s] [ 41%] [32mBuilding CXX object CMakeFiles/ur_dashboard_msgs__rosidl_typesupport_introspection_cpp.dir/rosidl_typesupport_introspection_cpp/ur_dashboard_msgs/srv/detail/raw_request__type_support.cpp.o[0m
[6.687s] [ 41%] [32mBuilding CXX object CMakeFiles/ur_dashboard_msgs__rosidl_typesupport_cpp.dir/rosidl_typesupport_cpp/ur_dashboard_msgs/srv/get_robot_mode__type_support.cpp.o[0m
[6.692s] [ 42%] [32mBuilding CXX object CMakeFiles/ur_dashboard_msgs__rosidl_typesupport_fastrtps_c.dir/rosidl_typesupport_fastrtps_c/ur_dashboard_msgs/msg/detail/robot_mode__type_support_c.cpp.o[0m
[6.701s] [ 43%] [32mBuilding CXX object CMakeFiles/ur_dashboard_msgs__rosidl_typesupport_introspection_cpp.dir/rosidl_typesupport_introspection_cpp/ur_dashboard_msgs/srv/detail/is_in_remote_control__type_support.cpp.o[0m
[6.727s] [ 44%] [32mBuilding CXX object CMakeFiles/ur_dashboard_msgs__rosidl_typesupport_cpp.dir/rosidl_typesupport_cpp/ur_dashboard_msgs/srv/get_safety_mode__type_support.cpp.o[0m
[6.751s] [ 45%] [32mBuilding CXX object CMakeFiles/ur_dashboard_msgs__rosidl_typesupport_fastrtps_cpp.dir/rosidl_typesupport_fastrtps_cpp/ur_dashboard_msgs/msg/detail/dds_fastrtps/version_information__type_support.cpp.o[0m
[6.777s] [ 45%] [32mBuilding CXX object CMakeFiles/ur_dashboard_msgs__rosidl_typesupport_cpp.dir/rosidl_typesupport_cpp/ur_dashboard_msgs/srv/is_program_running__type_support.cpp.o[0m
[6.793s] [ 45%] [32mBuilding CXX object CMakeFiles/ur_dashboard_msgs__rosidl_typesupport_introspection_cpp.dir/rosidl_typesupport_introspection_cpp/ur_dashboard_msgs/srv/detail/upload_program__type_support.cpp.o[0m
[6.803s] [ 45%] [32mBuilding CXX object CMakeFiles/ur_dashboard_msgs__rosidl_typesupport_cpp.dir/rosidl_typesupport_cpp/ur_dashboard_msgs/srv/is_program_saved__type_support.cpp.o[0m
[6.803s] [ 45%] [32mBuilding CXX object CMakeFiles/ur_dashboard_msgs__rosidl_typesupport_fastrtps_c.dir/rosidl_typesupport_fastrtps_c/ur_dashboard_msgs/msg/detail/safety_mode__type_support_c.cpp.o[0m
[6.829s] [ 46%] [32mBuilding CXX object CMakeFiles/ur_dashboard_msgs__rosidl_typesupport_cpp.dir/rosidl_typesupport_cpp/ur_dashboard_msgs/srv/load__type_support.cpp.o[0m
[6.948s] [ 46%] [32mBuilding CXX object CMakeFiles/ur_dashboard_msgs__rosidl_typesupport_fastrtps_c.dir/rosidl_typesupport_fastrtps_c/ur_dashboard_msgs/msg/detail/operational_mode__type_support_c.cpp.o[0m
[7.001s] [ 46%] [32mBuilding C object CMakeFiles/ur_dashboard_msgs__rosidl_typesupport_introspection_c.dir/rosidl_typesupport_introspection_c/ur_dashboard_msgs/msg/detail/program_information__type_support.c.o[0m
[7.040s] [ 46%] [32mBuilding C object CMakeFiles/ur_dashboard_msgs__rosidl_typesupport_introspection_c.dir/rosidl_typesupport_introspection_c/ur_dashboard_msgs/msg/detail/program_state__type_support.c.o[0m
[7.041s] [ 46%] [32mBuilding CXX object CMakeFiles/ur_dashboard_msgs__rosidl_typesupport_fastrtps_cpp.dir/rosidl_typesupport_fastrtps_cpp/ur_dashboard_msgs/msg/detail/dds_fastrtps/safety_status__type_support.cpp.o[0m
[7.045s] [ 47%] [32mBuilding CXX object CMakeFiles/ur_dashboard_msgs__rosidl_typesupport_fastrtps_c.dir/rosidl_typesupport_fastrtps_c/ur_dashboard_msgs/msg/detail/user_role__type_support_c.cpp.o[0m
[7.071s] [ 47%] [32mBuilding CXX object CMakeFiles/ur_dashboard_msgs__rosidl_typesupport_introspection_cpp.dir/rosidl_typesupport_introspection_cpp/ur_dashboard_msgs/srv/detail/get_poly_scope_version__type_support.cpp.o[0m
[7.076s] [ 48%] [32mBuilding C object CMakeFiles/ur_dashboard_msgs__rosidl_typesupport_introspection_c.dir/rosidl_typesupport_introspection_c/ur_dashboard_msgs/msg/detail/robot_mode__type_support.c.o[0m
[7.102s] [ 49%] [32mBuilding CXX object CMakeFiles/ur_dashboard_msgs__rosidl_typesupport_introspection_cpp.dir/rosidl_typesupport_introspection_cpp/ur_dashboard_msgs/srv/detail/get_serial_number__type_support.cpp.o[0m
[7.113s] [ 49%] [32mBuilding C object CMakeFiles/ur_dashboard_msgs__rosidl_typesupport_introspection_c.dir/rosidl_typesupport_introspection_c/ur_dashboard_msgs/msg/detail/safety_mode__type_support.c.o[0m
[7.122s] [ 49%] [32mBuilding CXX object CMakeFiles/ur_dashboard_msgs__rosidl_typesupport_fastrtps_c.dir/rosidl_typesupport_fastrtps_c/ur_dashboard_msgs/msg/detail/version_information__type_support_c.cpp.o[0m
[7.128s] [ 49%] [32mBuilding CXX object CMakeFiles/ur_dashboard_msgs__rosidl_typesupport_cpp.dir/rosidl_typesupport_cpp/ur_dashboard_msgs/srv/popup__type_support.cpp.o[0m
[7.148s] [ 49%] [32mBuilding C object CMakeFiles/ur_dashboard_msgs__rosidl_typesupport_introspection_c.dir/rosidl_typesupport_introspection_c/ur_dashboard_msgs/msg/detail/operational_mode__type_support.c.o[0m
[7.161s] [ 49%] [32mBuilding CXX object CMakeFiles/ur_dashboard_msgs__rosidl_typesupport_fastrtps_cpp.dir/rosidl_typesupport_fastrtps_cpp/ur_dashboard_msgs/srv/detail/dds_fastrtps/add_to_log__type_support.cpp.o[0m
[7.184s] [ 49%] [32mBuilding CXX object CMakeFiles/ur_dashboard_msgs__rosidl_typesupport_cpp.dir/rosidl_typesupport_cpp/ur_dashboard_msgs/srv/raw_request__type_support.cpp.o[0m
[7.185s] [ 50%] [32mBuilding C object CMakeFiles/ur_dashboard_msgs__rosidl_typesupport_introspection_c.dir/rosidl_typesupport_introspection_c/ur_dashboard_msgs/msg/detail/user_role__type_support.c.o[0m
[7.222s] [ 50%] [32mBuilding C object CMakeFiles/ur_dashboard_msgs__rosidl_typesupport_introspection_c.dir/rosidl_typesupport_introspection_c/ur_dashboard_msgs/msg/detail/version_information__type_support.c.o[0m
[7.247s] [ 50%] [32mBuilding CXX object CMakeFiles/ur_dashboard_msgs__rosidl_typesupport_introspection_cpp.dir/rosidl_typesupport_introspection_cpp/ur_dashboard_msgs/srv/detail/get_user_role__type_support.cpp.o[0m
[7.253s] [ 51%] [32mBuilding CXX object CMakeFiles/ur_dashboard_msgs__rosidl_typesupport_fastrtps_cpp.dir/rosidl_typesupport_fastrtps_cpp/ur_dashboard_msgs/srv/detail/dds_fastrtps/download_program__type_support.cpp.o[0m
[7.260s] [ 51%] [32mBuilding C object CMakeFiles/ur_dashboard_msgs__rosidl_typesupport_introspection_c.dir/rosidl_typesupport_introspection_c/ur_dashboard_msgs/msg/detail/safety_status__type_support.c.o[0m
[7.272s] [ 52%] [32mBuilding CXX object CMakeFiles/ur_dashboard_msgs__rosidl_typesupport_cpp.dir/rosidl_typesupport_cpp/ur_dashboard_msgs/srv/is_in_remote_control__type_support.cpp.o[0m
[7.291s] [ 53%] [32mBuilding C object CMakeFiles/ur_dashboard_msgs__rosidl_typesupport_introspection_c.dir/rosidl_typesupport_introspection_c/ur_dashboard_msgs/srv/detail/add_to_log__type_support.c.o[0m
[7.333s] [ 53%] [32mBuilding C object CMakeFiles/ur_dashboard_msgs__rosidl_typesupport_introspection_c.dir/rosidl_typesupport_introspection_c/ur_dashboard_msgs/srv/detail/download_program__type_support.c.o[0m
[7.370s] [ 53%] [32mBuilding C object CMakeFiles/ur_dashboard_msgs__rosidl_typesupport_introspection_c.dir/rosidl_typesupport_introspection_c/ur_dashboard_msgs/srv/detail/download_support_file__type_support.c.o[0m
[7.409s] [ 54%] [32mBuilding C object CMakeFiles/ur_dashboard_msgs__rosidl_typesupport_introspection_c.dir/rosidl_typesupport_introspection_c/ur_dashboard_msgs/srv/detail/get_loaded_program__type_support.c.o[0m
[7.430s] [ 54%] [32mBuilding CXX object CMakeFiles/ur_dashboard_msgs__rosidl_typesupport_introspection_cpp.dir/rosidl_typesupport_introspection_cpp/ur_dashboard_msgs/srv/detail/set_user_role__type_support.cpp.o[0m
[7.446s] [ 54%] [32mBuilding CXX object CMakeFiles/ur_dashboard_msgs__rosidl_typesupport_cpp.dir/rosidl_typesupport_cpp/ur_dashboard_msgs/srv/upload_program__type_support.cpp.o[0m
[7.446s] [ 54%] [32mBuilding C object CMakeFiles/ur_dashboard_msgs__rosidl_typesupport_introspection_c.dir/rosidl_typesupport_introspection_c/ur_dashboard_msgs/srv/detail/get_programs__type_support.c.o[0m
[7.447s] [ 54%] [32mBuilding CXX object CMakeFiles/ur_dashboard_msgs__rosidl_typesupport_cpp.dir/rosidl_typesupport_cpp/ur_dashboard_msgs/srv/get_poly_scope_version__type_support.cpp.o[0m
[7.463s] [ 55%] [32mBuilding CXX object CMakeFiles/ur_dashboard_msgs__rosidl_typesupport_cpp.dir/rosidl_typesupport_cpp/ur_dashboard_msgs/srv/get_serial_number__type_support.cpp.o[0m
[7.477s] [ 55%] [32mBuilding CXX object CMakeFiles/ur_dashboard_msgs__rosidl_typesupport_fastrtps_c.dir/rosidl_typesupport_fastrtps_c/ur_dashboard_msgs/msg/detail/safety_status__type_support_c.cpp.o[0m
[7.487s] [ 55%] [32mBuilding CXX object CMakeFiles/ur_dashboard_msgs__rosidl_typesupport_fastrtps_cpp.dir/rosidl_typesupport_fastrtps_cpp/ur_dashboard_msgs/srv/detail/dds_fastrtps/download_support_file__type_support.cpp.o[0m
[7.487s] [ 55%] [32mBuilding C object CMakeFiles/ur_dashboard_msgs__rosidl_typesupport_introspection_c.dir/rosidl_typesupport_introspection_c/ur_dashboard_msgs/srv/detail/get_program_state__type_support.c.o[0m
[7.527s] [ 56%] [32mBuilding C object CMakeFiles/ur_dashboard_msgs__rosidl_typesupport_introspection_c.dir/rosidl_typesupport_introspection_c/ur_dashboard_msgs/srv/detail/get_robot_mode__type_support.c.o[0m
[7.547s] [ 57%] [32mBuilding CXX object CMakeFiles/ur_dashboard_msgs__rosidl_typesupport_introspection_cpp.dir/rosidl_typesupport_introspection_cpp/ur_dashboard_msgs/srv/detail/set_operational_mode__type_support.cpp.o[0m
[7.570s] [ 57%] [32mBuilding C object CMakeFiles/ur_dashboard_msgs__rosidl_typesupport_introspection_c.dir/rosidl_typesupport_introspection_c/ur_dashboard_msgs/srv/detail/get_safety_mode__type_support.c.o[0m
[7.610s] [ 57%] [32mBuilding C object CMakeFiles/ur_dashboard_msgs__rosidl_typesupport_introspection_c.dir/rosidl_typesupport_introspection_c/ur_dashboard_msgs/srv/detail/is_program_running__type_support.c.o[0m
[7.614s] [ 57%] [32mBuilding CXX object CMakeFiles/ur_dashboard_msgs__rosidl_typesupport_cpp.dir/rosidl_typesupport_cpp/ur_dashboard_msgs/srv/get_user_role__type_support.cpp.o[0m
[7.649s] [ 58%] [32mBuilding C object CMakeFiles/ur_dashboard_msgs__rosidl_typesupport_introspection_c.dir/rosidl_typesupport_introspection_c/ur_dashboard_msgs/srv/detail/is_program_saved__type_support.c.o[0m
[7.662s] [ 58%] [32mBuilding CXX object CMakeFiles/ur_dashboard_msgs__rosidl_typesupport_introspection_cpp.dir/rosidl_typesupport_introspection_cpp/ur_dashboard_msgs/srv/detail/get_operational_mode__type_support.cpp.o[0m
[7.669s] [ 59%] [32mBuilding CXX object CMakeFiles/ur_dashboard_msgs__rosidl_typesupport_fastrtps_c.dir/rosidl_typesupport_fastrtps_c/ur_dashboard_msgs/srv/detail/add_to_log__type_support_c.cpp.o[0m
[7.685s] [ 59%] [32mBuilding C object CMakeFiles/ur_dashboard_msgs__rosidl_typesupport_introspection_c.dir/rosidl_typesupport_introspection_c/ur_dashboard_msgs/srv/detail/load__type_support.c.o[0m
[7.723s] [ 59%] [32mBuilding C object CMakeFiles/ur_dashboard_msgs__rosidl_typesupport_introspection_c.dir/rosidl_typesupport_introspection_c/ur_dashboard_msgs/srv/detail/popup__type_support.c.o[0m
[7.723s] [ 59%] [32mBuilding CXX object CMakeFiles/ur_dashboard_msgs__rosidl_typesupport_fastrtps_cpp.dir/rosidl_typesupport_fastrtps_cpp/ur_dashboard_msgs/srv/detail/dds_fastrtps/get_loaded_program__type_support.cpp.o[0m
[7.739s] [ 59%] [32mBuilding CXX object CMakeFiles/ur_dashboard_msgs__rosidl_typesupport_cpp.dir/rosidl_typesupport_cpp/ur_dashboard_msgs/srv/set_user_role__type_support.cpp.o[0m
[7.755s] [ 59%] [32mBuilding CXX object CMakeFiles/ur_dashboard_msgs__rosidl_typesupport_fastrtps_c.dir/rosidl_typesupport_fastrtps_c/ur_dashboard_msgs/srv/detail/download_program__type_support_c.cpp.o[0m
[7.762s] [ 60%] [32mBuilding C object CMakeFiles/ur_dashboard_msgs__rosidl_typesupport_introspection_c.dir/rosidl_typesupport_introspection_c/ur_dashboard_msgs/srv/detail/raw_request__type_support.c.o[0m
[7.795s] [ 61%] [32mBuilding CXX object CMakeFiles/ur_dashboard_msgs__rosidl_typesupport_fastrtps_cpp.dir/rosidl_typesupport_fastrtps_cpp/ur_dashboard_msgs/srv/detail/dds_fastrtps/get_programs__type_support.cpp.o[0m
[7.802s] [ 61%] [32mBuilding C object CMakeFiles/ur_dashboard_msgs__rosidl_typesupport_introspection_c.dir/rosidl_typesupport_introspection_c/ur_dashboard_msgs/srv/detail/is_in_remote_control__type_support.c.o[0m
[7.822s] [ 62%] [32mBuilding CXX object CMakeFiles/ur_dashboard_msgs__rosidl_typesupport_cpp.dir/rosidl_typesupport_cpp/ur_dashboard_msgs/srv/set_operational_mode__type_support.cpp.o[0m
[7.840s] [ 62%] [32mBuilding C object CMakeFiles/ur_dashboard_msgs__rosidl_typesupport_introspection_c.dir/rosidl_typesupport_introspection_c/ur_dashboard_msgs/srv/detail/upload_program__type_support.c.o[0m
[7.844s] [ 62%] [32mBuilding CXX object CMakeFiles/ur_dashboard_msgs__rosidl_typesupport_fastrtps_cpp.dir/rosidl_typesupport_fastrtps_cpp/ur_dashboard_msgs/srv/detail/dds_fastrtps/get_program_state__type_support.cpp.o[0m
[7.879s] [ 63%] [32mBuilding C object CMakeFiles/ur_dashboard_msgs__rosidl_typesupport_introspection_c.dir/rosidl_typesupport_introspection_c/ur_dashboard_msgs/srv/detail/get_poly_scope_version__type_support.c.o[0m
[7.890s] [ 63%] [32mBuilding CXX object CMakeFiles/ur_dashboard_msgs__rosidl_typesupport_fastrtps_c.dir/rosidl_typesupport_fastrtps_c/ur_dashboard_msgs/srv/detail/download_support_file__type_support_c.cpp.o[0m
[7.921s] [ 63%] [32mBuilding C object CMakeFiles/ur_dashboard_msgs__rosidl_typesupport_introspection_c.dir/rosidl_typesupport_introspection_c/ur_dashboard_msgs/srv/detail/get_serial_number__type_support.c.o[0m
[7.958s] [ 63%] [32mBuilding C object CMakeFiles/ur_dashboard_msgs__rosidl_typesupport_introspection_c.dir/rosidl_typesupport_introspection_c/ur_dashboard_msgs/srv/detail/get_user_role__type_support.c.o[0m
[7.992s] [ 63%] [32mBuilding CXX object CMakeFiles/ur_dashboard_msgs__rosidl_typesupport_cpp.dir/rosidl_typesupport_cpp/ur_dashboard_msgs/srv/get_operational_mode__type_support.cpp.o[0m
[7.998s] [ 64%] [32mBuilding C object CMakeFiles/ur_dashboard_msgs__rosidl_typesupport_introspection_c.dir/rosidl_typesupport_introspection_c/ur_dashboard_msgs/srv/detail/set_user_role__type_support.c.o[0m
[8.000s] [ 64%] [32mBuilding CXX object CMakeFiles/ur_dashboard_msgs__rosidl_typesupport_cpp.dir/rosidl_typesupport_cpp/ur_dashboard_msgs/srv/get_robot_model__type_support.cpp.o[0m
[8.017s] [ 64%] [32mBuilding C object CMakeFiles/ur_dashboard_msgs__rosidl_typesupport_introspection_c.dir/rosidl_typesupport_introspection_c/ur_dashboard_msgs/srv/detail/set_operational_mode__type_support.c.o[0m
[8.030s] [ 64%] [32mBuilding CXX object CMakeFiles/ur_dashboard_msgs__rosidl_typesupport_fastrtps_cpp.dir/rosidl_typesupport_fastrtps_cpp/ur_dashboard_msgs/srv/detail/dds_fastrtps/get_robot_mode__type_support.cpp.o[0m
[8.036s] [ 65%] [32mBuilding CXX object CMakeFiles/ur_dashboard_msgs__rosidl_typesupport_fastrtps_cpp.dir/rosidl_typesupport_fastrtps_cpp/ur_dashboard_msgs/srv/detail/dds_fastrtps/get_safety_mode__type_support.cpp.o[0m
[8.047s] [ 65%] [32mBuilding CXX object CMakeFiles/ur_dashboard_msgs__rosidl_typesupport_introspection_cpp.dir/rosidl_typesupport_introspection_cpp/ur_dashboard_msgs/srv/detail/get_robot_model__type_support.cpp.o[0m
[8.057s] [ 65%] [32mBuilding C object CMakeFiles/ur_dashboard_msgs__rosidl_typesupport_introspection_c.dir/rosidl_typesupport_introspection_c/ur_dashboard_msgs/srv/detail/get_operational_mode__type_support.c.o[0m
[8.093s] [ 66%] [32mBuilding C object CMakeFiles/ur_dashboard_msgs__rosidl_typesupport_introspection_c.dir/rosidl_typesupport_introspection_c/ur_dashboard_msgs/srv/detail/get_robot_model__type_support.c.o[0m
[8.114s] [ 67%] [32mBuilding CXX object CMakeFiles/ur_dashboard_msgs__rosidl_typesupport_fastrtps_c.dir/rosidl_typesupport_fastrtps_c/ur_dashboard_msgs/srv/detail/get_loaded_program__type_support_c.cpp.o[0m
[8.134s] [ 67%] [32mBuilding C object CMakeFiles/ur_dashboard_msgs__rosidl_typesupport_introspection_c.dir/rosidl_typesupport_introspection_c/ur_dashboard_msgs/srv/detail/get_safety_status__type_support.c.o[0m
[8.137s] [ 68%] [32mBuilding CXX object CMakeFiles/ur_dashboard_msgs__rosidl_typesupport_cpp.dir/rosidl_typesupport_cpp/ur_dashboard_msgs/srv/get_safety_status__type_support.cpp.o[0m
[8.176s] [ 68%] [32mBuilding C object CMakeFiles/ur_dashboard_msgs__rosidl_typesupport_introspection_c.dir/rosidl_typesupport_introspection_c/ur_dashboard_msgs/srv/detail/generate_flight_report__type_support.c.o[0m
[8.203s] [ 68%] [32mBuilding CXX object CMakeFiles/ur_dashboard_msgs__rosidl_typesupport_fastrtps_cpp.dir/rosidl_typesupport_fastrtps_cpp/ur_dashboard_msgs/srv/detail/dds_fastrtps/is_program_running__type_support.cpp.o[0m
[8.213s] [ 69%] [32mBuilding C object CMakeFiles/ur_dashboard_msgs__rosidl_typesupport_introspection_c.dir/rosidl_typesupport_introspection_c/ur_dashboard_msgs/srv/detail/generate_support_file__type_support.c.o[0m
[8.254s] [ 69%] [32mBuilding C object CMakeFiles/ur_dashboard_msgs__rosidl_typesupport_introspection_c.dir/rosidl_typesupport_introspection_c/ur_dashboard_msgs/action/detail/set_mode__type_support.c.o[0m
[8.269s] [ 70%] [32mBuilding CXX object CMakeFiles/ur_dashboard_msgs__rosidl_typesupport_introspection_cpp.dir/rosidl_typesupport_introspection_cpp/ur_dashboard_msgs/srv/detail/get_safety_status__type_support.cpp.o[0m
[8.273s] [ 70%] [32mBuilding CXX object CMakeFiles/ur_dashboard_msgs__rosidl_typesupport_cpp.dir/rosidl_typesupport_cpp/ur_dashboard_msgs/srv/generate_flight_report__type_support.cpp.o[0m
[8.281s] [ 70%] [32mBuilding CXX object CMakeFiles/ur_dashboard_msgs__rosidl_typesupport_fastrtps_c.dir/rosidl_typesupport_fastrtps_c/ur_dashboard_msgs/srv/detail/get_programs__type_support_c.cpp.o[0m
[8.309s] [ 70%] [32m[1mLinking C shared library libur_dashboard_msgs__rosidl_typesupport_introspection_c.so[0m
[8.317s] [ 70%] [32mBuilding CXX object CMakeFiles/ur_dashboard_msgs__rosidl_typesupport_introspection_cpp.dir/rosidl_typesupport_introspection_cpp/ur_dashboard_msgs/srv/detail/generate_flight_report__type_support.cpp.o[0m
[8.356s] [ 70%] Built target ur_dashboard_msgs__rosidl_typesupport_introspection_c
[8.364s] [ 70%] [32mBuilding CXX object CMakeFiles/ur_dashboard_msgs__rosidl_typesupport_introspection_cpp.dir/rosidl_typesupport_introspection_cpp/ur_dashboard_msgs/srv/detail/generate_support_file__type_support.cpp.o[0m
[8.378s] [ 71%] [32mBuilding CXX object CMakeFiles/ur_dashboard_msgs__rosidl_typesupport_introspection_cpp.dir/rosidl_typesupport_introspection_cpp/ur_dashboard_msgs/action/detail/set_mode__type_support.cpp.o[0m
[8.413s] [ 71%] [32mBuilding CXX object CMakeFiles/ur_dashboard_msgs__rosidl_typesupport_fastrtps_c.dir/rosidl_typesupport_fastrtps_c/ur_dashboard_msgs/srv/detail/get_program_state__type_support_c.cpp.o[0m
[8.441s] [ 72%] [32mBuilding CXX object CMakeFiles/ur_dashboard_msgs__rosidl_typesupport_fastrtps_c.dir/rosidl_typesupport_fastrtps_c/ur_dashboard_msgs/srv/detail/get_robot_mode__type_support_c.cpp.o[0m
[8.469s] [ 72%] [32mBuilding CXX object CMakeFiles/ur_dashboard_msgs__rosidl_typesupport_fastrtps_c.dir/rosidl_typesupport_fastrtps_c/ur_dashboard_msgs/srv/detail/get_safety_mode__type_support_c.cpp.o[0m
[8.478s] [ 72%] [32mBuilding CXX object CMakeFiles/ur_dashboard_msgs__rosidl_typesupport_cpp.dir/rosidl_typesupport_cpp/ur_dashboard_msgs/srv/generate_support_file__type_support.cpp.o[0m
[8.518s] [ 72%] [32mBuilding CXX object CMakeFiles/ur_dashboard_msgs__rosidl_typesupport_fastrtps_c.dir/rosidl_typesupport_fastrtps_c/ur_dashboard_msgs/srv/detail/is_program_running__type_support_c.cpp.o[0m
[8.550s] [ 73%] [32mBuilding CXX object CMakeFiles/ur_dashboard_msgs__rosidl_typesupport_fastrtps_c.dir/rosidl_typesupport_fastrtps_c/ur_dashboard_msgs/srv/detail/is_program_saved__type_support_c.cpp.o[0m
[8.654s] [ 73%] [32mBuilding CXX object CMakeFiles/ur_dashboard_msgs__rosidl_typesupport_fastrtps_cpp.dir/rosidl_typesupport_fastrtps_cpp/ur_dashboard_msgs/srv/detail/dds_fastrtps/is_program_saved__type_support.cpp.o[0m
[8.705s] [ 74%] [32mBuilding CXX object CMakeFiles/ur_dashboard_msgs__rosidl_typesupport_fastrtps_cpp.dir/rosidl_typesupport_fastrtps_cpp/ur_dashboard_msgs/srv/detail/dds_fastrtps/load__type_support.cpp.o[0m
[8.721s] [ 74%] [32mBuilding CXX object CMakeFiles/ur_dashboard_msgs__rosidl_typesupport_fastrtps_c.dir/rosidl_typesupport_fastrtps_c/ur_dashboard_msgs/srv/detail/load__type_support_c.cpp.o[0m
[8.758s] [ 75%] [32mBuilding CXX object CMakeFiles/ur_dashboard_msgs__rosidl_typesupport_cpp.dir/rosidl_typesupport_cpp/ur_dashboard_msgs/action/set_mode__type_support.cpp.o[0m
[8.765s] [ 75%] [32mBuilding CXX object CMakeFiles/ur_dashboard_msgs__rosidl_typesupport_fastrtps_c.dir/rosidl_typesupport_fastrtps_c/ur_dashboard_msgs/srv/detail/popup__type_support_c.cpp.o[0m
[8.810s] [ 76%] [32mBuilding CXX object CMakeFiles/ur_dashboard_msgs__rosidl_typesupport_fastrtps_c.dir/rosidl_typesupport_fastrtps_c/ur_dashboard_msgs/srv/detail/raw_request__type_support_c.cpp.o[0m
[8.833s] [ 76%] [32mBuilding CXX object CMakeFiles/ur_dashboard_msgs__rosidl_typesupport_fastrtps_cpp.dir/rosidl_typesupport_fastrtps_cpp/ur_dashboard_msgs/srv/detail/dds_fastrtps/popup__type_support.cpp.o[0m
[8.836s] [ 76%] [32mBuilding CXX object CMakeFiles/ur_dashboard_msgs__rosidl_typesupport_fastrtps_cpp.dir/rosidl_typesupport_fastrtps_cpp/ur_dashboard_msgs/srv/detail/dds_fastrtps/raw_request__type_support.cpp.o[0m
[8.868s] [ 77%] [32mBuilding CXX object CMakeFiles/ur_dashboard_msgs__rosidl_typesupport_fastrtps_cpp.dir/rosidl_typesupport_fastrtps_cpp/ur_dashboard_msgs/srv/detail/dds_fastrtps/is_in_remote_control__type_support.cpp.o[0m
[8.871s] [ 77%] [32mBuilding CXX object CMakeFiles/ur_dashboard_msgs__rosidl_typesupport_fastrtps_cpp.dir/rosidl_typesupport_fastrtps_cpp/ur_dashboard_msgs/srv/detail/dds_fastrtps/upload_program__type_support.cpp.o[0m
[8.914s] [ 77%] [32mBuilding CXX object CMakeFiles/ur_dashboard_msgs__rosidl_typesupport_fastrtps_cpp.dir/rosidl_typesupport_fastrtps_cpp/ur_dashboard_msgs/srv/detail/dds_fastrtps/get_poly_scope_version__type_support.cpp.o[0m
[9.066s] [ 78%] [32mBuilding CXX object CMakeFiles/ur_dashboard_msgs__rosidl_typesupport_fastrtps_cpp.dir/rosidl_typesupport_fastrtps_cpp/ur_dashboard_msgs/srv/detail/dds_fastrtps/get_serial_number__type_support.cpp.o[0m
[9.082s] [ 78%] [32mBuilding CXX object CMakeFiles/ur_dashboard_msgs__rosidl_typesupport_fastrtps_c.dir/rosidl_typesupport_fastrtps_c/ur_dashboard_msgs/srv/detail/is_in_remote_control__type_support_c.cpp.o[0m
[9.117s] [ 78%] [32mBuilding CXX object CMakeFiles/ur_dashboard_msgs__rosidl_typesupport_fastrtps_c.dir/rosidl_typesupport_fastrtps_c/ur_dashboard_msgs/srv/detail/upload_program__type_support_c.cpp.o[0m
[9.127s] [ 78%] [32mBuilding CXX object CMakeFiles/ur_dashboard_msgs__rosidl_typesupport_fastrtps_cpp.dir/rosidl_typesupport_fastrtps_cpp/ur_dashboard_msgs/srv/detail/dds_fastrtps/get_user_role__type_support.cpp.o[0m
[9.157s] [ 78%] [32m[1mLinking CXX shared library libur_dashboard_msgs__rosidl_typesupport_introspection_cpp.so[0m
[9.238s] [ 78%] [32mBuilding CXX object CMakeFiles/ur_dashboard_msgs__rosidl_typesupport_fastrtps_cpp.dir/rosidl_typesupport_fastrtps_cpp/ur_dashboard_msgs/srv/detail/dds_fastrtps/set_user_role__type_support.cpp.o[0m
[9.253s] [ 78%] [32m[1mLinking CXX shared library libur_dashboard_msgs__rosidl_typesupport_cpp.so[0m
[9.265s] [ 79%] [32mBuilding CXX object CMakeFiles/ur_dashboard_msgs__rosidl_typesupport_fastrtps_cpp.dir/rosidl_typesupport_fastrtps_cpp/ur_dashboard_msgs/srv/detail/dds_fastrtps/set_operational_mode__type_support.cpp.o[0m
[9.269s] [ 79%] Built target ur_dashboard_msgs__rosidl_typesupport_introspection_cpp
[9.274s] [ 80%] [32mBuilding CXX object CMakeFiles/ur_dashboard_msgs__rosidl_typesupport_fastrtps_c.dir/rosidl_typesupport_fastrtps_c/ur_dashboard_msgs/srv/detail/get_poly_scope_version__type_support_c.cpp.o[0m
[9.281s] [ 80%] [32mBuilding CXX object CMakeFiles/ur_dashboard_msgs__rosidl_typesupport_fastrtps_c.dir/rosidl_typesupport_fastrtps_c/ur_dashboard_msgs/srv/detail/get_serial_number__type_support_c.cpp.o[0m
[9.307s] [ 80%] Built target ur_dashboard_msgs__rosidl_typesupport_cpp
[9.315s] [ 80%] [32mBuilding CXX object CMakeFiles/ur_dashboard_msgs__rosidl_typesupport_fastrtps_c.dir/rosidl_typesupport_fastrtps_c/ur_dashboard_msgs/srv/detail/get_user_role__type_support_c.cpp.o[0m
[9.363s] [ 81%] [32mBuilding CXX object CMakeFiles/ur_dashboard_msgs__rosidl_typesupport_fastrtps_c.dir/rosidl_typesupport_fastrtps_c/ur_dashboard_msgs/srv/detail/set_user_role__type_support_c.cpp.o[0m
[9.374s] [ 81%] [32mBuilding CXX object CMakeFiles/ur_dashboard_msgs__rosidl_typesupport_fastrtps_c.dir/rosidl_typesupport_fastrtps_c/ur_dashboard_msgs/srv/detail/set_operational_mode__type_support_c.cpp.o[0m
[9.378s] [ 81%] [32mBuilding CXX object CMakeFiles/ur_dashboard_msgs__rosidl_typesupport_fastrtps_c.dir/rosidl_typesupport_fastrtps_c/ur_dashboard_msgs/srv/detail/get_operational_mode__type_support_c.cpp.o[0m
[9.446s] [ 81%] [32mBuilding CXX object CMakeFiles/ur_dashboard_msgs__rosidl_typesupport_fastrtps_cpp.dir/rosidl_typesupport_fastrtps_cpp/ur_dashboard_msgs/srv/detail/dds_fastrtps/get_operational_mode__type_support.cpp.o[0m
[9.468s] [ 81%] [32mBuilding CXX object CMakeFiles/ur_dashboard_msgs__rosidl_typesupport_fastrtps_cpp.dir/rosidl_typesupport_fastrtps_cpp/ur_dashboard_msgs/srv/detail/dds_fastrtps/get_robot_model__type_support.cpp.o[0m
[9.487s] [ 82%] [32mBuilding CXX object CMakeFiles/ur_dashboard_msgs__rosidl_typesupport_fastrtps_c.dir/rosidl_typesupport_fastrtps_c/ur_dashboard_msgs/srv/detail/get_robot_model__type_support_c.cpp.o[0m
[9.561s] [ 82%] [32mBuilding CXX object CMakeFiles/ur_dashboard_msgs__rosidl_typesupport_fastrtps_c.dir/rosidl_typesupport_fastrtps_c/ur_dashboard_msgs/srv/detail/get_safety_status__type_support_c.cpp.o[0m
[9.643s] [ 83%] [32mBuilding CXX object CMakeFiles/ur_dashboard_msgs__rosidl_typesupport_fastrtps_cpp.dir/rosidl_typesupport_fastrtps_cpp/ur_dashboard_msgs/srv/detail/dds_fastrtps/get_safety_status__type_support.cpp.o[0m
[9.674s] [ 83%] [32mBuilding CXX object CMakeFiles/ur_dashboard_msgs__rosidl_typesupport_fastrtps_cpp.dir/rosidl_typesupport_fastrtps_cpp/ur_dashboard_msgs/srv/detail/dds_fastrtps/generate_flight_report__type_support.cpp.o[0m
[9.690s] [ 83%] [32mBuilding CXX object CMakeFiles/ur_dashboard_msgs__rosidl_typesupport_fastrtps_cpp.dir/rosidl_typesupport_fastrtps_cpp/ur_dashboard_msgs/srv/detail/dds_fastrtps/generate_support_file__type_support.cpp.o[0m
[9.707s] [ 84%] [32mBuilding CXX object CMakeFiles/ur_dashboard_msgs__rosidl_typesupport_fastrtps_cpp.dir/rosidl_typesupport_fastrtps_cpp/ur_dashboard_msgs/action/detail/dds_fastrtps/set_mode__type_support.cpp.o[0m
[9.732s] [ 84%] [32mBuilding CXX object CMakeFiles/ur_dashboard_msgs__rosidl_typesupport_fastrtps_c.dir/rosidl_typesupport_fastrtps_c/ur_dashboard_msgs/srv/detail/generate_flight_report__type_support_c.cpp.o[0m
[9.748s] [ 85%] [32mBuilding CXX object CMakeFiles/ur_dashboard_msgs__rosidl_typesupport_fastrtps_c.dir/rosidl_typesupport_fastrtps_c/ur_dashboard_msgs/srv/detail/generate_support_file__type_support_c.cpp.o[0m
[9.792s] [ 85%] [32mBuilding CXX object CMakeFiles/ur_dashboard_msgs__rosidl_typesupport_fastrtps_c.dir/rosidl_typesupport_fastrtps_c/ur_dashboard_msgs/action/detail/set_mode__type_support_c.cpp.o[0m
[10.119s] [ 85%] [32m[1mLinking CXX shared library libur_dashboard_msgs__rosidl_typesupport_fastrtps_cpp.so[0m
[10.122s] [ 85%] [32m[1mLinking CXX shared library libur_dashboard_msgs__rosidl_typesupport_fastrtps_c.so[0m
[10.179s] [ 85%] Built target ur_dashboard_msgs__rosidl_typesupport_fastrtps_cpp
[10.183s] [ 85%] Built target ur_dashboard_msgs__rosidl_typesupport_fastrtps_c
[10.198s] [ 85%] Built target ur_dashboard_msgs
[10.216s] [ 85%] [34m[1mGenerating Python code for ROS interfaces[0m
[13.158s] [ 85%] Built target ur_dashboard_msgs__py
[13.178s] [ 85%] [32mBuilding C object CMakeFiles/ur_dashboard_msgs__rosidl_generator_py.dir/rosidl_generator_py/ur_dashboard_msgs/msg/_program_state_s.c.o[0m
[13.178s] [ 86%] [32mBuilding C object CMakeFiles/ur_dashboard_msgs__rosidl_generator_py.dir/rosidl_generator_py/ur_dashboard_msgs/msg/_program_information_s.c.o[0m
[13.178s] [ 86%] [32mBuilding C object CMakeFiles/ur_dashboard_msgs__rosidl_generator_py.dir/rosidl_generator_py/ur_dashboard_msgs/msg/_robot_mode_s.c.o[0m
[13.179s] [ 86%] [32mBuilding C object CMakeFiles/ur_dashboard_msgs__rosidl_generator_py.dir/rosidl_generator_py/ur_dashboard_msgs/msg/_user_role_s.c.o[0m
[13.179s] [ 86%] [32mBuilding C object CMakeFiles/ur_dashboard_msgs__rosidl_generator_py.dir/rosidl_generator_py/ur_dashboard_msgs/msg/_safety_status_s.c.o[0m
[13.179s] [ 86%] [32mBuilding C object CMakeFiles/ur_dashboard_msgs__rosidl_generator_py.dir/rosidl_generator_py/ur_dashboard_msgs/srv/_add_to_log_s.c.o[0m
[13.180s] [ 87%] [32mBuilding C object CMakeFiles/ur_dashboard_msgs__rosidl_generator_py.dir/rosidl_generator_py/ur_dashboard_msgs/msg/_safety_mode_s.c.o[0m
[13.181s] [ 87%] [32mBuilding C object CMakeFiles/ur_dashboard_msgs__rosidl_generator_py.dir/rosidl_generator_py/ur_dashboard_msgs/msg/_operational_mode_s.c.o[0m
[13.181s] [ 88%] [32mBuilding C object CMakeFiles/ur_dashboard_msgs__rosidl_generator_py.dir/rosidl_generator_py/ur_dashboard_msgs/srv/_download_program_s.c.o[0m
[13.181s] [ 89%] [32mBuilding C object CMakeFiles/ur_dashboard_msgs__rosidl_generator_py.dir/rosidl_generator_py/ur_dashboard_msgs/msg/_version_information_s.c.o[0m
[13.181s] [ 89%] [32mBuilding C object CMakeFiles/ur_dashboard_msgs__rosidl_generator_py.dir/rosidl_generator_py/ur_dashboard_msgs/srv/_download_support_file_s.c.o[0m
[13.184s] [ 89%] [32mBuilding C object CMakeFiles/ur_dashboard_msgs__rosidl_generator_py.dir/rosidl_generator_py/ur_dashboard_msgs/srv/_get_loaded_program_s.c.o[0m
[13.281s] [ 90%] [32mBuilding C object CMakeFiles/ur_dashboard_msgs__rosidl_generator_py.dir/rosidl_generator_py/ur_dashboard_msgs/srv/_get_program_state_s.c.o[0m
[13.282s] [ 90%] [32mBuilding C object CMakeFiles/ur_dashboard_msgs__rosidl_generator_py.dir/rosidl_generator_py/ur_dashboard_msgs/srv/_get_programs_s.c.o[0m
[13.282s] [ 90%] [32mBuilding C object CMakeFiles/ur_dashboard_msgs__rosidl_generator_py.dir/rosidl_generator_py/ur_dashboard_msgs/srv/_get_robot_mode_s.c.o[0m
[13.288s] [ 90%] [32mBuilding C object CMakeFiles/ur_dashboard_msgs__rosidl_generator_py.dir/rosidl_generator_py/ur_dashboard_msgs/srv/_is_program_running_s.c.o[0m
[13.288s] [ 91%] [32mBuilding C object CMakeFiles/ur_dashboard_msgs__rosidl_generator_py.dir/rosidl_generator_py/ur_dashboard_msgs/srv/_load_s.c.o[0m
[13.288s] [ 92%] [32mBuilding C object CMakeFiles/ur_dashboard_msgs__rosidl_generator_py.dir/rosidl_generator_py/ur_dashboard_msgs/srv/_get_safety_mode_s.c.o[0m
[13.288s] [ 92%] [32mBuilding C object CMakeFiles/ur_dashboard_msgs__rosidl_generator_py.dir/rosidl_generator_py/ur_dashboard_msgs/srv/_is_program_saved_s.c.o[0m
[13.291s] [ 92%] [32mBuilding C object CMakeFiles/ur_dashboard_msgs__rosidl_generator_py.dir/rosidl_generator_py/ur_dashboard_msgs/srv/_raw_request_s.c.o[0m
[13.292s] [ 92%] [32mBuilding C object CMakeFiles/ur_dashboard_msgs__rosidl_generator_py.dir/rosidl_generator_py/ur_dashboard_msgs/srv/_popup_s.c.o[0m
[13.299s] [ 92%] [32mBuilding C object CMakeFiles/ur_dashboard_msgs__rosidl_generator_py.dir/rosidl_generator_py/ur_dashboard_msgs/srv/_upload_program_s.c.o[0m
[13.299s] [ 93%] [32mBuilding C object CMakeFiles/ur_dashboard_msgs__rosidl_generator_py.dir/rosidl_generator_py/ur_dashboard_msgs/srv/_is_in_remote_control_s.c.o[0m
[13.302s] [ 93%] [32mBuilding C object CMakeFiles/ur_dashboard_msgs__rosidl_generator_py.dir/rosidl_generator_py/ur_dashboard_msgs/srv/_get_poly_scope_version_s.c.o[0m
[13.399s] [ 94%] [32mBuilding C object CMakeFiles/ur_dashboard_msgs__rosidl_generator_py.dir/rosidl_generator_py/ur_dashboard_msgs/srv/_get_serial_number_s.c.o[0m
[13.403s] [ 95%] [32mBuilding C object CMakeFiles/ur_dashboard_msgs__rosidl_generator_py.dir/rosidl_generator_py/ur_dashboard_msgs/srv/_set_operational_mode_s.c.o[0m
[13.403s] [ 95%] [32mBuilding C object CMakeFiles/ur_dashboard_msgs__rosidl_generator_py.dir/rosidl_generator_py/ur_dashboard_msgs/srv/_get_user_role_s.c.o[0m
[13.407s] [ 95%] [32mBuilding C object CMakeFiles/ur_dashboard_msgs__rosidl_generator_py.dir/rosidl_generator_py/ur_dashboard_msgs/srv/_set_user_role_s.c.o[0m
[13.407s] [ 95%] [32mBuilding C object CMakeFiles/ur_dashboard_msgs__rosidl_generator_py.dir/rosidl_generator_py/ur_dashboard_msgs/srv/_get_operational_mode_s.c.o[0m
[13.408s] [ 96%] [32mBuilding C object CMakeFiles/ur_dashboard_msgs__rosidl_generator_py.dir/rosidl_generator_py/ur_dashboard_msgs/srv/_get_safety_status_s.c.o[0m
[13.409s] [ 96%] [32mBuilding C object CMakeFiles/ur_dashboard_msgs__rosidl_generator_py.dir/rosidl_generator_py/ur_dashboard_msgs/srv/_get_robot_model_s.c.o[0m
[13.410s] [ 96%] [32mBuilding C object CMakeFiles/ur_dashboard_msgs__rosidl_generator_py.dir/rosidl_generator_py/ur_dashboard_msgs/srv/_generate_flight_report_s.c.o[0m
[13.412s] [ 96%] [32mBuilding C object CMakeFiles/ur_dashboard_msgs__rosidl_generator_py.dir/rosidl_generator_py/ur_dashboard_msgs/srv/_generate_support_file_s.c.o[0m
[13.414s] [ 97%] [32mBuilding C object CMakeFiles/ur_dashboard_msgs__rosidl_generator_py.dir/rosidl_generator_py/ur_dashboard_msgs/action/_set_mode_s.c.o[0m
[13.550s] [ 97%] [32m[1mLinking C shared library rosidl_generator_py/ur_dashboard_msgs/libur_dashboard_msgs__rosidl_generator_py.so[0m
[13.587s] [ 97%] Built target ur_dashboard_msgs__rosidl_generator_py
[13.601s] [ 98%] [32mBuilding C object CMakeFiles/ur_dashboard_msgs__rosidl_typesupport_fastrtps_c__pyext.dir/rosidl_generator_py/ur_dashboard_msgs/_ur_dashboard_msgs_s.ep.rosidl_typesupport_fastrtps_c.c.o[0m
[13.603s] [ 99%] [32mBuilding C object CMakeFiles/ur_dashboard_msgs__rosidl_typesupport_c__pyext.dir/rosidl_generator_py/ur_dashboard_msgs/_ur_dashboard_msgs_s.ep.rosidl_typesupport_c.c.o[0m
[13.603s] [100%] [32mBuilding C object CMakeFiles/ur_dashboard_msgs__rosidl_typesupport_introspection_c__pyext.dir/rosidl_generator_py/ur_dashboard_msgs/_ur_dashboard_msgs_s.ep.rosidl_typesupport_introspection_c.c.o[0m
[13.779s] [100%] [32m[1mLinking C shared library rosidl_generator_py/ur_dashboard_msgs/ur_dashboard_msgs_s__rosidl_typesupport_fastrtps_c.cpython-310-x86_64-linux-gnu.so[0m
[13.793s] [100%] [32m[1mLinking C shared library rosidl_generator_py/ur_dashboard_msgs/ur_dashboard_msgs_s__rosidl_typesupport_c.cpython-310-x86_64-linux-gnu.so[0m
[13.793s] [100%] [32m[1mLinking C shared library rosidl_generator_py/ur_dashboard_msgs/ur_dashboard_msgs_s__rosidl_typesupport_introspection_c.cpython-310-x86_64-linux-gnu.so[0m
[13.816s] [100%] Built target ur_dashboard_msgs__rosidl_typesupport_fastrtps_c__pyext
[13.821s] [100%] Built target ur_dashboard_msgs__rosidl_typesupport_introspection_c__pyext
[13.822s] [100%] Built target ur_dashboard_msgs__rosidl_typesupport_c__pyext
[13.830s] Invoked command in '/home/huy/ur3_llm_ws/build/ur_dashboard_msgs' returned '0': CMAKE_PREFIX_PATH=${CMAKE_PREFIX_PATH}:/home/huy/install/turtlebot3_teleop:/home/huy/install/turtlebot3_navigation2:/home/huy/install/turtlebot3_example:/home/huy/install/turtlebot3_manipulation_gazebo:/home/huy/install/turtlebot3_description:/home/huy/install/turtlebot3_cartographer:/home/huy/install/openslam_gmapping:/opt/ros/humble PS1=${debian_chroot:+($debian_chroot)}\[\033[01;32m\]\u@\h\[\033[00m\]:\[\033[01;34m\]\w\[\033[00m\]\$ /usr/bin/cmake --build /home/huy/ur3_llm_ws/build/ur_dashboard_msgs -- -j12 -l12
[13.832s] Invoking command in '/home/huy/ur3_llm_ws/build/ur_dashboard_msgs': CMAKE_PREFIX_PATH=${CMAKE_PREFIX_PATH}:/home/huy/install/turtlebot3_teleop:/home/huy/install/turtlebot3_navigation2:/home/huy/install/turtlebot3_example:/home/huy/install/turtlebot3_manipulation_gazebo:/home/huy/install/turtlebot3_description:/home/huy/install/turtlebot3_cartographer:/home/huy/install/openslam_gmapping:/opt/ros/humble PS1=${debian_chroot:+($debian_chroot)}\[\033[01;32m\]\u@\h\[\033[00m\]:\[\033[01;34m\]\w\[\033[00m\]\$ /usr/bin/cmake --install /home/huy/ur3_llm_ws/build/ur_dashboard_msgs
[13.838s] -- Install configuration: ""
[13.839s] -- Execute custom install script
[13.839s] -- Symlinking: /home/huy/ur3_llm_ws/install/ur_dashboard_msgs/share/ament_index/resource_index/rosidl_interfaces/ur_dashboard_msgs
[13.846s] -- Symlinking: /home/huy/ur3_llm_ws/install/ur_dashboard_msgs/include/ur_dashboard_msgs/ur_dashboard_msgs/action/detail/set_mode__functions.h
[13.852s] -- Symlinking: /home/huy/ur3_llm_ws/install/ur_dashboard_msgs/include/ur_dashboard_msgs/ur_dashboard_msgs/action/detail/set_mode__struct.h
[13.857s] -- Symlinking: /home/huy/ur3_llm_ws/install/ur_dashboard_msgs/include/ur_dashboard_msgs/ur_dashboard_msgs/action/detail/set_mode__type_support.h
[13.864s] -- Symlinking: /home/huy/ur3_llm_ws/install/ur_dashboard_msgs/include/ur_dashboard_msgs/ur_dashboard_msgs/action/set_mode.h
[13.870s] -- Symlinking: /home/huy/ur3_llm_ws/install/ur_dashboard_msgs/include/ur_dashboard_msgs/ur_dashboard_msgs/msg/detail/operational_mode__functions.h
[13.876s] -- Symlinking: /home/huy/ur3_llm_ws/install/ur_dashboard_msgs/include/ur_dashboard_msgs/ur_dashboard_msgs/msg/detail/operational_mode__struct.h
[13.882s] -- Symlinking: /home/huy/ur3_llm_ws/install/ur_dashboard_msgs/include/ur_dashboard_msgs/ur_dashboard_msgs/msg/detail/operational_mode__type_support.h
[13.887s] -- Symlinking: /home/huy/ur3_llm_ws/install/ur_dashboard_msgs/include/ur_dashboard_msgs/ur_dashboard_msgs/msg/detail/program_information__functions.h
[13.894s] -- Symlinking: /home/huy/ur3_llm_ws/install/ur_dashboard_msgs/include/ur_dashboard_msgs/ur_dashboard_msgs/msg/detail/program_information__struct.h
[13.902s] -- Symlinking: /home/huy/ur3_llm_ws/install/ur_dashboard_msgs/include/ur_dashboard_msgs/ur_dashboard_msgs/msg/detail/program_information__type_support.h
[13.909s] -- Symlinking: /home/huy/ur3_llm_ws/install/ur_dashboard_msgs/include/ur_dashboard_msgs/ur_dashboard_msgs/msg/detail/program_state__functions.h
[13.918s] -- Symlinking: /home/huy/ur3_llm_ws/install/ur_dashboard_msgs/include/ur_dashboard_msgs/ur_dashboard_msgs/msg/detail/program_state__struct.h
[13.927s] -- Symlinking: /home/huy/ur3_llm_ws/install/ur_dashboard_msgs/include/ur_dashboard_msgs/ur_dashboard_msgs/msg/detail/program_state__type_support.h
[13.937s] -- Symlinking: /home/huy/ur3_llm_ws/install/ur_dashboard_msgs/include/ur_dashboard_msgs/ur_dashboard_msgs/msg/detail/robot_mode__functions.h
[13.945s] -- Symlinking: /home/huy/ur3_llm_ws/install/ur_dashboard_msgs/include/ur_dashboard_msgs/ur_dashboard_msgs/msg/detail/robot_mode__struct.h
[13.954s] -- Symlinking: /home/huy/ur3_llm_ws/install/ur_dashboard_msgs/include/ur_dashboard_msgs/ur_dashboard_msgs/msg/detail/robot_mode__type_support.h
[13.961s] -- Symlinking: /home/huy/ur3_llm_ws/install/ur_dashboard_msgs/include/ur_dashboard_msgs/ur_dashboard_msgs/msg/detail/safety_mode__functions.h
[13.970s] -- Symlinking: /home/huy/ur3_llm_ws/install/ur_dashboard_msgs/include/ur_dashboard_msgs/ur_dashboard_msgs/msg/detail/safety_mode__struct.h
[13.977s] -- Symlinking: /home/huy/ur3_llm_ws/install/ur_dashboard_msgs/include/ur_dashboard_msgs/ur_dashboard_msgs/msg/detail/safety_mode__type_support.h
[13.986s] -- Symlinking: /home/huy/ur3_llm_ws/install/ur_dashboard_msgs/include/ur_dashboard_msgs/ur_dashboard_msgs/msg/detail/safety_status__functions.h
[13.991s] -- Symlinking: /home/huy/ur3_llm_ws/install/ur_dashboard_msgs/include/ur_dashboard_msgs/ur_dashboard_msgs/msg/detail/safety_status__struct.h
[13.998s] -- Symlinking: /home/huy/ur3_llm_ws/install/ur_dashboard_msgs/include/ur_dashboard_msgs/ur_dashboard_msgs/msg/detail/safety_status__type_support.h
[14.003s] -- Symlinking: /home/huy/ur3_llm_ws/install/ur_dashboard_msgs/include/ur_dashboard_msgs/ur_dashboard_msgs/msg/detail/user_role__functions.h
[14.008s] -- Symlinking: /home/huy/ur3_llm_ws/install/ur_dashboard_msgs/include/ur_dashboard_msgs/ur_dashboard_msgs/msg/detail/user_role__struct.h
[14.016s] -- Symlinking: /home/huy/ur3_llm_ws/install/ur_dashboard_msgs/include/ur_dashboard_msgs/ur_dashboard_msgs/msg/detail/user_role__type_support.h
[14.022s] -- Symlinking: /home/huy/ur3_llm_ws/install/ur_dashboard_msgs/include/ur_dashboard_msgs/ur_dashboard_msgs/msg/detail/version_information__functions.h
[14.030s] -- Symlinking: /home/huy/ur3_llm_ws/install/ur_dashboard_msgs/include/ur_dashboard_msgs/ur_dashboard_msgs/msg/detail/version_information__struct.h
[14.040s] -- Symlinking: /home/huy/ur3_llm_ws/install/ur_dashboard_msgs/include/ur_dashboard_msgs/ur_dashboard_msgs/msg/detail/version_information__type_support.h
[14.046s] -- Symlinking: /home/huy/ur3_llm_ws/install/ur_dashboard_msgs/include/ur_dashboard_msgs/ur_dashboard_msgs/msg/operational_mode.h
[14.052s] -- Symlinking: /home/huy/ur3_llm_ws/install/ur_dashboard_msgs/include/ur_dashboard_msgs/ur_dashboard_msgs/msg/program_information.h
[14.058s] -- Symlinking: /home/huy/ur3_llm_ws/install/ur_dashboard_msgs/include/ur_dashboard_msgs/ur_dashboard_msgs/msg/program_state.h
[14.063s] -- Symlinking: /home/huy/ur3_llm_ws/install/ur_dashboard_msgs/include/ur_dashboard_msgs/ur_dashboard_msgs/msg/robot_mode.h
[14.068s] -- Symlinking: /home/huy/ur3_llm_ws/install/ur_dashboard_msgs/include/ur_dashboard_msgs/ur_dashboard_msgs/msg/rosidl_generator_c__visibility_control.h
[14.074s] -- Symlinking: /home/huy/ur3_llm_ws/install/ur_dashboard_msgs/include/ur_dashboard_msgs/ur_dashboard_msgs/msg/safety_mode.h
[14.079s] -- Symlinking: /home/huy/ur3_llm_ws/install/ur_dashboard_msgs/include/ur_dashboard_msgs/ur_dashboard_msgs/msg/safety_status.h
[14.087s] -- Symlinking: /home/huy/ur3_llm_ws/install/ur_dashboard_msgs/include/ur_dashboard_msgs/ur_dashboard_msgs/msg/user_role.h
[14.094s] -- Symlinking: /home/huy/ur3_llm_ws/install/ur_dashboard_msgs/include/ur_dashboard_msgs/ur_dashboard_msgs/msg/version_information.h
[14.099s] -- Symlinking: /home/huy/ur3_llm_ws/install/ur_dashboard_msgs/include/ur_dashboard_msgs/ur_dashboard_msgs/srv/add_to_log.h
[14.104s] -- Symlinking: /home/huy/ur3_llm_ws/install/ur_dashboard_msgs/include/ur_dashboard_msgs/ur_dashboard_msgs/srv/detail/add_to_log__functions.h
[14.112s] -- Symlinking: /home/huy/ur3_llm_ws/install/ur_dashboard_msgs/include/ur_dashboard_msgs/ur_dashboard_msgs/srv/detail/add_to_log__struct.h
[14.117s] -- Symlinking: /home/huy/ur3_llm_ws/install/ur_dashboard_msgs/include/ur_dashboard_msgs/ur_dashboard_msgs/srv/detail/add_to_log__type_support.h
[14.123s] -- Symlinking: /home/huy/ur3_llm_ws/install/ur_dashboard_msgs/include/ur_dashboard_msgs/ur_dashboard_msgs/srv/detail/download_program__functions.h
[14.129s] -- Symlinking: /home/huy/ur3_llm_ws/install/ur_dashboard_msgs/include/ur_dashboard_msgs/ur_dashboard_msgs/srv/detail/download_program__struct.h
[14.136s] -- Symlinking: /home/huy/ur3_llm_ws/install/ur_dashboard_msgs/include/ur_dashboard_msgs/ur_dashboard_msgs/srv/detail/download_program__type_support.h
[14.142s] -- Symlinking: /home/huy/ur3_llm_ws/install/ur_dashboard_msgs/include/ur_dashboard_msgs/ur_dashboard_msgs/srv/detail/download_support_file__functions.h
[14.148s] -- Symlinking: /home/huy/ur3_llm_ws/install/ur_dashboard_msgs/include/ur_dashboard_msgs/ur_dashboard_msgs/srv/detail/download_support_file__struct.h
[14.153s] -- Symlinking: /home/huy/ur3_llm_ws/install/ur_dashboard_msgs/include/ur_dashboard_msgs/ur_dashboard_msgs/srv/detail/download_support_file__type_support.h
[14.159s] -- Symlinking: /home/huy/ur3_llm_ws/install/ur_dashboard_msgs/include/ur_dashboard_msgs/ur_dashboard_msgs/srv/detail/generate_flight_report__functions.h
[14.165s] -- Symlinking: /home/huy/ur3_llm_ws/install/ur_dashboard_msgs/include/ur_dashboard_msgs/ur_dashboard_msgs/srv/detail/generate_flight_report__struct.h
[14.171s] -- Symlinking: /home/huy/ur3_llm_ws/install/ur_dashboard_msgs/include/ur_dashboard_msgs/ur_dashboard_msgs/srv/detail/generate_flight_report__type_support.h
[14.177s] -- Symlinking: /home/huy/ur3_llm_ws/install/ur_dashboard_msgs/include/ur_dashboard_msgs/ur_dashboard_msgs/srv/detail/generate_support_file__functions.h
[14.184s] -- Symlinking: /home/huy/ur3_llm_ws/install/ur_dashboard_msgs/include/ur_dashboard_msgs/ur_dashboard_msgs/srv/detail/generate_support_file__struct.h
[14.189s] -- Symlinking: /home/huy/ur3_llm_ws/install/ur_dashboard_msgs/include/ur_dashboard_msgs/ur_dashboard_msgs/srv/detail/generate_support_file__type_support.h
[14.196s] -- Symlinking: /home/huy/ur3_llm_ws/install/ur_dashboard_msgs/include/ur_dashboard_msgs/ur_dashboard_msgs/srv/detail/get_loaded_program__functions.h
[14.201s] -- Symlinking: /home/huy/ur3_llm_ws/install/ur_dashboard_msgs/include/ur_dashboard_msgs/ur_dashboard_msgs/srv/detail/get_loaded_program__struct.h
[14.207s] -- Symlinking: /home/huy/ur3_llm_ws/install/ur_dashboard_msgs/include/ur_dashboard_msgs/ur_dashboard_msgs/srv/detail/get_loaded_program__type_support.h
[14.213s] -- Symlinking: /home/huy/ur3_llm_ws/install/ur_dashboard_msgs/include/ur_dashboard_msgs/ur_dashboard_msgs/srv/detail/get_operational_mode__functions.h
[14.219s] -- Symlinking: /home/huy/ur3_llm_ws/install/ur_dashboard_msgs/include/ur_dashboard_msgs/ur_dashboard_msgs/srv/detail/get_operational_mode__struct.h
[14.225s] -- Symlinking: /home/huy/ur3_llm_ws/install/ur_dashboard_msgs/include/ur_dashboard_msgs/ur_dashboard_msgs/srv/detail/get_operational_mode__type_support.h
[14.232s] -- Symlinking: /home/huy/ur3_llm_ws/install/ur_dashboard_msgs/include/ur_dashboard_msgs/ur_dashboard_msgs/srv/detail/get_poly_scope_version__functions.h
[14.237s] -- Symlinking: /home/huy/ur3_llm_ws/install/ur_dashboard_msgs/include/ur_dashboard_msgs/ur_dashboard_msgs/srv/detail/get_poly_scope_version__struct.h
[14.244s] -- Symlinking: /home/huy/ur3_llm_ws/install/ur_dashboard_msgs/include/ur_dashboard_msgs/ur_dashboard_msgs/srv/detail/get_poly_scope_version__type_support.h
[14.249s] -- Symlinking: /home/huy/ur3_llm_ws/install/ur_dashboard_msgs/include/ur_dashboard_msgs/ur_dashboard_msgs/srv/detail/get_program_state__functions.h
[14.256s] -- Symlinking: /home/huy/ur3_llm_ws/install/ur_dashboard_msgs/include/ur_dashboard_msgs/ur_dashboard_msgs/srv/detail/get_program_state__struct.h
[14.261s] -- Symlinking: /home/huy/ur3_llm_ws/install/ur_dashboard_msgs/include/ur_dashboard_msgs/ur_dashboard_msgs/srv/detail/get_program_state__type_support.h
[14.268s] -- Symlinking: /home/huy/ur3_llm_ws/install/ur_dashboard_msgs/include/ur_dashboard_msgs/ur_dashboard_msgs/srv/detail/get_programs__functions.h
[14.274s] -- Symlinking: /home/huy/ur3_llm_ws/install/ur_dashboard_msgs/include/ur_dashboard_msgs/ur_dashboard_msgs/srv/detail/get_programs__struct.h
[14.280s] -- Symlinking: /home/huy/ur3_llm_ws/install/ur_dashboard_msgs/include/ur_dashboard_msgs/ur_dashboard_msgs/srv/detail/get_programs__type_support.h
[14.285s] -- Symlinking: /home/huy/ur3_llm_ws/install/ur_dashboard_msgs/include/ur_dashboard_msgs/ur_dashboard_msgs/srv/detail/get_robot_mode__functions.h
[14.291s] -- Symlinking: /home/huy/ur3_llm_ws/install/ur_dashboard_msgs/include/ur_dashboard_msgs/ur_dashboard_msgs/srv/detail/get_robot_mode__struct.h
[14.297s] -- Symlinking: /home/huy/ur3_llm_ws/install/ur_dashboard_msgs/include/ur_dashboard_msgs/ur_dashboard_msgs/srv/detail/get_robot_mode__type_support.h
[14.303s] -- Symlinking: /home/huy/ur3_llm_ws/install/ur_dashboard_msgs/include/ur_dashboard_msgs/ur_dashboard_msgs/srv/detail/get_robot_model__functions.h
[14.309s] -- Symlinking: /home/huy/ur3_llm_ws/install/ur_dashboard_msgs/include/ur_dashboard_msgs/ur_dashboard_msgs/srv/detail/get_robot_model__struct.h
[14.315s] -- Symlinking: /home/huy/ur3_llm_ws/install/ur_dashboard_msgs/include/ur_dashboard_msgs/ur_dashboard_msgs/srv/detail/get_robot_model__type_support.h
[14.321s] -- Symlinking: /home/huy/ur3_llm_ws/install/ur_dashboard_msgs/include/ur_dashboard_msgs/ur_dashboard_msgs/srv/detail/get_safety_mode__functions.h
[14.328s] -- Symlinking: /home/huy/ur3_llm_ws/install/ur_dashboard_msgs/include/ur_dashboard_msgs/ur_dashboard_msgs/srv/detail/get_safety_mode__struct.h
[14.333s] -- Symlinking: /home/huy/ur3_llm_ws/install/ur_dashboard_msgs/include/ur_dashboard_msgs/ur_dashboard_msgs/srv/detail/get_safety_mode__type_support.h
[14.339s] -- Symlinking: /home/huy/ur3_llm_ws/install/ur_dashboard_msgs/include/ur_dashboard_msgs/ur_dashboard_msgs/srv/detail/get_safety_status__functions.h
[14.345s] -- Symlinking: /home/huy/ur3_llm_ws/install/ur_dashboard_msgs/include/ur_dashboard_msgs/ur_dashboard_msgs/srv/detail/get_safety_status__struct.h
[14.353s] -- Symlinking: /home/huy/ur3_llm_ws/install/ur_dashboard_msgs/include/ur_dashboard_msgs/ur_dashboard_msgs/srv/detail/get_safety_status__type_support.h
[14.358s] -- Symlinking: /home/huy/ur3_llm_ws/install/ur_dashboard_msgs/include/ur_dashboard_msgs/ur_dashboard_msgs/srv/detail/get_serial_number__functions.h
[14.366s] -- Symlinking: /home/huy/ur3_llm_ws/install/ur_dashboard_msgs/include/ur_dashboard_msgs/ur_dashboard_msgs/srv/detail/get_serial_number__struct.h
[14.374s] -- Symlinking: /home/huy/ur3_llm_ws/install/ur_dashboard_msgs/include/ur_dashboard_msgs/ur_dashboard_msgs/srv/detail/get_serial_number__type_support.h
[14.380s] -- Symlinking: /home/huy/ur3_llm_ws/install/ur_dashboard_msgs/include/ur_dashboard_msgs/ur_dashboard_msgs/srv/detail/get_user_role__functions.h
[14.388s] -- Symlinking: /home/huy/ur3_llm_ws/install/ur_dashboard_msgs/include/ur_dashboard_msgs/ur_dashboard_msgs/srv/detail/get_user_role__struct.h
[14.393s] -- Symlinking: /home/huy/ur3_llm_ws/install/ur_dashboard_msgs/include/ur_dashboard_msgs/ur_dashboard_msgs/srv/detail/get_user_role__type_support.h
[14.399s] -- Symlinking: /home/huy/ur3_llm_ws/install/ur_dashboard_msgs/include/ur_dashboard_msgs/ur_dashboard_msgs/srv/detail/is_in_remote_control__functions.h
[14.405s] -- Symlinking: /home/huy/ur3_llm_ws/install/ur_dashboard_msgs/include/ur_dashboard_msgs/ur_dashboard_msgs/srv/detail/is_in_remote_control__struct.h
[14.412s] -- Symlinking: /home/huy/ur3_llm_ws/install/ur_dashboard_msgs/include/ur_dashboard_msgs/ur_dashboard_msgs/srv/detail/is_in_remote_control__type_support.h
[14.418s] -- Symlinking: /home/huy/ur3_llm_ws/install/ur_dashboard_msgs/include/ur_dashboard_msgs/ur_dashboard_msgs/srv/detail/is_program_running__functions.h
[14.424s] -- Symlinking: /home/huy/ur3_llm_ws/install/ur_dashboard_msgs/include/ur_dashboard_msgs/ur_dashboard_msgs/srv/detail/is_program_running__struct.h
[14.429s] -- Symlinking: /home/huy/ur3_llm_ws/install/ur_dashboard_msgs/include/ur_dashboard_msgs/ur_dashboard_msgs/srv/detail/is_program_running__type_support.h
[14.437s] -- Symlinking: /home/huy/ur3_llm_ws/install/ur_dashboard_msgs/include/ur_dashboard_msgs/ur_dashboard_msgs/srv/detail/is_program_saved__functions.h
[14.442s] -- Symlinking: /home/huy/ur3_llm_ws/install/ur_dashboard_msgs/include/ur_dashboard_msgs/ur_dashboard_msgs/srv/detail/is_program_saved__struct.h
[14.450s] -- Symlinking: /home/huy/ur3_llm_ws/install/ur_dashboard_msgs/include/ur_dashboard_msgs/ur_dashboard_msgs/srv/detail/is_program_saved__type_support.h
[14.456s] -- Symlinking: /home/huy/ur3_llm_ws/install/ur_dashboard_msgs/include/ur_dashboard_msgs/ur_dashboard_msgs/srv/detail/load__functions.h
[14.463s] -- Symlinking: /home/huy/ur3_llm_ws/install/ur_dashboard_msgs/include/ur_dashboard_msgs/ur_dashboard_msgs/srv/detail/load__struct.h
[14.469s] -- Symlinking: /home/huy/ur3_llm_ws/install/ur_dashboard_msgs/include/ur_dashboard_msgs/ur_dashboard_msgs/srv/detail/load__type_support.h
[14.477s] -- Symlinking: /home/huy/ur3_llm_ws/install/ur_dashboard_msgs/include/ur_dashboard_msgs/ur_dashboard_msgs/srv/detail/popup__functions.h
[14.483s] -- Symlinking: /home/huy/ur3_llm_ws/install/ur_dashboard_msgs/include/ur_dashboard_msgs/ur_dashboard_msgs/srv/detail/popup__struct.h
[14.489s] -- Symlinking: /home/huy/ur3_llm_ws/install/ur_dashboard_msgs/include/ur_dashboard_msgs/ur_dashboard_msgs/srv/detail/popup__type_support.h
[14.496s] -- Symlinking: /home/huy/ur3_llm_ws/install/ur_dashboard_msgs/include/ur_dashboard_msgs/ur_dashboard_msgs/srv/detail/raw_request__functions.h
[14.503s] -- Symlinking: /home/huy/ur3_llm_ws/install/ur_dashboard_msgs/include/ur_dashboard_msgs/ur_dashboard_msgs/srv/detail/raw_request__struct.h
[14.509s] -- Symlinking: /home/huy/ur3_llm_ws/install/ur_dashboard_msgs/include/ur_dashboard_msgs/ur_dashboard_msgs/srv/detail/raw_request__type_support.h
[14.517s] -- Symlinking: /home/huy/ur3_llm_ws/install/ur_dashboard_msgs/include/ur_dashboard_msgs/ur_dashboard_msgs/srv/detail/set_operational_mode__functions.h
[14.523s] -- Symlinking: /home/huy/ur3_llm_ws/install/ur_dashboard_msgs/include/ur_dashboard_msgs/ur_dashboard_msgs/srv/detail/set_operational_mode__struct.h
[14.528s] -- Symlinking: /home/huy/ur3_llm_ws/install/ur_dashboard_msgs/include/ur_dashboard_msgs/ur_dashboard_msgs/srv/detail/set_operational_mode__type_support.h
[14.535s] -- Symlinking: /home/huy/ur3_llm_ws/install/ur_dashboard_msgs/include/ur_dashboard_msgs/ur_dashboard_msgs/srv/detail/set_user_role__functions.h
[14.542s] -- Symlinking: /home/huy/ur3_llm_ws/install/ur_dashboard_msgs/include/ur_dashboard_msgs/ur_dashboard_msgs/srv/detail/set_user_role__struct.h
[14.551s] -- Symlinking: /home/huy/ur3_llm_ws/install/ur_dashboard_msgs/include/ur_dashboard_msgs/ur_dashboard_msgs/srv/detail/set_user_role__type_support.h
[14.559s] -- Symlinking: /home/huy/ur3_llm_ws/install/ur_dashboard_msgs/include/ur_dashboard_msgs/ur_dashboard_msgs/srv/detail/upload_program__functions.h
[14.569s] -- Symlinking: /home/huy/ur3_llm_ws/install/ur_dashboard_msgs/include/ur_dashboard_msgs/ur_dashboard_msgs/srv/detail/upload_program__struct.h
[14.576s] -- Symlinking: /home/huy/ur3_llm_ws/install/ur_dashboard_msgs/include/ur_dashboard_msgs/ur_dashboard_msgs/srv/detail/upload_program__type_support.h
[14.582s] -- Symlinking: /home/huy/ur3_llm_ws/install/ur_dashboard_msgs/include/ur_dashboard_msgs/ur_dashboard_msgs/srv/download_program.h
[14.589s] -- Symlinking: /home/huy/ur3_llm_ws/install/ur_dashboard_msgs/include/ur_dashboard_msgs/ur_dashboard_msgs/srv/download_support_file.h
[14.597s] -- Symlinking: /home/huy/ur3_llm_ws/install/ur_dashboard_msgs/include/ur_dashboard_msgs/ur_dashboard_msgs/srv/generate_flight_report.h
[14.602s] -- Symlinking: /home/huy/ur3_llm_ws/install/ur_dashboard_msgs/include/ur_dashboard_msgs/ur_dashboard_msgs/srv/generate_support_file.h
[14.608s] -- Symlinking: /home/huy/ur3_llm_ws/install/ur_dashboard_msgs/include/ur_dashboard_msgs/ur_dashboard_msgs/srv/get_loaded_program.h
[14.614s] -- Symlinking: /home/huy/ur3_llm_ws/install/ur_dashboard_msgs/include/ur_dashboard_msgs/ur_dashboard_msgs/srv/get_operational_mode.h
[14.620s] -- Symlinking: /home/huy/ur3_llm_ws/install/ur_dashboard_msgs/include/ur_dashboard_msgs/ur_dashboard_msgs/srv/get_poly_scope_version.h
[14.626s] -- Symlinking: /home/huy/ur3_llm_ws/install/ur_dashboard_msgs/include/ur_dashboard_msgs/ur_dashboard_msgs/srv/get_program_state.h
[14.632s] -- Symlinking: /home/huy/ur3_llm_ws/install/ur_dashboard_msgs/include/ur_dashboard_msgs/ur_dashboard_msgs/srv/get_programs.h
[14.637s] -- Symlinking: /home/huy/ur3_llm_ws/install/ur_dashboard_msgs/include/ur_dashboard_msgs/ur_dashboard_msgs/srv/get_robot_mode.h
[14.643s] -- Symlinking: /home/huy/ur3_llm_ws/install/ur_dashboard_msgs/include/ur_dashboard_msgs/ur_dashboard_msgs/srv/get_robot_model.h
[14.649s] -- Symlinking: /home/huy/ur3_llm_ws/install/ur_dashboard_msgs/include/ur_dashboard_msgs/ur_dashboard_msgs/srv/get_safety_mode.h
[14.655s] -- Symlinking: /home/huy/ur3_llm_ws/install/ur_dashboard_msgs/include/ur_dashboard_msgs/ur_dashboard_msgs/srv/get_safety_status.h
[14.661s] -- Symlinking: /home/huy/ur3_llm_ws/install/ur_dashboard_msgs/include/ur_dashboard_msgs/ur_dashboard_msgs/srv/get_serial_number.h
[14.667s] -- Symlinking: /home/huy/ur3_llm_ws/install/ur_dashboard_msgs/include/ur_dashboard_msgs/ur_dashboard_msgs/srv/get_user_role.h
[14.673s] -- Symlinking: /home/huy/ur3_llm_ws/install/ur_dashboard_msgs/include/ur_dashboard_msgs/ur_dashboard_msgs/srv/is_in_remote_control.h
[14.678s] -- Symlinking: /home/huy/ur3_llm_ws/install/ur_dashboard_msgs/include/ur_dashboard_msgs/ur_dashboard_msgs/srv/is_program_running.h
[14.684s] -- Symlinking: /home/huy/ur3_llm_ws/install/ur_dashboard_msgs/include/ur_dashboard_msgs/ur_dashboard_msgs/srv/is_program_saved.h
[14.690s] -- Symlinking: /home/huy/ur3_llm_ws/install/ur_dashboard_msgs/include/ur_dashboard_msgs/ur_dashboard_msgs/srv/load.h
[14.696s] -- Symlinking: /home/huy/ur3_llm_ws/install/ur_dashboard_msgs/include/ur_dashboard_msgs/ur_dashboard_msgs/srv/popup.h
[14.702s] -- Symlinking: /home/huy/ur3_llm_ws/install/ur_dashboard_msgs/include/ur_dashboard_msgs/ur_dashboard_msgs/srv/raw_request.h
[14.708s] -- Symlinking: /home/huy/ur3_llm_ws/install/ur_dashboard_msgs/include/ur_dashboard_msgs/ur_dashboard_msgs/srv/set_operational_mode.h
[14.714s] -- Symlinking: /home/huy/ur3_llm_ws/install/ur_dashboard_msgs/include/ur_dashboard_msgs/ur_dashboard_msgs/srv/set_user_role.h
[14.721s] -- Symlinking: /home/huy/ur3_llm_ws/install/ur_dashboard_msgs/include/ur_dashboard_msgs/ur_dashboard_msgs/srv/upload_program.h
[14.727s] -- Symlinking: /home/huy/ur3_llm_ws/install/ur_dashboard_msgs/share/ur_dashboard_msgs/environment/library_path.sh
[14.733s] -- Symlinking: /home/huy/ur3_llm_ws/install/ur_dashboard_msgs/share/ur_dashboard_msgs/environment/library_path.dsv
[14.738s] -- Symlinking: /home/huy/ur3_llm_ws/install/ur_dashboard_msgs/include/ur_dashboard_msgs/ur_dashboard_msgs/action/detail/set_mode__rosidl_typesupport_fastrtps_c.h
[14.746s] -- Symlinking: /home/huy/ur3_llm_ws/install/ur_dashboard_msgs/include/ur_dashboard_msgs/ur_dashboard_msgs/msg/detail/operational_mode__rosidl_typesupport_fastrtps_c.h
[14.751s] -- Symlinking: /home/huy/ur3_llm_ws/install/ur_dashboard_msgs/include/ur_dashboard_msgs/ur_dashboard_msgs/msg/detail/program_information__rosidl_typesupport_fastrtps_c.h
[14.758s] -- Symlinking: /home/huy/ur3_llm_ws/install/ur_dashboard_msgs/include/ur_dashboard_msgs/ur_dashboard_msgs/msg/detail/program_state__rosidl_typesupport_fastrtps_c.h
[14.767s] -- Symlinking: /home/huy/ur3_llm_ws/install/ur_dashboard_msgs/include/ur_dashboard_msgs/ur_dashboard_msgs/msg/detail/robot_mode__rosidl_typesupport_fastrtps_c.h
[14.773s] -- Symlinking: /home/huy/ur3_llm_ws/install/ur_dashboard_msgs/include/ur_dashboard_msgs/ur_dashboard_msgs/msg/detail/safety_mode__rosidl_typesupport_fastrtps_c.h
[14.779s] -- Symlinking: /home/huy/ur3_llm_ws/install/ur_dashboard_msgs/include/ur_dashboard_msgs/ur_dashboard_msgs/msg/detail/safety_status__rosidl_typesupport_fastrtps_c.h
[14.784s] -- Symlinking: /home/huy/ur3_llm_ws/install/ur_dashboard_msgs/include/ur_dashboard_msgs/ur_dashboard_msgs/msg/detail/user_role__rosidl_typesupport_fastrtps_c.h
[14.790s] -- Symlinking: /home/huy/ur3_llm_ws/install/ur_dashboard_msgs/include/ur_dashboard_msgs/ur_dashboard_msgs/msg/detail/version_information__rosidl_typesupport_fastrtps_c.h
[14.797s] -- Symlinking: /home/huy/ur3_llm_ws/install/ur_dashboard_msgs/include/ur_dashboard_msgs/ur_dashboard_msgs/msg/rosidl_typesupport_fastrtps_c__visibility_control.h
[14.803s] -- Symlinking: /home/huy/ur3_llm_ws/install/ur_dashboard_msgs/include/ur_dashboard_msgs/ur_dashboard_msgs/srv/detail/add_to_log__rosidl_typesupport_fastrtps_c.h
[14.809s] -- Symlinking: /home/huy/ur3_llm_ws/install/ur_dashboard_msgs/include/ur_dashboard_msgs/ur_dashboard_msgs/srv/detail/download_program__rosidl_typesupport_fastrtps_c.h
[14.815s] -- Symlinking: /home/huy/ur3_llm_ws/install/ur_dashboard_msgs/include/ur_dashboard_msgs/ur_dashboard_msgs/srv/detail/download_support_file__rosidl_typesupport_fastrtps_c.h
[14.819s] -- Symlinking: /home/huy/ur3_llm_ws/install/ur_dashboard_msgs/include/ur_dashboard_msgs/ur_dashboard_msgs/srv/detail/generate_flight_report__rosidl_typesupport_fastrtps_c.h
[14.825s] -- Symlinking: /home/huy/ur3_llm_ws/install/ur_dashboard_msgs/include/ur_dashboard_msgs/ur_dashboard_msgs/srv/detail/generate_support_file__rosidl_typesupport_fastrtps_c.h
[14.831s] -- Symlinking: /home/huy/ur3_llm_ws/install/ur_dashboard_msgs/include/ur_dashboard_msgs/ur_dashboard_msgs/srv/detail/get_loaded_program__rosidl_typesupport_fastrtps_c.h
[14.837s] -- Symlinking: /home/huy/ur3_llm_ws/install/ur_dashboard_msgs/include/ur_dashboard_msgs/ur_dashboard_msgs/srv/detail/get_operational_mode__rosidl_typesupport_fastrtps_c.h
[14.846s] -- Symlinking: /home/huy/ur3_llm_ws/install/ur_dashboard_msgs/include/ur_dashboard_msgs/ur_dashboard_msgs/srv/detail/get_poly_scope_version__rosidl_typesupport_fastrtps_c.h
[14.852s] -- Symlinking: /home/huy/ur3_llm_ws/install/ur_dashboard_msgs/include/ur_dashboard_msgs/ur_dashboard_msgs/srv/detail/get_program_state__rosidl_typesupport_fastrtps_c.h
[14.858s] -- Symlinking: /home/huy/ur3_llm_ws/install/ur_dashboard_msgs/include/ur_dashboard_msgs/ur_dashboard_msgs/srv/detail/get_programs__rosidl_typesupport_fastrtps_c.h
[14.865s] -- Symlinking: /home/huy/ur3_llm_ws/install/ur_dashboard_msgs/include/ur_dashboard_msgs/ur_dashboard_msgs/srv/detail/get_robot_mode__rosidl_typesupport_fastrtps_c.h
[14.874s] -- Symlinking: /home/huy/ur3_llm_ws/install/ur_dashboard_msgs/include/ur_dashboard_msgs/ur_dashboard_msgs/srv/detail/get_robot_model__rosidl_typesupport_fastrtps_c.h
[14.883s] -- Symlinking: /home/huy/ur3_llm_ws/install/ur_dashboard_msgs/include/ur_dashboard_msgs/ur_dashboard_msgs/srv/detail/get_safety_mode__rosidl_typesupport_fastrtps_c.h
[14.890s] -- Symlinking: /home/huy/ur3_llm_ws/install/ur_dashboard_msgs/include/ur_dashboard_msgs/ur_dashboard_msgs/srv/detail/get_safety_status__rosidl_typesupport_fastrtps_c.h
[14.894s] -- Symlinking: /home/huy/ur3_llm_ws/install/ur_dashboard_msgs/include/ur_dashboard_msgs/ur_dashboard_msgs/srv/detail/get_serial_number__rosidl_typesupport_fastrtps_c.h
[14.900s] -- Symlinking: /home/huy/ur3_llm_ws/install/ur_dashboard_msgs/include/ur_dashboard_msgs/ur_dashboard_msgs/srv/detail/get_user_role__rosidl_typesupport_fastrtps_c.h
[14.905s] -- Symlinking: /home/huy/ur3_llm_ws/install/ur_dashboard_msgs/include/ur_dashboard_msgs/ur_dashboard_msgs/srv/detail/is_in_remote_control__rosidl_typesupport_fastrtps_c.h
[14.911s] -- Symlinking: /home/huy/ur3_llm_ws/install/ur_dashboard_msgs/include/ur_dashboard_msgs/ur_dashboard_msgs/srv/detail/is_program_running__rosidl_typesupport_fastrtps_c.h
[14.917s] -- Symlinking: /home/huy/ur3_llm_ws/install/ur_dashboard_msgs/include/ur_dashboard_msgs/ur_dashboard_msgs/srv/detail/is_program_saved__rosidl_typesupport_fastrtps_c.h
[14.923s] -- Symlinking: /home/huy/ur3_llm_ws/install/ur_dashboard_msgs/include/ur_dashboard_msgs/ur_dashboard_msgs/srv/detail/load__rosidl_typesupport_fastrtps_c.h
[14.932s] -- Symlinking: /home/huy/ur3_llm_ws/install/ur_dashboard_msgs/include/ur_dashboard_msgs/ur_dashboard_msgs/srv/detail/popup__rosidl_typesupport_fastrtps_c.h
[14.939s] -- Symlinking: /home/huy/ur3_llm_ws/install/ur_dashboard_msgs/include/ur_dashboard_msgs/ur_dashboard_msgs/srv/detail/raw_request__rosidl_typesupport_fastrtps_c.h
[14.944s] -- Symlinking: /home/huy/ur3_llm_ws/install/ur_dashboard_msgs/include/ur_dashboard_msgs/ur_dashboard_msgs/srv/detail/set_operational_mode__rosidl_typesupport_fastrtps_c.h
[14.952s] -- Symlinking: /home/huy/ur3_llm_ws/install/ur_dashboard_msgs/include/ur_dashboard_msgs/ur_dashboard_msgs/srv/detail/set_user_role__rosidl_typesupport_fastrtps_c.h
[14.960s] -- Symlinking: /home/huy/ur3_llm_ws/install/ur_dashboard_msgs/include/ur_dashboard_msgs/ur_dashboard_msgs/srv/detail/upload_program__rosidl_typesupport_fastrtps_c.h
[14.968s] -- Symlinking: /home/huy/ur3_llm_ws/install/ur_dashboard_msgs/include/ur_dashboard_msgs/ur_dashboard_msgs/action/detail/set_mode__rosidl_typesupport_introspection_c.h
[14.973s] -- Symlinking: /home/huy/ur3_llm_ws/install/ur_dashboard_msgs/include/ur_dashboard_msgs/ur_dashboard_msgs/msg/detail/operational_mode__rosidl_typesupport_introspection_c.h
[14.980s] -- Symlinking: /home/huy/ur3_llm_ws/install/ur_dashboard_msgs/include/ur_dashboard_msgs/ur_dashboard_msgs/msg/detail/program_information__rosidl_typesupport_introspection_c.h
[14.985s] -- Symlinking: /home/huy/ur3_llm_ws/install/ur_dashboard_msgs/include/ur_dashboard_msgs/ur_dashboard_msgs/msg/detail/program_state__rosidl_typesupport_introspection_c.h
[14.991s] -- Symlinking: /home/huy/ur3_llm_ws/install/ur_dashboard_msgs/include/ur_dashboard_msgs/ur_dashboard_msgs/msg/detail/robot_mode__rosidl_typesupport_introspection_c.h
[14.997s] -- Symlinking: /home/huy/ur3_llm_ws/install/ur_dashboard_msgs/include/ur_dashboard_msgs/ur_dashboard_msgs/msg/detail/safety_mode__rosidl_typesupport_introspection_c.h
[15.003s] -- Symlinking: /home/huy/ur3_llm_ws/install/ur_dashboard_msgs/include/ur_dashboard_msgs/ur_dashboard_msgs/msg/detail/safety_status__rosidl_typesupport_introspection_c.h
[15.008s] -- Symlinking: /home/huy/ur3_llm_ws/install/ur_dashboard_msgs/include/ur_dashboard_msgs/ur_dashboard_msgs/msg/detail/user_role__rosidl_typesupport_introspection_c.h
[15.015s] -- Symlinking: /home/huy/ur3_llm_ws/install/ur_dashboard_msgs/include/ur_dashboard_msgs/ur_dashboard_msgs/msg/detail/version_information__rosidl_typesupport_introspection_c.h
[15.020s] -- Symlinking: /home/huy/ur3_llm_ws/install/ur_dashboard_msgs/include/ur_dashboard_msgs/ur_dashboard_msgs/msg/rosidl_typesupport_introspection_c__visibility_control.h
[15.026s] -- Symlinking: /home/huy/ur3_llm_ws/install/ur_dashboard_msgs/include/ur_dashboard_msgs/ur_dashboard_msgs/srv/detail/add_to_log__rosidl_typesupport_introspection_c.h
[15.032s] -- Symlinking: /home/huy/ur3_llm_ws/install/ur_dashboard_msgs/include/ur_dashboard_msgs/ur_dashboard_msgs/srv/detail/download_program__rosidl_typesupport_introspection_c.h
[15.037s] -- Symlinking: /home/huy/ur3_llm_ws/install/ur_dashboard_msgs/include/ur_dashboard_msgs/ur_dashboard_msgs/srv/detail/download_support_file__rosidl_typesupport_introspection_c.h
[15.043s] -- Symlinking: /home/huy/ur3_llm_ws/install/ur_dashboard_msgs/include/ur_dashboard_msgs/ur_dashboard_msgs/srv/detail/generate_flight_report__rosidl_typesupport_introspection_c.h
[15.051s] -- Symlinking: /home/huy/ur3_llm_ws/install/ur_dashboard_msgs/include/ur_dashboard_msgs/ur_dashboard_msgs/srv/detail/generate_support_file__rosidl_typesupport_introspection_c.h
[15.057s] -- Symlinking: /home/huy/ur3_llm_ws/install/ur_dashboard_msgs/include/ur_dashboard_msgs/ur_dashboard_msgs/srv/detail/get_loaded_program__rosidl_typesupport_introspection_c.h
[15.063s] -- Symlinking: /home/huy/ur3_llm_ws/install/ur_dashboard_msgs/include/ur_dashboard_msgs/ur_dashboard_msgs/srv/detail/get_operational_mode__rosidl_typesupport_introspection_c.h
[15.068s] -- Symlinking: /home/huy/ur3_llm_ws/install/ur_dashboard_msgs/include/ur_dashboard_msgs/ur_dashboard_msgs/srv/detail/get_poly_scope_version__rosidl_typesupport_introspection_c.h
[15.075s] -- Symlinking: /home/huy/ur3_llm_ws/install/ur_dashboard_msgs/include/ur_dashboard_msgs/ur_dashboard_msgs/srv/detail/get_program_state__rosidl_typesupport_introspection_c.h
[15.080s] -- Symlinking: /home/huy/ur3_llm_ws/install/ur_dashboard_msgs/include/ur_dashboard_msgs/ur_dashboard_msgs/srv/detail/get_programs__rosidl_typesupport_introspection_c.h
[15.087s] -- Symlinking: /home/huy/ur3_llm_ws/install/ur_dashboard_msgs/include/ur_dashboard_msgs/ur_dashboard_msgs/srv/detail/get_robot_mode__rosidl_typesupport_introspection_c.h
[15.092s] -- Symlinking: /home/huy/ur3_llm_ws/install/ur_dashboard_msgs/include/ur_dashboard_msgs/ur_dashboard_msgs/srv/detail/get_robot_model__rosidl_typesupport_introspection_c.h
[15.099s] -- Symlinking: /home/huy/ur3_llm_ws/install/ur_dashboard_msgs/include/ur_dashboard_msgs/ur_dashboard_msgs/srv/detail/get_safety_mode__rosidl_typesupport_introspection_c.h
[15.104s] -- Symlinking: /home/huy/ur3_llm_ws/install/ur_dashboard_msgs/include/ur_dashboard_msgs/ur_dashboard_msgs/srv/detail/get_safety_status__rosidl_typesupport_introspection_c.h
[15.110s] -- Symlinking: /home/huy/ur3_llm_ws/install/ur_dashboard_msgs/include/ur_dashboard_msgs/ur_dashboard_msgs/srv/detail/get_serial_number__rosidl_typesupport_introspection_c.h
[15.116s] -- Symlinking: /home/huy/ur3_llm_ws/install/ur_dashboard_msgs/include/ur_dashboard_msgs/ur_dashboard_msgs/srv/detail/get_user_role__rosidl_typesupport_introspection_c.h
[15.121s] -- Symlinking: /home/huy/ur3_llm_ws/install/ur_dashboard_msgs/include/ur_dashboard_msgs/ur_dashboard_msgs/srv/detail/is_in_remote_control__rosidl_typesupport_introspection_c.h
[15.127s] -- Symlinking: /home/huy/ur3_llm_ws/install/ur_dashboard_msgs/include/ur_dashboard_msgs/ur_dashboard_msgs/srv/detail/is_program_running__rosidl_typesupport_introspection_c.h
[15.132s] -- Symlinking: /home/huy/ur3_llm_ws/install/ur_dashboard_msgs/include/ur_dashboard_msgs/ur_dashboard_msgs/srv/detail/is_program_saved__rosidl_typesupport_introspection_c.h
[15.138s] -- Symlinking: /home/huy/ur3_llm_ws/install/ur_dashboard_msgs/include/ur_dashboard_msgs/ur_dashboard_msgs/srv/detail/load__rosidl_typesupport_introspection_c.h
[15.143s] -- Symlinking: /home/huy/ur3_llm_ws/install/ur_dashboard_msgs/include/ur_dashboard_msgs/ur_dashboard_msgs/srv/detail/popup__rosidl_typesupport_introspection_c.h
[15.149s] -- Symlinking: /home/huy/ur3_llm_ws/install/ur_dashboard_msgs/include/ur_dashboard_msgs/ur_dashboard_msgs/srv/detail/raw_request__rosidl_typesupport_introspection_c.h
[15.155s] -- Symlinking: /home/huy/ur3_llm_ws/install/ur_dashboard_msgs/include/ur_dashboard_msgs/ur_dashboard_msgs/srv/detail/set_operational_mode__rosidl_typesupport_introspection_c.h
[15.161s] -- Symlinking: /home/huy/ur3_llm_ws/install/ur_dashboard_msgs/include/ur_dashboard_msgs/ur_dashboard_msgs/srv/detail/set_user_role__rosidl_typesupport_introspection_c.h
[15.167s] -- Symlinking: /home/huy/ur3_llm_ws/install/ur_dashboard_msgs/include/ur_dashboard_msgs/ur_dashboard_msgs/srv/detail/upload_program__rosidl_typesupport_introspection_c.h
[15.174s] -- Symlinking: /home/huy/ur3_llm_ws/install/ur_dashboard_msgs/include/ur_dashboard_msgs/ur_dashboard_msgs/action/detail/set_mode__builder.hpp
[15.181s] -- Symlinking: /home/huy/ur3_llm_ws/install/ur_dashboard_msgs/include/ur_dashboard_msgs/ur_dashboard_msgs/action/detail/set_mode__struct.hpp
[15.189s] -- Symlinking: /home/huy/ur3_llm_ws/install/ur_dashboard_msgs/include/ur_dashboard_msgs/ur_dashboard_msgs/action/detail/set_mode__traits.hpp
[15.195s] -- Symlinking: /home/huy/ur3_llm_ws/install/ur_dashboard_msgs/include/ur_dashboard_msgs/ur_dashboard_msgs/action/detail/set_mode__type_support.hpp
[15.201s] -- Symlinking: /home/huy/ur3_llm_ws/install/ur_dashboard_msgs/include/ur_dashboard_msgs/ur_dashboard_msgs/action/set_mode.hpp
[15.207s] -- Symlinking: /home/huy/ur3_llm_ws/install/ur_dashboard_msgs/include/ur_dashboard_msgs/ur_dashboard_msgs/msg/detail/operational_mode__builder.hpp
[15.215s] -- Symlinking: /home/huy/ur3_llm_ws/install/ur_dashboard_msgs/include/ur_dashboard_msgs/ur_dashboard_msgs/msg/detail/operational_mode__struct.hpp
[15.220s] -- Symlinking: /home/huy/ur3_llm_ws/install/ur_dashboard_msgs/include/ur_dashboard_msgs/ur_dashboard_msgs/msg/detail/operational_mode__traits.hpp
[15.225s] -- Symlinking: /home/huy/ur3_llm_ws/install/ur_dashboard_msgs/include/ur_dashboard_msgs/ur_dashboard_msgs/msg/detail/operational_mode__type_support.hpp
[15.232s] -- Symlinking: /home/huy/ur3_llm_ws/install/ur_dashboard_msgs/include/ur_dashboard_msgs/ur_dashboard_msgs/msg/detail/program_information__builder.hpp
[15.239s] -- Symlinking: /home/huy/ur3_llm_ws/install/ur_dashboard_msgs/include/ur_dashboard_msgs/ur_dashboard_msgs/msg/detail/program_information__struct.hpp
[15.244s] -- Symlinking: /home/huy/ur3_llm_ws/install/ur_dashboard_msgs/include/ur_dashboard_msgs/ur_dashboard_msgs/msg/detail/program_information__traits.hpp
[15.250s] -- Symlinking: /home/huy/ur3_llm_ws/install/ur_dashboard_msgs/include/ur_dashboard_msgs/ur_dashboard_msgs/msg/detail/program_information__type_support.hpp
[15.256s] -- Symlinking: /home/huy/ur3_llm_ws/install/ur_dashboard_msgs/include/ur_dashboard_msgs/ur_dashboard_msgs/msg/detail/program_state__builder.hpp
[15.262s] -- Symlinking: /home/huy/ur3_llm_ws/install/ur_dashboard_msgs/include/ur_dashboard_msgs/ur_dashboard_msgs/msg/detail/program_state__struct.hpp
[15.268s] -- Symlinking: /home/huy/ur3_llm_ws/install/ur_dashboard_msgs/include/ur_dashboard_msgs/ur_dashboard_msgs/msg/detail/program_state__traits.hpp
[15.274s] -- Symlinking: /home/huy/ur3_llm_ws/install/ur_dashboard_msgs/include/ur_dashboard_msgs/ur_dashboard_msgs/msg/detail/program_state__type_support.hpp
[15.280s] -- Symlinking: /home/huy/ur3_llm_ws/install/ur_dashboard_msgs/include/ur_dashboard_msgs/ur_dashboard_msgs/msg/detail/robot_mode__builder.hpp
[15.284s] -- Symlinking: /home/huy/ur3_llm_ws/install/ur_dashboard_msgs/include/ur_dashboard_msgs/ur_dashboard_msgs/msg/detail/robot_mode__struct.hpp
[15.292s] -- Symlinking: /home/huy/ur3_llm_ws/install/ur_dashboard_msgs/include/ur_dashboard_msgs/ur_dashboard_msgs/msg/detail/robot_mode__traits.hpp
[15.297s] -- Symlinking: /home/huy/ur3_llm_ws/install/ur_dashboard_msgs/include/ur_dashboard_msgs/ur_dashboard_msgs/msg/detail/robot_mode__type_support.hpp
[15.303s] -- Symlinking: /home/huy/ur3_llm_ws/install/ur_dashboard_msgs/include/ur_dashboard_msgs/ur_dashboard_msgs/msg/detail/safety_mode__builder.hpp
[15.308s] -- Symlinking: /home/huy/ur3_llm_ws/install/ur_dashboard_msgs/include/ur_dashboard_msgs/ur_dashboard_msgs/msg/detail/safety_mode__struct.hpp
[15.313s] -- Symlinking: /home/huy/ur3_llm_ws/install/ur_dashboard_msgs/include/ur_dashboard_msgs/ur_dashboard_msgs/msg/detail/safety_mode__traits.hpp
[15.318s] -- Symlinking: /home/huy/ur3_llm_ws/install/ur_dashboard_msgs/include/ur_dashboard_msgs/ur_dashboard_msgs/msg/detail/safety_mode__type_support.hpp
[15.326s] -- Symlinking: /home/huy/ur3_llm_ws/install/ur_dashboard_msgs/include/ur_dashboard_msgs/ur_dashboard_msgs/msg/detail/safety_status__builder.hpp
[15.330s] -- Symlinking: /home/huy/ur3_llm_ws/install/ur_dashboard_msgs/include/ur_dashboard_msgs/ur_dashboard_msgs/msg/detail/safety_status__struct.hpp
[15.336s] -- Symlinking: /home/huy/ur3_llm_ws/install/ur_dashboard_msgs/include/ur_dashboard_msgs/ur_dashboard_msgs/msg/detail/safety_status__traits.hpp
[15.341s] -- Symlinking: /home/huy/ur3_llm_ws/install/ur_dashboard_msgs/include/ur_dashboard_msgs/ur_dashboard_msgs/msg/detail/safety_status__type_support.hpp
[15.347s] -- Symlinking: /home/huy/ur3_llm_ws/install/ur_dashboard_msgs/include/ur_dashboard_msgs/ur_dashboard_msgs/msg/detail/user_role__builder.hpp
[15.354s] -- Symlinking: /home/huy/ur3_llm_ws/install/ur_dashboard_msgs/include/ur_dashboard_msgs/ur_dashboard_msgs/msg/detail/user_role__struct.hpp
[15.359s] -- Symlinking: /home/huy/ur3_llm_ws/install/ur_dashboard_msgs/include/ur_dashboard_msgs/ur_dashboard_msgs/msg/detail/user_role__traits.hpp
[15.364s] -- Symlinking: /home/huy/ur3_llm_ws/install/ur_dashboard_msgs/include/ur_dashboard_msgs/ur_dashboard_msgs/msg/detail/user_role__type_support.hpp
[15.371s] -- Symlinking: /home/huy/ur3_llm_ws/install/ur_dashboard_msgs/include/ur_dashboard_msgs/ur_dashboard_msgs/msg/detail/version_information__builder.hpp
[15.379s] -- Symlinking: /home/huy/ur3_llm_ws/install/ur_dashboard_msgs/include/ur_dashboard_msgs/ur_dashboard_msgs/msg/detail/version_information__struct.hpp
[15.385s] -- Symlinking: /home/huy/ur3_llm_ws/install/ur_dashboard_msgs/include/ur_dashboard_msgs/ur_dashboard_msgs/msg/detail/version_information__traits.hpp
[15.393s] -- Symlinking: /home/huy/ur3_llm_ws/install/ur_dashboard_msgs/include/ur_dashboard_msgs/ur_dashboard_msgs/msg/detail/version_information__type_support.hpp
[15.398s] -- Symlinking: /home/huy/ur3_llm_ws/install/ur_dashboard_msgs/include/ur_dashboard_msgs/ur_dashboard_msgs/msg/operational_mode.hpp
[15.406s] -- Symlinking: /home/huy/ur3_llm_ws/install/ur_dashboard_msgs/include/ur_dashboard_msgs/ur_dashboard_msgs/msg/program_information.hpp
[15.415s] -- Symlinking: /home/huy/ur3_llm_ws/install/ur_dashboard_msgs/include/ur_dashboard_msgs/ur_dashboard_msgs/msg/program_state.hpp
[15.422s] -- Symlinking: /home/huy/ur3_llm_ws/install/ur_dashboard_msgs/include/ur_dashboard_msgs/ur_dashboard_msgs/msg/robot_mode.hpp
[15.432s] -- Symlinking: /home/huy/ur3_llm_ws/install/ur_dashboard_msgs/include/ur_dashboard_msgs/ur_dashboard_msgs/msg/rosidl_generator_cpp__visibility_control.hpp
[15.440s] -- Symlinking: /home/huy/ur3_llm_ws/install/ur_dashboard_msgs/include/ur_dashboard_msgs/ur_dashboard_msgs/msg/safety_mode.hpp
[15.446s] -- Symlinking: /home/huy/ur3_llm_ws/install/ur_dashboard_msgs/include/ur_dashboard_msgs/ur_dashboard_msgs/msg/safety_status.hpp
[15.452s] -- Symlinking: /home/huy/ur3_llm_ws/install/ur_dashboard_msgs/include/ur_dashboard_msgs/ur_dashboard_msgs/msg/user_role.hpp
[15.460s] -- Symlinking: /home/huy/ur3_llm_ws/install/ur_dashboard_msgs/include/ur_dashboard_msgs/ur_dashboard_msgs/msg/version_information.hpp
[15.467s] -- Symlinking: /home/huy/ur3_llm_ws/install/ur_dashboard_msgs/include/ur_dashboard_msgs/ur_dashboard_msgs/srv/add_to_log.hpp
[15.473s] -- Symlinking: /home/huy/ur3_llm_ws/install/ur_dashboard_msgs/include/ur_dashboard_msgs/ur_dashboard_msgs/srv/detail/add_to_log__builder.hpp
[15.479s] -- Symlinking: /home/huy/ur3_llm_ws/install/ur_dashboard_msgs/include/ur_dashboard_msgs/ur_dashboard_msgs/srv/detail/add_to_log__struct.hpp
[15.485s] -- Symlinking: /home/huy/ur3_llm_ws/install/ur_dashboard_msgs/include/ur_dashboard_msgs/ur_dashboard_msgs/srv/detail/add_to_log__traits.hpp
[15.491s] -- Symlinking: /home/huy/ur3_llm_ws/install/ur_dashboard_msgs/include/ur_dashboard_msgs/ur_dashboard_msgs/srv/detail/add_to_log__type_support.hpp
[15.497s] -- Symlinking: /home/huy/ur3_llm_ws/install/ur_dashboard_msgs/include/ur_dashboard_msgs/ur_dashboard_msgs/srv/detail/download_program__builder.hpp
[15.503s] -- Symlinking: /home/huy/ur3_llm_ws/install/ur_dashboard_msgs/include/ur_dashboard_msgs/ur_dashboard_msgs/srv/detail/download_program__struct.hpp
[15.509s] -- Symlinking: /home/huy/ur3_llm_ws/install/ur_dashboard_msgs/include/ur_dashboard_msgs/ur_dashboard_msgs/srv/detail/download_program__traits.hpp
[15.515s] -- Symlinking: /home/huy/ur3_llm_ws/install/ur_dashboard_msgs/include/ur_dashboard_msgs/ur_dashboard_msgs/srv/detail/download_program__type_support.hpp
[15.521s] -- Symlinking: /home/huy/ur3_llm_ws/install/ur_dashboard_msgs/include/ur_dashboard_msgs/ur_dashboard_msgs/srv/detail/download_support_file__builder.hpp
[15.528s] -- Symlinking: /home/huy/ur3_llm_ws/install/ur_dashboard_msgs/include/ur_dashboard_msgs/ur_dashboard_msgs/srv/detail/download_support_file__struct.hpp
[15.535s] -- Symlinking: /home/huy/ur3_llm_ws/install/ur_dashboard_msgs/include/ur_dashboard_msgs/ur_dashboard_msgs/srv/detail/download_support_file__traits.hpp
[15.540s] -- Symlinking: /home/huy/ur3_llm_ws/install/ur_dashboard_msgs/include/ur_dashboard_msgs/ur_dashboard_msgs/srv/detail/download_support_file__type_support.hpp
[15.545s] -- Symlinking: /home/huy/ur3_llm_ws/install/ur_dashboard_msgs/include/ur_dashboard_msgs/ur_dashboard_msgs/srv/detail/generate_flight_report__builder.hpp
[15.553s] -- Symlinking: /home/huy/ur3_llm_ws/install/ur_dashboard_msgs/include/ur_dashboard_msgs/ur_dashboard_msgs/srv/detail/generate_flight_report__struct.hpp
[15.559s] -- Symlinking: /home/huy/ur3_llm_ws/install/ur_dashboard_msgs/include/ur_dashboard_msgs/ur_dashboard_msgs/srv/detail/generate_flight_report__traits.hpp
[15.565s] -- Symlinking: /home/huy/ur3_llm_ws/install/ur_dashboard_msgs/include/ur_dashboard_msgs/ur_dashboard_msgs/srv/detail/generate_flight_report__type_support.hpp
[15.571s] -- Symlinking: /home/huy/ur3_llm_ws/install/ur_dashboard_msgs/include/ur_dashboard_msgs/ur_dashboard_msgs/srv/detail/generate_support_file__builder.hpp
[15.576s] -- Symlinking: /home/huy/ur3_llm_ws/install/ur_dashboard_msgs/include/ur_dashboard_msgs/ur_dashboard_msgs/srv/detail/generate_support_file__struct.hpp
[15.581s] -- Symlinking: /home/huy/ur3_llm_ws/install/ur_dashboard_msgs/include/ur_dashboard_msgs/ur_dashboard_msgs/srv/detail/generate_support_file__traits.hpp
[15.588s] -- Symlinking: /home/huy/ur3_llm_ws/install/ur_dashboard_msgs/include/ur_dashboard_msgs/ur_dashboard_msgs/srv/detail/generate_support_file__type_support.hpp
[15.593s] -- Symlinking: /home/huy/ur3_llm_ws/install/ur_dashboard_msgs/include/ur_dashboard_msgs/ur_dashboard_msgs/srv/detail/get_loaded_program__builder.hpp
[15.599s] -- Symlinking: /home/huy/ur3_llm_ws/install/ur_dashboard_msgs/include/ur_dashboard_msgs/ur_dashboard_msgs/srv/detail/get_loaded_program__struct.hpp
[15.606s] -- Symlinking: /home/huy/ur3_llm_ws/install/ur_dashboard_msgs/include/ur_dashboard_msgs/ur_dashboard_msgs/srv/detail/get_loaded_program__traits.hpp
[15.612s] -- Symlinking: /home/huy/ur3_llm_ws/install/ur_dashboard_msgs/include/ur_dashboard_msgs/ur_dashboard_msgs/srv/detail/get_loaded_program__type_support.hpp
[15.619s] -- Symlinking: /home/huy/ur3_llm_ws/install/ur_dashboard_msgs/include/ur_dashboard_msgs/ur_dashboard_msgs/srv/detail/get_operational_mode__builder.hpp
[15.624s] -- Symlinking: /home/huy/ur3_llm_ws/install/ur_dashboard_msgs/include/ur_dashboard_msgs/ur_dashboard_msgs/srv/detail/get_operational_mode__struct.hpp
[15.631s] -- Symlinking: /home/huy/ur3_llm_ws/install/ur_dashboard_msgs/include/ur_dashboard_msgs/ur_dashboard_msgs/srv/detail/get_operational_mode__traits.hpp
[15.636s] -- Symlinking: /home/huy/ur3_llm_ws/install/ur_dashboard_msgs/include/ur_dashboard_msgs/ur_dashboard_msgs/srv/detail/get_operational_mode__type_support.hpp
[15.643s] -- Symlinking: /home/huy/ur3_llm_ws/install/ur_dashboard_msgs/include/ur_dashboard_msgs/ur_dashboard_msgs/srv/detail/get_poly_scope_version__builder.hpp
[15.648s] -- Symlinking: /home/huy/ur3_llm_ws/install/ur_dashboard_msgs/include/ur_dashboard_msgs/ur_dashboard_msgs/srv/detail/get_poly_scope_version__struct.hpp
[15.655s] -- Symlinking: /home/huy/ur3_llm_ws/install/ur_dashboard_msgs/include/ur_dashboard_msgs/ur_dashboard_msgs/srv/detail/get_poly_scope_version__traits.hpp
[15.660s] -- Symlinking: /home/huy/ur3_llm_ws/install/ur_dashboard_msgs/include/ur_dashboard_msgs/ur_dashboard_msgs/srv/detail/get_poly_scope_version__type_support.hpp
[15.668s] -- Symlinking: /home/huy/ur3_llm_ws/install/ur_dashboard_msgs/include/ur_dashboard_msgs/ur_dashboard_msgs/srv/detail/get_program_state__builder.hpp
[15.676s] -- Symlinking: /home/huy/ur3_llm_ws/install/ur_dashboard_msgs/include/ur_dashboard_msgs/ur_dashboard_msgs/srv/detail/get_program_state__struct.hpp
[15.681s] -- Symlinking: /home/huy/ur3_llm_ws/install/ur_dashboard_msgs/include/ur_dashboard_msgs/ur_dashboard_msgs/srv/detail/get_program_state__traits.hpp
[15.686s] -- Symlinking: /home/huy/ur3_llm_ws/install/ur_dashboard_msgs/include/ur_dashboard_msgs/ur_dashboard_msgs/srv/detail/get_program_state__type_support.hpp
[15.692s] -- Symlinking: /home/huy/ur3_llm_ws/install/ur_dashboard_msgs/include/ur_dashboard_msgs/ur_dashboard_msgs/srv/detail/get_programs__builder.hpp
[15.699s] -- Symlinking: /home/huy/ur3_llm_ws/install/ur_dashboard_msgs/include/ur_dashboard_msgs/ur_dashboard_msgs/srv/detail/get_programs__struct.hpp
[15.705s] -- Symlinking: /home/huy/ur3_llm_ws/install/ur_dashboard_msgs/include/ur_dashboard_msgs/ur_dashboard_msgs/srv/detail/get_programs__traits.hpp
[15.711s] -- Symlinking: /home/huy/ur3_llm_ws/install/ur_dashboard_msgs/include/ur_dashboard_msgs/ur_dashboard_msgs/srv/detail/get_programs__type_support.hpp
[15.717s] -- Symlinking: /home/huy/ur3_llm_ws/install/ur_dashboard_msgs/include/ur_dashboard_msgs/ur_dashboard_msgs/srv/detail/get_robot_mode__builder.hpp
[15.723s] -- Symlinking: /home/huy/ur3_llm_ws/install/ur_dashboard_msgs/include/ur_dashboard_msgs/ur_dashboard_msgs/srv/detail/get_robot_mode__struct.hpp
[15.729s] -- Symlinking: /home/huy/ur3_llm_ws/install/ur_dashboard_msgs/include/ur_dashboard_msgs/ur_dashboard_msgs/srv/detail/get_robot_mode__traits.hpp
[15.734s] -- Symlinking: /home/huy/ur3_llm_ws/install/ur_dashboard_msgs/include/ur_dashboard_msgs/ur_dashboard_msgs/srv/detail/get_robot_mode__type_support.hpp
[15.740s] -- Symlinking: /home/huy/ur3_llm_ws/install/ur_dashboard_msgs/include/ur_dashboard_msgs/ur_dashboard_msgs/srv/detail/get_robot_model__builder.hpp
[15.746s] -- Symlinking: /home/huy/ur3_llm_ws/install/ur_dashboard_msgs/include/ur_dashboard_msgs/ur_dashboard_msgs/srv/detail/get_robot_model__struct.hpp
[15.752s] -- Symlinking: /home/huy/ur3_llm_ws/install/ur_dashboard_msgs/include/ur_dashboard_msgs/ur_dashboard_msgs/srv/detail/get_robot_model__traits.hpp
[15.758s] -- Symlinking: /home/huy/ur3_llm_ws/install/ur_dashboard_msgs/include/ur_dashboard_msgs/ur_dashboard_msgs/srv/detail/get_robot_model__type_support.hpp
[15.765s] -- Symlinking: /home/huy/ur3_llm_ws/install/ur_dashboard_msgs/include/ur_dashboard_msgs/ur_dashboard_msgs/srv/detail/get_safety_mode__builder.hpp
[15.771s] -- Symlinking: /home/huy/ur3_llm_ws/install/ur_dashboard_msgs/include/ur_dashboard_msgs/ur_dashboard_msgs/srv/detail/get_safety_mode__struct.hpp
[15.777s] -- Symlinking: /home/huy/ur3_llm_ws/install/ur_dashboard_msgs/include/ur_dashboard_msgs/ur_dashboard_msgs/srv/detail/get_safety_mode__traits.hpp
[15.782s] -- Symlinking: /home/huy/ur3_llm_ws/install/ur_dashboard_msgs/include/ur_dashboard_msgs/ur_dashboard_msgs/srv/detail/get_safety_mode__type_support.hpp
[15.789s] -- Symlinking: /home/huy/ur3_llm_ws/install/ur_dashboard_msgs/include/ur_dashboard_msgs/ur_dashboard_msgs/srv/detail/get_safety_status__builder.hpp
[15.795s] -- Symlinking: /home/huy/ur3_llm_ws/install/ur_dashboard_msgs/include/ur_dashboard_msgs/ur_dashboard_msgs/srv/detail/get_safety_status__struct.hpp
[15.801s] -- Symlinking: /home/huy/ur3_llm_ws/install/ur_dashboard_msgs/include/ur_dashboard_msgs/ur_dashboard_msgs/srv/detail/get_safety_status__traits.hpp
[15.806s] -- Symlinking: /home/huy/ur3_llm_ws/install/ur_dashboard_msgs/include/ur_dashboard_msgs/ur_dashboard_msgs/srv/detail/get_safety_status__type_support.hpp
[15.813s] -- Symlinking: /home/huy/ur3_llm_ws/install/ur_dashboard_msgs/include/ur_dashboard_msgs/ur_dashboard_msgs/srv/detail/get_serial_number__builder.hpp
[15.818s] -- Symlinking: /home/huy/ur3_llm_ws/install/ur_dashboard_msgs/include/ur_dashboard_msgs/ur_dashboard_msgs/srv/detail/get_serial_number__struct.hpp
[15.825s] -- Symlinking: /home/huy/ur3_llm_ws/install/ur_dashboard_msgs/include/ur_dashboard_msgs/ur_dashboard_msgs/srv/detail/get_serial_number__traits.hpp
[15.831s] -- Symlinking: /home/huy/ur3_llm_ws/install/ur_dashboard_msgs/include/ur_dashboard_msgs/ur_dashboard_msgs/srv/detail/get_serial_number__type_support.hpp
[15.836s] -- Symlinking: /home/huy/ur3_llm_ws/install/ur_dashboard_msgs/include/ur_dashboard_msgs/ur_dashboard_msgs/srv/detail/get_user_role__builder.hpp
[15.842s] -- Symlinking: /home/huy/ur3_llm_ws/install/ur_dashboard_msgs/include/ur_dashboard_msgs/ur_dashboard_msgs/srv/detail/get_user_role__struct.hpp
[15.850s] -- Symlinking: /home/huy/ur3_llm_ws/install/ur_dashboard_msgs/include/ur_dashboard_msgs/ur_dashboard_msgs/srv/detail/get_user_role__traits.hpp
[15.857s] -- Symlinking: /home/huy/ur3_llm_ws/install/ur_dashboard_msgs/include/ur_dashboard_msgs/ur_dashboard_msgs/srv/detail/get_user_role__type_support.hpp
[15.862s] -- Symlinking: /home/huy/ur3_llm_ws/install/ur_dashboard_msgs/include/ur_dashboard_msgs/ur_dashboard_msgs/srv/detail/is_in_remote_control__builder.hpp
[15.868s] -- Symlinking: /home/huy/ur3_llm_ws/install/ur_dashboard_msgs/include/ur_dashboard_msgs/ur_dashboard_msgs/srv/detail/is_in_remote_control__struct.hpp
[15.874s] -- Symlinking: /home/huy/ur3_llm_ws/install/ur_dashboard_msgs/include/ur_dashboard_msgs/ur_dashboard_msgs/srv/detail/is_in_remote_control__traits.hpp
[15.882s] -- Symlinking: /home/huy/ur3_llm_ws/install/ur_dashboard_msgs/include/ur_dashboard_msgs/ur_dashboard_msgs/srv/detail/is_in_remote_control__type_support.hpp
[15.887s] -- Symlinking: /home/huy/ur3_llm_ws/install/ur_dashboard_msgs/include/ur_dashboard_msgs/ur_dashboard_msgs/srv/detail/is_program_running__builder.hpp
[15.893s] -- Symlinking: /home/huy/ur3_llm_ws/install/ur_dashboard_msgs/include/ur_dashboard_msgs/ur_dashboard_msgs/srv/detail/is_program_running__struct.hpp
[15.899s] -- Symlinking: /home/huy/ur3_llm_ws/install/ur_dashboard_msgs/include/ur_dashboard_msgs/ur_dashboard_msgs/srv/detail/is_program_running__traits.hpp
[15.905s] -- Symlinking: /home/huy/ur3_llm_ws/install/ur_dashboard_msgs/include/ur_dashboard_msgs/ur_dashboard_msgs/srv/detail/is_program_running__type_support.hpp
[15.911s] -- Symlinking: /home/huy/ur3_llm_ws/install/ur_dashboard_msgs/include/ur_dashboard_msgs/ur_dashboard_msgs/srv/detail/is_program_saved__builder.hpp
[15.917s] -- Symlinking: /home/huy/ur3_llm_ws/install/ur_dashboard_msgs/include/ur_dashboard_msgs/ur_dashboard_msgs/srv/detail/is_program_saved__struct.hpp
[15.925s] -- Symlinking: /home/huy/ur3_llm_ws/install/ur_dashboard_msgs/include/ur_dashboard_msgs/ur_dashboard_msgs/srv/detail/is_program_saved__traits.hpp
[15.932s] -- Symlinking: /home/huy/ur3_llm_ws/install/ur_dashboard_msgs/include/ur_dashboard_msgs/ur_dashboard_msgs/srv/detail/is_program_saved__type_support.hpp
[15.939s] -- Symlinking: /home/huy/ur3_llm_ws/install/ur_dashboard_msgs/include/ur_dashboard_msgs/ur_dashboard_msgs/srv/detail/load__builder.hpp
[15.946s] -- Symlinking: /home/huy/ur3_llm_ws/install/ur_dashboard_msgs/include/ur_dashboard_msgs/ur_dashboard_msgs/srv/detail/load__struct.hpp
[15.952s] -- Symlinking: /home/huy/ur3_llm_ws/install/ur_dashboard_msgs/include/ur_dashboard_msgs/ur_dashboard_msgs/srv/detail/load__traits.hpp
[15.960s] -- Symlinking: /home/huy/ur3_llm_ws/install/ur_dashboard_msgs/include/ur_dashboard_msgs/ur_dashboard_msgs/srv/detail/load__type_support.hpp
[15.966s] -- Symlinking: /home/huy/ur3_llm_ws/install/ur_dashboard_msgs/include/ur_dashboard_msgs/ur_dashboard_msgs/srv/detail/popup__builder.hpp
[15.975s] -- Symlinking: /home/huy/ur3_llm_ws/install/ur_dashboard_msgs/include/ur_dashboard_msgs/ur_dashboard_msgs/srv/detail/popup__struct.hpp
[15.984s] -- Symlinking: /home/huy/ur3_llm_ws/install/ur_dashboard_msgs/include/ur_dashboard_msgs/ur_dashboard_msgs/srv/detail/popup__traits.hpp
[15.991s] -- Symlinking: /home/huy/ur3_llm_ws/install/ur_dashboard_msgs/include/ur_dashboard_msgs/ur_dashboard_msgs/srv/detail/popup__type_support.hpp
[15.998s] -- Symlinking: /home/huy/ur3_llm_ws/install/ur_dashboard_msgs/include/ur_dashboard_msgs/ur_dashboard_msgs/srv/detail/raw_request__builder.hpp
[16.006s] -- Symlinking: /home/huy/ur3_llm_ws/install/ur_dashboard_msgs/include/ur_dashboard_msgs/ur_dashboard_msgs/srv/detail/raw_request__struct.hpp
[16.013s] -- Symlinking: /home/huy/ur3_llm_ws/install/ur_dashboard_msgs/include/ur_dashboard_msgs/ur_dashboard_msgs/srv/detail/raw_request__traits.hpp
[16.019s] -- Symlinking: /home/huy/ur3_llm_ws/install/ur_dashboard_msgs/include/ur_dashboard_msgs/ur_dashboard_msgs/srv/detail/raw_request__type_support.hpp
[16.027s] -- Symlinking: /home/huy/ur3_llm_ws/install/ur_dashboard_msgs/include/ur_dashboard_msgs/ur_dashboard_msgs/srv/detail/set_operational_mode__builder.hpp
[16.034s] -- Symlinking: /home/huy/ur3_llm_ws/install/ur_dashboard_msgs/include/ur_dashboard_msgs/ur_dashboard_msgs/srv/detail/set_operational_mode__struct.hpp
[16.041s] -- Symlinking: /home/huy/ur3_llm_ws/install/ur_dashboard_msgs/include/ur_dashboard_msgs/ur_dashboard_msgs/srv/detail/set_operational_mode__traits.hpp
[16.049s] -- Symlinking: /home/huy/ur3_llm_ws/install/ur_dashboard_msgs/include/ur_dashboard_msgs/ur_dashboard_msgs/srv/detail/set_operational_mode__type_support.hpp
[16.055s] -- Symlinking: /home/huy/ur3_llm_ws/install/ur_dashboard_msgs/include/ur_dashboard_msgs/ur_dashboard_msgs/srv/detail/set_user_role__builder.hpp
[16.060s] -- Symlinking: /home/huy/ur3_llm_ws/install/ur_dashboard_msgs/include/ur_dashboard_msgs/ur_dashboard_msgs/srv/detail/set_user_role__struct.hpp
[16.067s] -- Symlinking: /home/huy/ur3_llm_ws/install/ur_dashboard_msgs/include/ur_dashboard_msgs/ur_dashboard_msgs/srv/detail/set_user_role__traits.hpp
[16.073s] -- Symlinking: /home/huy/ur3_llm_ws/install/ur_dashboard_msgs/include/ur_dashboard_msgs/ur_dashboard_msgs/srv/detail/set_user_role__type_support.hpp
[16.080s] -- Symlinking: /home/huy/ur3_llm_ws/install/ur_dashboard_msgs/include/ur_dashboard_msgs/ur_dashboard_msgs/srv/detail/upload_program__builder.hpp
[16.086s] -- Symlinking: /home/huy/ur3_llm_ws/install/ur_dashboard_msgs/include/ur_dashboard_msgs/ur_dashboard_msgs/srv/detail/upload_program__struct.hpp
[16.092s] -- Symlinking: /home/huy/ur3_llm_ws/install/ur_dashboard_msgs/include/ur_dashboard_msgs/ur_dashboard_msgs/srv/detail/upload_program__traits.hpp
[16.097s] -- Symlinking: /home/huy/ur3_llm_ws/install/ur_dashboard_msgs/include/ur_dashboard_msgs/ur_dashboard_msgs/srv/detail/upload_program__type_support.hpp
[16.103s] -- Symlinking: /home/huy/ur3_llm_ws/install/ur_dashboard_msgs/include/ur_dashboard_msgs/ur_dashboard_msgs/srv/download_program.hpp
[16.109s] -- Symlinking: /home/huy/ur3_llm_ws/install/ur_dashboard_msgs/include/ur_dashboard_msgs/ur_dashboard_msgs/srv/download_support_file.hpp
[16.115s] -- Symlinking: /home/huy/ur3_llm_ws/install/ur_dashboard_msgs/include/ur_dashboard_msgs/ur_dashboard_msgs/srv/generate_flight_report.hpp
[16.121s] -- Symlinking: /home/huy/ur3_llm_ws/install/ur_dashboard_msgs/include/ur_dashboard_msgs/ur_dashboard_msgs/srv/generate_support_file.hpp
[16.127s] -- Symlinking: /home/huy/ur3_llm_ws/install/ur_dashboard_msgs/include/ur_dashboard_msgs/ur_dashboard_msgs/srv/get_loaded_program.hpp
[16.133s] -- Symlinking: /home/huy/ur3_llm_ws/install/ur_dashboard_msgs/include/ur_dashboard_msgs/ur_dashboard_msgs/srv/get_operational_mode.hpp
[16.139s] -- Symlinking: /home/huy/ur3_llm_ws/install/ur_dashboard_msgs/include/ur_dashboard_msgs/ur_dashboard_msgs/srv/get_poly_scope_version.hpp
[16.145s] -- Symlinking: /home/huy/ur3_llm_ws/install/ur_dashboard_msgs/include/ur_dashboard_msgs/ur_dashboard_msgs/srv/get_program_state.hpp
[16.151s] -- Symlinking: /home/huy/ur3_llm_ws/install/ur_dashboard_msgs/include/ur_dashboard_msgs/ur_dashboard_msgs/srv/get_programs.hpp
[16.157s] -- Symlinking: /home/huy/ur3_llm_ws/install/ur_dashboard_msgs/include/ur_dashboard_msgs/ur_dashboard_msgs/srv/get_robot_mode.hpp
[16.163s] -- Symlinking: /home/huy/ur3_llm_ws/install/ur_dashboard_msgs/include/ur_dashboard_msgs/ur_dashboard_msgs/srv/get_robot_model.hpp
[16.169s] -- Symlinking: /home/huy/ur3_llm_ws/install/ur_dashboard_msgs/include/ur_dashboard_msgs/ur_dashboard_msgs/srv/get_safety_mode.hpp
[16.176s] -- Symlinking: /home/huy/ur3_llm_ws/install/ur_dashboard_msgs/include/ur_dashboard_msgs/ur_dashboard_msgs/srv/get_safety_status.hpp
[16.183s] -- Symlinking: /home/huy/ur3_llm_ws/install/ur_dashboard_msgs/include/ur_dashboard_msgs/ur_dashboard_msgs/srv/get_serial_number.hpp
[16.188s] -- Symlinking: /home/huy/ur3_llm_ws/install/ur_dashboard_msgs/include/ur_dashboard_msgs/ur_dashboard_msgs/srv/get_user_role.hpp
[16.194s] -- Symlinking: /home/huy/ur3_llm_ws/install/ur_dashboard_msgs/include/ur_dashboard_msgs/ur_dashboard_msgs/srv/is_in_remote_control.hpp
[16.200s] -- Symlinking: /home/huy/ur3_llm_ws/install/ur_dashboard_msgs/include/ur_dashboard_msgs/ur_dashboard_msgs/srv/is_program_running.hpp
[16.208s] -- Symlinking: /home/huy/ur3_llm_ws/install/ur_dashboard_msgs/include/ur_dashboard_msgs/ur_dashboard_msgs/srv/is_program_saved.hpp
[16.215s] -- Symlinking: /home/huy/ur3_llm_ws/install/ur_dashboard_msgs/include/ur_dashboard_msgs/ur_dashboard_msgs/srv/load.hpp
[16.223s] -- Symlinking: /home/huy/ur3_llm_ws/install/ur_dashboard_msgs/include/ur_dashboard_msgs/ur_dashboard_msgs/srv/popup.hpp
[16.230s] -- Symlinking: /home/huy/ur3_llm_ws/install/ur_dashboard_msgs/include/ur_dashboard_msgs/ur_dashboard_msgs/srv/raw_request.hpp
[16.237s] -- Symlinking: /home/huy/ur3_llm_ws/install/ur_dashboard_msgs/include/ur_dashboard_msgs/ur_dashboard_msgs/srv/set_operational_mode.hpp
[16.243s] -- Symlinking: /home/huy/ur3_llm_ws/install/ur_dashboard_msgs/include/ur_dashboard_msgs/ur_dashboard_msgs/srv/set_user_role.hpp
[16.249s] -- Symlinking: /home/huy/ur3_llm_ws/install/ur_dashboard_msgs/include/ur_dashboard_msgs/ur_dashboard_msgs/srv/upload_program.hpp
[16.256s] -- Symlinking: /home/huy/ur3_llm_ws/install/ur_dashboard_msgs/include/ur_dashboard_msgs/ur_dashboard_msgs/action/detail/set_mode__rosidl_typesupport_fastrtps_cpp.hpp
[16.266s] -- Symlinking: /home/huy/ur3_llm_ws/install/ur_dashboard_msgs/include/ur_dashboard_msgs/ur_dashboard_msgs/msg/detail/operational_mode__rosidl_typesupport_fastrtps_cpp.hpp
[16.274s] -- Symlinking: /home/huy/ur3_llm_ws/install/ur_dashboard_msgs/include/ur_dashboard_msgs/ur_dashboard_msgs/msg/detail/program_information__rosidl_typesupport_fastrtps_cpp.hpp
[16.279s] -- Symlinking: /home/huy/ur3_llm_ws/install/ur_dashboard_msgs/include/ur_dashboard_msgs/ur_dashboard_msgs/msg/detail/program_state__rosidl_typesupport_fastrtps_cpp.hpp
[16.285s] -- Symlinking: /home/huy/ur3_llm_ws/install/ur_dashboard_msgs/include/ur_dashboard_msgs/ur_dashboard_msgs/msg/detail/robot_mode__rosidl_typesupport_fastrtps_cpp.hpp
[16.292s] -- Symlinking: /home/huy/ur3_llm_ws/install/ur_dashboard_msgs/include/ur_dashboard_msgs/ur_dashboard_msgs/msg/detail/safety_mode__rosidl_typesupport_fastrtps_cpp.hpp
[16.300s] -- Symlinking: /home/huy/ur3_llm_ws/install/ur_dashboard_msgs/include/ur_dashboard_msgs/ur_dashboard_msgs/msg/detail/safety_status__rosidl_typesupport_fastrtps_cpp.hpp
[16.307s] -- Symlinking: /home/huy/ur3_llm_ws/install/ur_dashboard_msgs/include/ur_dashboard_msgs/ur_dashboard_msgs/msg/detail/user_role__rosidl_typesupport_fastrtps_cpp.hpp
[16.317s] -- Symlinking: /home/huy/ur3_llm_ws/install/ur_dashboard_msgs/include/ur_dashboard_msgs/ur_dashboard_msgs/msg/detail/version_information__rosidl_typesupport_fastrtps_cpp.hpp
[16.325s] -- Symlinking: /home/huy/ur3_llm_ws/install/ur_dashboard_msgs/include/ur_dashboard_msgs/ur_dashboard_msgs/msg/rosidl_typesupport_fastrtps_cpp__visibility_control.h
[16.331s] -- Symlinking: /home/huy/ur3_llm_ws/install/ur_dashboard_msgs/include/ur_dashboard_msgs/ur_dashboard_msgs/srv/detail/add_to_log__rosidl_typesupport_fastrtps_cpp.hpp
[16.338s] -- Symlinking: /home/huy/ur3_llm_ws/install/ur_dashboard_msgs/include/ur_dashboard_msgs/ur_dashboard_msgs/srv/detail/download_program__rosidl_typesupport_fastrtps_cpp.hpp
[16.343s] -- Symlinking: /home/huy/ur3_llm_ws/install/ur_dashboard_msgs/include/ur_dashboard_msgs/ur_dashboard_msgs/srv/detail/download_support_file__rosidl_typesupport_fastrtps_cpp.hpp
[16.356s] -- Symlinking: /home/huy/ur3_llm_ws/install/ur_dashboard_msgs/include/ur_dashboard_msgs/ur_dashboard_msgs/srv/detail/generate_flight_report__rosidl_typesupport_fastrtps_cpp.hpp
[16.360s] -- Symlinking: /home/huy/ur3_llm_ws/install/ur_dashboard_msgs/include/ur_dashboard_msgs/ur_dashboard_msgs/srv/detail/generate_support_file__rosidl_typesupport_fastrtps_cpp.hpp
[16.365s] -- Symlinking: /home/huy/ur3_llm_ws/install/ur_dashboard_msgs/include/ur_dashboard_msgs/ur_dashboard_msgs/srv/detail/get_loaded_program__rosidl_typesupport_fastrtps_cpp.hpp
[16.370s] -- Symlinking: /home/huy/ur3_llm_ws/install/ur_dashboard_msgs/include/ur_dashboard_msgs/ur_dashboard_msgs/srv/detail/get_operational_mode__rosidl_typesupport_fastrtps_cpp.hpp
[16.377s] -- Symlinking: /home/huy/ur3_llm_ws/install/ur_dashboard_msgs/include/ur_dashboard_msgs/ur_dashboard_msgs/srv/detail/get_poly_scope_version__rosidl_typesupport_fastrtps_cpp.hpp
[16.382s] -- Symlinking: /home/huy/ur3_llm_ws/install/ur_dashboard_msgs/include/ur_dashboard_msgs/ur_dashboard_msgs/srv/detail/get_program_state__rosidl_typesupport_fastrtps_cpp.hpp
[16.388s] -- Symlinking: /home/huy/ur3_llm_ws/install/ur_dashboard_msgs/include/ur_dashboard_msgs/ur_dashboard_msgs/srv/detail/get_programs__rosidl_typesupport_fastrtps_cpp.hpp
[16.394s] -- Symlinking: /home/huy/ur3_llm_ws/install/ur_dashboard_msgs/include/ur_dashboard_msgs/ur_dashboard_msgs/srv/detail/get_robot_mode__rosidl_typesupport_fastrtps_cpp.hpp
[16.400s] -- Symlinking: /home/huy/ur3_llm_ws/install/ur_dashboard_msgs/include/ur_dashboard_msgs/ur_dashboard_msgs/srv/detail/get_robot_model__rosidl_typesupport_fastrtps_cpp.hpp
[16.405s] -- Symlinking: /home/huy/ur3_llm_ws/install/ur_dashboard_msgs/include/ur_dashboard_msgs/ur_dashboard_msgs/srv/detail/get_safety_mode__rosidl_typesupport_fastrtps_cpp.hpp
[16.411s] -- Symlinking: /home/huy/ur3_llm_ws/install/ur_dashboard_msgs/include/ur_dashboard_msgs/ur_dashboard_msgs/srv/detail/get_safety_status__rosidl_typesupport_fastrtps_cpp.hpp
[16.417s] -- Symlinking: /home/huy/ur3_llm_ws/install/ur_dashboard_msgs/include/ur_dashboard_msgs/ur_dashboard_msgs/srv/detail/get_serial_number__rosidl_typesupport_fastrtps_cpp.hpp
[16.423s] -- Symlinking: /home/huy/ur3_llm_ws/install/ur_dashboard_msgs/include/ur_dashboard_msgs/ur_dashboard_msgs/srv/detail/get_user_role__rosidl_typesupport_fastrtps_cpp.hpp
[16.428s] -- Symlinking: /home/huy/ur3_llm_ws/install/ur_dashboard_msgs/include/ur_dashboard_msgs/ur_dashboard_msgs/srv/detail/is_in_remote_control__rosidl_typesupport_fastrtps_cpp.hpp
[16.435s] -- Symlinking: /home/huy/ur3_llm_ws/install/ur_dashboard_msgs/include/ur_dashboard_msgs/ur_dashboard_msgs/srv/detail/is_program_running__rosidl_typesupport_fastrtps_cpp.hpp
[16.440s] -- Symlinking: /home/huy/ur3_llm_ws/install/ur_dashboard_msgs/include/ur_dashboard_msgs/ur_dashboard_msgs/srv/detail/is_program_saved__rosidl_typesupport_fastrtps_cpp.hpp
[16.446s] -- Symlinking: /home/huy/ur3_llm_ws/install/ur_dashboard_msgs/include/ur_dashboard_msgs/ur_dashboard_msgs/srv/detail/load__rosidl_typesupport_fastrtps_cpp.hpp
[16.453s] -- Symlinking: /home/huy/ur3_llm_ws/install/ur_dashboard_msgs/include/ur_dashboard_msgs/ur_dashboard_msgs/srv/detail/popup__rosidl_typesupport_fastrtps_cpp.hpp
[16.458s] -- Symlinking: /home/huy/ur3_llm_ws/install/ur_dashboard_msgs/include/ur_dashboard_msgs/ur_dashboard_msgs/srv/detail/raw_request__rosidl_typesupport_fastrtps_cpp.hpp
[16.464s] -- Symlinking: /home/huy/ur3_llm_ws/install/ur_dashboard_msgs/include/ur_dashboard_msgs/ur_dashboard_msgs/srv/detail/set_operational_mode__rosidl_typesupport_fastrtps_cpp.hpp
[16.470s] -- Symlinking: /home/huy/ur3_llm_ws/install/ur_dashboard_msgs/include/ur_dashboard_msgs/ur_dashboard_msgs/srv/detail/set_user_role__rosidl_typesupport_fastrtps_cpp.hpp
[16.477s] -- Symlinking: /home/huy/ur3_llm_ws/install/ur_dashboard_msgs/include/ur_dashboard_msgs/ur_dashboard_msgs/srv/detail/upload_program__rosidl_typesupport_fastrtps_cpp.hpp
[16.485s] -- Symlinking: /home/huy/ur3_llm_ws/install/ur_dashboard_msgs/include/ur_dashboard_msgs/ur_dashboard_msgs/action/detail/set_mode__rosidl_typesupport_introspection_cpp.hpp
[16.490s] -- Symlinking: /home/huy/ur3_llm_ws/install/ur_dashboard_msgs/include/ur_dashboard_msgs/ur_dashboard_msgs/msg/detail/operational_mode__rosidl_typesupport_introspection_cpp.hpp
[16.497s] -- Symlinking: /home/huy/ur3_llm_ws/install/ur_dashboard_msgs/include/ur_dashboard_msgs/ur_dashboard_msgs/msg/detail/program_information__rosidl_typesupport_introspection_cpp.hpp
[16.504s] -- Symlinking: /home/huy/ur3_llm_ws/install/ur_dashboard_msgs/include/ur_dashboard_msgs/ur_dashboard_msgs/msg/detail/program_state__rosidl_typesupport_introspection_cpp.hpp
[16.511s] -- Symlinking: /home/huy/ur3_llm_ws/install/ur_dashboard_msgs/include/ur_dashboard_msgs/ur_dashboard_msgs/msg/detail/robot_mode__rosidl_typesupport_introspection_cpp.hpp
[16.518s] -- Symlinking: /home/huy/ur3_llm_ws/install/ur_dashboard_msgs/include/ur_dashboard_msgs/ur_dashboard_msgs/msg/detail/safety_mode__rosidl_typesupport_introspection_cpp.hpp
[16.525s] -- Symlinking: /home/huy/ur3_llm_ws/install/ur_dashboard_msgs/include/ur_dashboard_msgs/ur_dashboard_msgs/msg/detail/safety_status__rosidl_typesupport_introspection_cpp.hpp
[16.531s] -- Symlinking: /home/huy/ur3_llm_ws/install/ur_dashboard_msgs/include/ur_dashboard_msgs/ur_dashboard_msgs/msg/detail/user_role__rosidl_typesupport_introspection_cpp.hpp
[16.537s] -- Symlinking: /home/huy/ur3_llm_ws/install/ur_dashboard_msgs/include/ur_dashboard_msgs/ur_dashboard_msgs/msg/detail/version_information__rosidl_typesupport_introspection_cpp.hpp
[16.545s] -- Symlinking: /home/huy/ur3_llm_ws/install/ur_dashboard_msgs/include/ur_dashboard_msgs/ur_dashboard_msgs/srv/detail/add_to_log__rosidl_typesupport_introspection_cpp.hpp
[16.550s] -- Symlinking: /home/huy/ur3_llm_ws/install/ur_dashboard_msgs/include/ur_dashboard_msgs/ur_dashboard_msgs/srv/detail/download_program__rosidl_typesupport_introspection_cpp.hpp
[16.556s] -- Symlinking: /home/huy/ur3_llm_ws/install/ur_dashboard_msgs/include/ur_dashboard_msgs/ur_dashboard_msgs/srv/detail/download_support_file__rosidl_typesupport_introspection_cpp.hpp
[16.561s] -- Symlinking: /home/huy/ur3_llm_ws/install/ur_dashboard_msgs/include/ur_dashboard_msgs/ur_dashboard_msgs/srv/detail/generate_flight_report__rosidl_typesupport_introspection_cpp.hpp
[16.569s] -- Symlinking: /home/huy/ur3_llm_ws/install/ur_dashboard_msgs/include/ur_dashboard_msgs/ur_dashboard_msgs/srv/detail/generate_support_file__rosidl_typesupport_introspection_cpp.hpp
[16.574s] -- Symlinking: /home/huy/ur3_llm_ws/install/ur_dashboard_msgs/include/ur_dashboard_msgs/ur_dashboard_msgs/srv/detail/get_loaded_program__rosidl_typesupport_introspection_cpp.hpp
[16.582s] -- Symlinking: /home/huy/ur3_llm_ws/install/ur_dashboard_msgs/include/ur_dashboard_msgs/ur_dashboard_msgs/srv/detail/get_operational_mode__rosidl_typesupport_introspection_cpp.hpp
[16.588s] -- Symlinking: /home/huy/ur3_llm_ws/install/ur_dashboard_msgs/include/ur_dashboard_msgs/ur_dashboard_msgs/srv/detail/get_poly_scope_version__rosidl_typesupport_introspection_cpp.hpp
[16.595s] -- Symlinking: /home/huy/ur3_llm_ws/install/ur_dashboard_msgs/include/ur_dashboard_msgs/ur_dashboard_msgs/srv/detail/get_program_state__rosidl_typesupport_introspection_cpp.hpp
[16.603s] -- Symlinking: /home/huy/ur3_llm_ws/install/ur_dashboard_msgs/include/ur_dashboard_msgs/ur_dashboard_msgs/srv/detail/get_programs__rosidl_typesupport_introspection_cpp.hpp
[16.609s] -- Symlinking: /home/huy/ur3_llm_ws/install/ur_dashboard_msgs/include/ur_dashboard_msgs/ur_dashboard_msgs/srv/detail/get_robot_mode__rosidl_typesupport_introspection_cpp.hpp
[16.615s] -- Symlinking: /home/huy/ur3_llm_ws/install/ur_dashboard_msgs/include/ur_dashboard_msgs/ur_dashboard_msgs/srv/detail/get_robot_model__rosidl_typesupport_introspection_cpp.hpp
[16.621s] -- Symlinking: /home/huy/ur3_llm_ws/install/ur_dashboard_msgs/include/ur_dashboard_msgs/ur_dashboard_msgs/srv/detail/get_safety_mode__rosidl_typesupport_introspection_cpp.hpp
[16.627s] -- Symlinking: /home/huy/ur3_llm_ws/install/ur_dashboard_msgs/include/ur_dashboard_msgs/ur_dashboard_msgs/srv/detail/get_safety_status__rosidl_typesupport_introspection_cpp.hpp
[16.633s] -- Symlinking: /home/huy/ur3_llm_ws/install/ur_dashboard_msgs/include/ur_dashboard_msgs/ur_dashboard_msgs/srv/detail/get_serial_number__rosidl_typesupport_introspection_cpp.hpp
[16.638s] -- Symlinking: /home/huy/ur3_llm_ws/install/ur_dashboard_msgs/include/ur_dashboard_msgs/ur_dashboard_msgs/srv/detail/get_user_role__rosidl_typesupport_introspection_cpp.hpp
[16.646s] -- Symlinking: /home/huy/ur3_llm_ws/install/ur_dashboard_msgs/include/ur_dashboard_msgs/ur_dashboard_msgs/srv/detail/is_in_remote_control__rosidl_typesupport_introspection_cpp.hpp
[16.651s] -- Symlinking: /home/huy/ur3_llm_ws/install/ur_dashboard_msgs/include/ur_dashboard_msgs/ur_dashboard_msgs/srv/detail/is_program_running__rosidl_typesupport_introspection_cpp.hpp
[16.658s] -- Symlinking: /home/huy/ur3_llm_ws/install/ur_dashboard_msgs/include/ur_dashboard_msgs/ur_dashboard_msgs/srv/detail/is_program_saved__rosidl_typesupport_introspection_cpp.hpp
[16.663s] -- Symlinking: /home/huy/ur3_llm_ws/install/ur_dashboard_msgs/include/ur_dashboard_msgs/ur_dashboard_msgs/srv/detail/load__rosidl_typesupport_introspection_cpp.hpp
[16.669s] -- Symlinking: /home/huy/ur3_llm_ws/install/ur_dashboard_msgs/include/ur_dashboard_msgs/ur_dashboard_msgs/srv/detail/popup__rosidl_typesupport_introspection_cpp.hpp
[16.675s] -- Symlinking: /home/huy/ur3_llm_ws/install/ur_dashboard_msgs/include/ur_dashboard_msgs/ur_dashboard_msgs/srv/detail/raw_request__rosidl_typesupport_introspection_cpp.hpp
[16.680s] -- Symlinking: /home/huy/ur3_llm_ws/install/ur_dashboard_msgs/include/ur_dashboard_msgs/ur_dashboard_msgs/srv/detail/set_operational_mode__rosidl_typesupport_introspection_cpp.hpp
[16.686s] -- Symlinking: /home/huy/ur3_llm_ws/install/ur_dashboard_msgs/include/ur_dashboard_msgs/ur_dashboard_msgs/srv/detail/set_user_role__rosidl_typesupport_introspection_cpp.hpp
[16.691s] -- Symlinking: /home/huy/ur3_llm_ws/install/ur_dashboard_msgs/include/ur_dashboard_msgs/ur_dashboard_msgs/srv/detail/upload_program__rosidl_typesupport_introspection_cpp.hpp
[16.696s] -- Symlinking: /home/huy/ur3_llm_ws/install/ur_dashboard_msgs/share/ur_dashboard_msgs/environment/pythonpath.sh
[16.701s] -- Symlinking: /home/huy/ur3_llm_ws/install/ur_dashboard_msgs/share/ur_dashboard_msgs/environment/pythonpath.dsv
[16.707s] -- Symlinking: /home/huy/ur3_llm_ws/install/ur_dashboard_msgs/local/lib/python3.10/dist-packages/ur_dashboard_msgs-2.15.0-py3.10.egg-info/PKG-INFO
[16.713s] -- Symlinking: /home/huy/ur3_llm_ws/install/ur_dashboard_msgs/local/lib/python3.10/dist-packages/ur_dashboard_msgs-2.15.0-py3.10.egg-info/SOURCES.txt
[16.719s] -- Symlinking: /home/huy/ur3_llm_ws/install/ur_dashboard_msgs/local/lib/python3.10/dist-packages/ur_dashboard_msgs-2.15.0-py3.10.egg-info/dependency_links.txt
[16.725s] -- Symlinking: /home/huy/ur3_llm_ws/install/ur_dashboard_msgs/local/lib/python3.10/dist-packages/ur_dashboard_msgs-2.15.0-py3.10.egg-info/top_level.txt
[16.732s] -- Symlinking: /home/huy/ur3_llm_ws/install/ur_dashboard_msgs/local/lib/python3.10/dist-packages/ur_dashboard_msgs/__init__.py
[16.740s] -- Symlinking: /home/huy/ur3_llm_ws/install/ur_dashboard_msgs/local/lib/python3.10/dist-packages/ur_dashboard_msgs/_ur_dashboard_msgs_s.ep.rosidl_typesupport_c.c
[16.745s] -- Symlinking: /home/huy/ur3_llm_ws/install/ur_dashboard_msgs/local/lib/python3.10/dist-packages/ur_dashboard_msgs/_ur_dashboard_msgs_s.ep.rosidl_typesupport_fastrtps_c.c
[16.753s] -- Symlinking: /home/huy/ur3_llm_ws/install/ur_dashboard_msgs/local/lib/python3.10/dist-packages/ur_dashboard_msgs/_ur_dashboard_msgs_s.ep.rosidl_typesupport_introspection_c.c
[16.763s] -- Symlinking: /home/huy/ur3_llm_ws/install/ur_dashboard_msgs/local/lib/python3.10/dist-packages/ur_dashboard_msgs/action/__init__.py
[16.772s] -- Symlinking: /home/huy/ur3_llm_ws/install/ur_dashboard_msgs/local/lib/python3.10/dist-packages/ur_dashboard_msgs/action/_set_mode.py
[16.777s] -- Symlinking: /home/huy/ur3_llm_ws/install/ur_dashboard_msgs/local/lib/python3.10/dist-packages/ur_dashboard_msgs/action/_set_mode_s.c
[16.783s] -- Symlinking: /home/huy/ur3_llm_ws/install/ur_dashboard_msgs/local/lib/python3.10/dist-packages/ur_dashboard_msgs/libur_dashboard_msgs__rosidl_generator_py.so
[16.790s] -- Symlinking: /home/huy/ur3_llm_ws/install/ur_dashboard_msgs/local/lib/python3.10/dist-packages/ur_dashboard_msgs/msg/__init__.py
[16.795s] -- Symlinking: /home/huy/ur3_llm_ws/install/ur_dashboard_msgs/local/lib/python3.10/dist-packages/ur_dashboard_msgs/msg/_operational_mode.py
[16.801s] -- Symlinking: /home/huy/ur3_llm_ws/install/ur_dashboard_msgs/local/lib/python3.10/dist-packages/ur_dashboard_msgs/msg/_operational_mode_s.c
[16.807s] -- Symlinking: /home/huy/ur3_llm_ws/install/ur_dashboard_msgs/local/lib/python3.10/dist-packages/ur_dashboard_msgs/msg/_program_information.py
[16.814s] -- Symlinking: /home/huy/ur3_llm_ws/install/ur_dashboard_msgs/local/lib/python3.10/dist-packages/ur_dashboard_msgs/msg/_program_information_s.c
[16.823s] -- Symlinking: /home/huy/ur3_llm_ws/install/ur_dashboard_msgs/local/lib/python3.10/dist-packages/ur_dashboard_msgs/msg/_program_state.py
[16.829s] -- Symlinking: /home/huy/ur3_llm_ws/install/ur_dashboard_msgs/local/lib/python3.10/dist-packages/ur_dashboard_msgs/msg/_program_state_s.c
[16.838s] -- Symlinking: /home/huy/ur3_llm_ws/install/ur_dashboard_msgs/local/lib/python3.10/dist-packages/ur_dashboard_msgs/msg/_robot_mode.py
[16.845s] -- Symlinking: /home/huy/ur3_llm_ws/install/ur_dashboard_msgs/local/lib/python3.10/dist-packages/ur_dashboard_msgs/msg/_robot_mode_s.c
[16.854s] -- Symlinking: /home/huy/ur3_llm_ws/install/ur_dashboard_msgs/local/lib/python3.10/dist-packages/ur_dashboard_msgs/msg/_safety_mode.py
[16.863s] -- Symlinking: /home/huy/ur3_llm_ws/install/ur_dashboard_msgs/local/lib/python3.10/dist-packages/ur_dashboard_msgs/msg/_safety_mode_s.c
[16.871s] -- Symlinking: /home/huy/ur3_llm_ws/install/ur_dashboard_msgs/local/lib/python3.10/dist-packages/ur_dashboard_msgs/msg/_safety_status.py
[16.877s] -- Symlinking: /home/huy/ur3_llm_ws/install/ur_dashboard_msgs/local/lib/python3.10/dist-packages/ur_dashboard_msgs/msg/_safety_status_s.c
[16.884s] -- Symlinking: /home/huy/ur3_llm_ws/install/ur_dashboard_msgs/local/lib/python3.10/dist-packages/ur_dashboard_msgs/msg/_user_role.py
[16.892s] -- Symlinking: /home/huy/ur3_llm_ws/install/ur_dashboard_msgs/local/lib/python3.10/dist-packages/ur_dashboard_msgs/msg/_user_role_s.c
[16.897s] -- Symlinking: /home/huy/ur3_llm_ws/install/ur_dashboard_msgs/local/lib/python3.10/dist-packages/ur_dashboard_msgs/msg/_version_information.py
[16.903s] -- Symlinking: /home/huy/ur3_llm_ws/install/ur_dashboard_msgs/local/lib/python3.10/dist-packages/ur_dashboard_msgs/msg/_version_information_s.c
[16.909s] -- Symlinking: /home/huy/ur3_llm_ws/install/ur_dashboard_msgs/local/lib/python3.10/dist-packages/ur_dashboard_msgs/srv/__init__.py
[16.914s] -- Symlinking: /home/huy/ur3_llm_ws/install/ur_dashboard_msgs/local/lib/python3.10/dist-packages/ur_dashboard_msgs/srv/_add_to_log.py
[16.920s] -- Symlinking: /home/huy/ur3_llm_ws/install/ur_dashboard_msgs/local/lib/python3.10/dist-packages/ur_dashboard_msgs/srv/_add_to_log_s.c
[16.927s] -- Symlinking: /home/huy/ur3_llm_ws/install/ur_dashboard_msgs/local/lib/python3.10/dist-packages/ur_dashboard_msgs/srv/_download_program.py
[16.933s] -- Symlinking: /home/huy/ur3_llm_ws/install/ur_dashboard_msgs/local/lib/python3.10/dist-packages/ur_dashboard_msgs/srv/_download_program_s.c
[16.939s] -- Symlinking: /home/huy/ur3_llm_ws/install/ur_dashboard_msgs/local/lib/python3.10/dist-packages/ur_dashboard_msgs/srv/_download_support_file.py
[16.945s] -- Symlinking: /home/huy/ur3_llm_ws/install/ur_dashboard_msgs/local/lib/python3.10/dist-packages/ur_dashboard_msgs/srv/_download_support_file_s.c
[16.950s] -- Symlinking: /home/huy/ur3_llm_ws/install/ur_dashboard_msgs/local/lib/python3.10/dist-packages/ur_dashboard_msgs/srv/_generate_flight_report.py
[16.957s] -- Symlinking: /home/huy/ur3_llm_ws/install/ur_dashboard_msgs/local/lib/python3.10/dist-packages/ur_dashboard_msgs/srv/_generate_flight_report_s.c
[16.964s] -- Symlinking: /home/huy/ur3_llm_ws/install/ur_dashboard_msgs/local/lib/python3.10/dist-packages/ur_dashboard_msgs/srv/_generate_support_file.py
[16.970s] -- Symlinking: /home/huy/ur3_llm_ws/install/ur_dashboard_msgs/local/lib/python3.10/dist-packages/ur_dashboard_msgs/srv/_generate_support_file_s.c
[16.976s] -- Symlinking: /home/huy/ur3_llm_ws/install/ur_dashboard_msgs/local/lib/python3.10/dist-packages/ur_dashboard_msgs/srv/_get_loaded_program.py
[16.981s] -- Symlinking: /home/huy/ur3_llm_ws/install/ur_dashboard_msgs/local/lib/python3.10/dist-packages/ur_dashboard_msgs/srv/_get_loaded_program_s.c
[16.987s] -- Symlinking: /home/huy/ur3_llm_ws/install/ur_dashboard_msgs/local/lib/python3.10/dist-packages/ur_dashboard_msgs/srv/_get_operational_mode.py
[16.993s] -- Symlinking: /home/huy/ur3_llm_ws/install/ur_dashboard_msgs/local/lib/python3.10/dist-packages/ur_dashboard_msgs/srv/_get_operational_mode_s.c
[16.999s] -- Symlinking: /home/huy/ur3_llm_ws/install/ur_dashboard_msgs/local/lib/python3.10/dist-packages/ur_dashboard_msgs/srv/_get_poly_scope_version.py
[17.005s] -- Symlinking: /home/huy/ur3_llm_ws/install/ur_dashboard_msgs/local/lib/python3.10/dist-packages/ur_dashboard_msgs/srv/_get_poly_scope_version_s.c
[17.010s] -- Symlinking: /home/huy/ur3_llm_ws/install/ur_dashboard_msgs/local/lib/python3.10/dist-packages/ur_dashboard_msgs/srv/_get_program_state.py
[17.015s] -- Symlinking: /home/huy/ur3_llm_ws/install/ur_dashboard_msgs/local/lib/python3.10/dist-packages/ur_dashboard_msgs/srv/_get_program_state_s.c
[17.023s] -- Symlinking: /home/huy/ur3_llm_ws/install/ur_dashboard_msgs/local/lib/python3.10/dist-packages/ur_dashboard_msgs/srv/_get_programs.py
[17.029s] -- Symlinking: /home/huy/ur3_llm_ws/install/ur_dashboard_msgs/local/lib/python3.10/dist-packages/ur_dashboard_msgs/srv/_get_programs_s.c
[17.035s] -- Symlinking: /home/huy/ur3_llm_ws/install/ur_dashboard_msgs/local/lib/python3.10/dist-packages/ur_dashboard_msgs/srv/_get_robot_mode.py
[17.040s] -- Symlinking: /home/huy/ur3_llm_ws/install/ur_dashboard_msgs/local/lib/python3.10/dist-packages/ur_dashboard_msgs/srv/_get_robot_mode_s.c
[17.048s] -- Symlinking: /home/huy/ur3_llm_ws/install/ur_dashboard_msgs/local/lib/python3.10/dist-packages/ur_dashboard_msgs/srv/_get_robot_model.py
[17.055s] -- Symlinking: /home/huy/ur3_llm_ws/install/ur_dashboard_msgs/local/lib/python3.10/dist-packages/ur_dashboard_msgs/srv/_get_robot_model_s.c
[17.061s] -- Symlinking: /home/huy/ur3_llm_ws/install/ur_dashboard_msgs/local/lib/python3.10/dist-packages/ur_dashboard_msgs/srv/_get_safety_mode.py
[17.069s] -- Symlinking: /home/huy/ur3_llm_ws/install/ur_dashboard_msgs/local/lib/python3.10/dist-packages/ur_dashboard_msgs/srv/_get_safety_mode_s.c
[17.079s] -- Symlinking: /home/huy/ur3_llm_ws/install/ur_dashboard_msgs/local/lib/python3.10/dist-packages/ur_dashboard_msgs/srv/_get_safety_status.py
[17.090s] -- Symlinking: /home/huy/ur3_llm_ws/install/ur_dashboard_msgs/local/lib/python3.10/dist-packages/ur_dashboard_msgs/srv/_get_safety_status_s.c
[17.095s] -- Symlinking: /home/huy/ur3_llm_ws/install/ur_dashboard_msgs/local/lib/python3.10/dist-packages/ur_dashboard_msgs/srv/_get_serial_number.py
[17.102s] -- Symlinking: /home/huy/ur3_llm_ws/install/ur_dashboard_msgs/local/lib/python3.10/dist-packages/ur_dashboard_msgs/srv/_get_serial_number_s.c
[17.113s] -- Symlinking: /home/huy/ur3_llm_ws/install/ur_dashboard_msgs/local/lib/python3.10/dist-packages/ur_dashboard_msgs/srv/_get_user_role.py
[17.122s] -- Symlinking: /home/huy/ur3_llm_ws/install/ur_dashboard_msgs/local/lib/python3.10/dist-packages/ur_dashboard_msgs/srv/_get_user_role_s.c
[17.131s] -- Symlinking: /home/huy/ur3_llm_ws/install/ur_dashboard_msgs/local/lib/python3.10/dist-packages/ur_dashboard_msgs/srv/_is_in_remote_control.py
[17.137s] -- Symlinking: /home/huy/ur3_llm_ws/install/ur_dashboard_msgs/local/lib/python3.10/dist-packages/ur_dashboard_msgs/srv/_is_in_remote_control_s.c
[17.144s] -- Symlinking: /home/huy/ur3_llm_ws/install/ur_dashboard_msgs/local/lib/python3.10/dist-packages/ur_dashboard_msgs/srv/_is_program_running.py
[17.149s] -- Symlinking: /home/huy/ur3_llm_ws/install/ur_dashboard_msgs/local/lib/python3.10/dist-packages/ur_dashboard_msgs/srv/_is_program_running_s.c
[17.156s] -- Symlinking: /home/huy/ur3_llm_ws/install/ur_dashboard_msgs/local/lib/python3.10/dist-packages/ur_dashboard_msgs/srv/_is_program_saved.py
[17.164s] -- Symlinking: /home/huy/ur3_llm_ws/install/ur_dashboard_msgs/local/lib/python3.10/dist-packages/ur_dashboard_msgs/srv/_is_program_saved_s.c
[17.171s] -- Symlinking: /home/huy/ur3_llm_ws/install/ur_dashboard_msgs/local/lib/python3.10/dist-packages/ur_dashboard_msgs/srv/_load.py
[17.178s] -- Symlinking: /home/huy/ur3_llm_ws/install/ur_dashboard_msgs/local/lib/python3.10/dist-packages/ur_dashboard_msgs/srv/_load_s.c
[17.183s] -- Symlinking: /home/huy/ur3_llm_ws/install/ur_dashboard_msgs/local/lib/python3.10/dist-packages/ur_dashboard_msgs/srv/_popup.py
[17.189s] -- Symlinking: /home/huy/ur3_llm_ws/install/ur_dashboard_msgs/local/lib/python3.10/dist-packages/ur_dashboard_msgs/srv/_popup_s.c
[17.194s] -- Symlinking: /home/huy/ur3_llm_ws/install/ur_dashboard_msgs/local/lib/python3.10/dist-packages/ur_dashboard_msgs/srv/_raw_request.py
[17.200s] -- Symlinking: /home/huy/ur3_llm_ws/install/ur_dashboard_msgs/local/lib/python3.10/dist-packages/ur_dashboard_msgs/srv/_raw_request_s.c
[17.208s] -- Symlinking: /home/huy/ur3_llm_ws/install/ur_dashboard_msgs/local/lib/python3.10/dist-packages/ur_dashboard_msgs/srv/_set_operational_mode.py
[17.213s] -- Symlinking: /home/huy/ur3_llm_ws/install/ur_dashboard_msgs/local/lib/python3.10/dist-packages/ur_dashboard_msgs/srv/_set_operational_mode_s.c
[17.218s] -- Symlinking: /home/huy/ur3_llm_ws/install/ur_dashboard_msgs/local/lib/python3.10/dist-packages/ur_dashboard_msgs/srv/_set_user_role.py
[17.225s] -- Symlinking: /home/huy/ur3_llm_ws/install/ur_dashboard_msgs/local/lib/python3.10/dist-packages/ur_dashboard_msgs/srv/_set_user_role_s.c
[17.232s] -- Symlinking: /home/huy/ur3_llm_ws/install/ur_dashboard_msgs/local/lib/python3.10/dist-packages/ur_dashboard_msgs/srv/_upload_program.py
[17.239s] -- Symlinking: /home/huy/ur3_llm_ws/install/ur_dashboard_msgs/local/lib/python3.10/dist-packages/ur_dashboard_msgs/srv/_upload_program_s.c
[17.246s] -- Symlinking: /home/huy/ur3_llm_ws/install/ur_dashboard_msgs/local/lib/python3.10/dist-packages/ur_dashboard_msgs/ur_dashboard_msgs_s__rosidl_typesupport_c.cpython-310-x86_64-linux-gnu.so
[17.256s] -- Symlinking: /home/huy/ur3_llm_ws/install/ur_dashboard_msgs/local/lib/python3.10/dist-packages/ur_dashboard_msgs/ur_dashboard_msgs_s__rosidl_typesupport_fastrtps_c.cpython-310-x86_64-linux-gnu.so
[17.266s] -- Symlinking: /home/huy/ur3_llm_ws/install/ur_dashboard_msgs/local/lib/python3.10/dist-packages/ur_dashboard_msgs/ur_dashboard_msgs_s__rosidl_typesupport_introspection_c.cpython-310-x86_64-linux-gnu.so
[17.276s] -- Up-to-date symlink: /home/huy/ur3_llm_ws/install/ur_dashboard_msgs/local/lib/python3.10/dist-packages/ur_dashboard_msgs/ur_dashboard_msgs_s__rosidl_typesupport_fastrtps_c.cpython-310-x86_64-linux-gnu.so
[17.277s] -- Up-to-date symlink: /home/huy/ur3_llm_ws/install/ur_dashboard_msgs/local/lib/python3.10/dist-packages/ur_dashboard_msgs/ur_dashboard_msgs_s__rosidl_typesupport_introspection_c.cpython-310-x86_64-linux-gnu.so
[17.277s] -- Up-to-date symlink: /home/huy/ur3_llm_ws/install/ur_dashboard_msgs/local/lib/python3.10/dist-packages/ur_dashboard_msgs/ur_dashboard_msgs_s__rosidl_typesupport_c.cpython-310-x86_64-linux-gnu.so
[17.277s] -- Symlinking: /home/huy/ur3_llm_ws/install/ur_dashboard_msgs/share/ament_index/resource_index/rust_packages/ur_dashboard_msgs
[17.288s] -- Symlinking: /home/huy/ur3_llm_ws/install/ur_dashboard_msgs/share/ur_dashboard_msgs/rust/Cargo.toml
[17.297s] -- Symlinking: /home/huy/ur3_llm_ws/install/ur_dashboard_msgs/share/ur_dashboard_msgs/rust/build.rs
[17.305s] -- Symlinking: /home/huy/ur3_llm_ws/install/ur_dashboard_msgs/share/ur_dashboard_msgs/rust/src/action.rs
[17.311s] -- Symlinking: /home/huy/ur3_llm_ws/install/ur_dashboard_msgs/share/ur_dashboard_msgs/rust/src/action/rmw.rs
[17.317s] -- Symlinking: /home/huy/ur3_llm_ws/install/ur_dashboard_msgs/share/ur_dashboard_msgs/rust/src/lib.rs
[17.323s] -- Symlinking: /home/huy/ur3_llm_ws/install/ur_dashboard_msgs/share/ur_dashboard_msgs/rust/src/msg.rs
[17.329s] -- Symlinking: /home/huy/ur3_llm_ws/install/ur_dashboard_msgs/share/ur_dashboard_msgs/rust/src/msg/rmw.rs
[17.334s] -- Symlinking: /home/huy/ur3_llm_ws/install/ur_dashboard_msgs/share/ur_dashboard_msgs/rust/src/srv.rs
[17.341s] -- Symlinking: /home/huy/ur3_llm_ws/install/ur_dashboard_msgs/share/ur_dashboard_msgs/rust/src/srv/rmw.rs
[17.346s] -- Symlinking: /home/huy/ur3_llm_ws/install/ur_dashboard_msgs/share/ur_dashboard_msgs/msg/ProgramInformation.idl
[17.353s] -- Symlinking: /home/huy/ur3_llm_ws/install/ur_dashboard_msgs/share/ur_dashboard_msgs/msg/ProgramState.idl
[17.358s] -- Symlinking: /home/huy/ur3_llm_ws/install/ur_dashboard_msgs/share/ur_dashboard_msgs/msg/RobotMode.idl
[17.365s] -- Symlinking: /home/huy/ur3_llm_ws/install/ur_dashboard_msgs/share/ur_dashboard_msgs/msg/SafetyMode.idl
[17.370s] -- Symlinking: /home/huy/ur3_llm_ws/install/ur_dashboard_msgs/share/ur_dashboard_msgs/msg/OperationalMode.idl
[17.376s] -- Symlinking: /home/huy/ur3_llm_ws/install/ur_dashboard_msgs/share/ur_dashboard_msgs/msg/UserRole.idl
[17.382s] -- Symlinking: /home/huy/ur3_llm_ws/install/ur_dashboard_msgs/share/ur_dashboard_msgs/msg/VersionInformation.idl
[17.388s] -- Symlinking: /home/huy/ur3_llm_ws/install/ur_dashboard_msgs/share/ur_dashboard_msgs/msg/SafetyStatus.idl
[17.394s] -- Symlinking: /home/huy/ur3_llm_ws/install/ur_dashboard_msgs/share/ur_dashboard_msgs/srv/AddToLog.idl
[17.400s] -- Symlinking: /home/huy/ur3_llm_ws/install/ur_dashboard_msgs/share/ur_dashboard_msgs/srv/DownloadProgram.idl
[17.405s] -- Symlinking: /home/huy/ur3_llm_ws/install/ur_dashboard_msgs/share/ur_dashboard_msgs/srv/DownloadSupportFile.idl
[17.411s] -- Symlinking: /home/huy/ur3_llm_ws/install/ur_dashboard_msgs/share/ur_dashboard_msgs/srv/GetLoadedProgram.idl
[17.418s] -- Symlinking: /home/huy/ur3_llm_ws/install/ur_dashboard_msgs/share/ur_dashboard_msgs/srv/GetPrograms.idl
[17.425s] -- Symlinking: /home/huy/ur3_llm_ws/install/ur_dashboard_msgs/share/ur_dashboard_msgs/srv/GetProgramState.idl
[17.432s] -- Symlinking: /home/huy/ur3_llm_ws/install/ur_dashboard_msgs/share/ur_dashboard_msgs/srv/GetRobotMode.idl
[17.437s] -- Symlinking: /home/huy/ur3_llm_ws/install/ur_dashboard_msgs/share/ur_dashboard_msgs/srv/GetSafetyMode.idl
[17.445s] -- Symlinking: /home/huy/ur3_llm_ws/install/ur_dashboard_msgs/share/ur_dashboard_msgs/srv/IsProgramRunning.idl
[17.452s] -- Symlinking: /home/huy/ur3_llm_ws/install/ur_dashboard_msgs/share/ur_dashboard_msgs/srv/IsProgramSaved.idl
[17.459s] -- Symlinking: /home/huy/ur3_llm_ws/install/ur_dashboard_msgs/share/ur_dashboard_msgs/srv/Load.idl
[17.466s] -- Symlinking: /home/huy/ur3_llm_ws/install/ur_dashboard_msgs/share/ur_dashboard_msgs/srv/Popup.idl
[17.473s] -- Symlinking: /home/huy/ur3_llm_ws/install/ur_dashboard_msgs/share/ur_dashboard_msgs/srv/RawRequest.idl
[17.478s] -- Symlinking: /home/huy/ur3_llm_ws/install/ur_dashboard_msgs/share/ur_dashboard_msgs/srv/IsInRemoteControl.idl
[17.486s] -- Symlinking: /home/huy/ur3_llm_ws/install/ur_dashboard_msgs/share/ur_dashboard_msgs/srv/UploadProgram.idl
[17.492s] -- Symlinking: /home/huy/ur3_llm_ws/install/ur_dashboard_msgs/share/ur_dashboard_msgs/srv/GetPolyScopeVersion.idl
[17.498s] -- Symlinking: /home/huy/ur3_llm_ws/install/ur_dashboard_msgs/share/ur_dashboard_msgs/srv/GetSerialNumber.idl
[17.503s] -- Symlinking: /home/huy/ur3_llm_ws/install/ur_dashboard_msgs/share/ur_dashboard_msgs/srv/GetUserRole.idl
[17.509s] -- Symlinking: /home/huy/ur3_llm_ws/install/ur_dashboard_msgs/share/ur_dashboard_msgs/srv/SetUserRole.idl
[17.515s] -- Symlinking: /home/huy/ur3_llm_ws/install/ur_dashboard_msgs/share/ur_dashboard_msgs/srv/SetOperationalMode.idl
[17.521s] -- Symlinking: /home/huy/ur3_llm_ws/install/ur_dashboard_msgs/share/ur_dashboard_msgs/srv/GetOperationalMode.idl
[17.527s] -- Symlinking: /home/huy/ur3_llm_ws/install/ur_dashboard_msgs/share/ur_dashboard_msgs/srv/GetRobotModel.idl
[17.533s] -- Symlinking: /home/huy/ur3_llm_ws/install/ur_dashboard_msgs/share/ur_dashboard_msgs/srv/GetSafetyStatus.idl
[17.537s] -- Symlinking: /home/huy/ur3_llm_ws/install/ur_dashboard_msgs/share/ur_dashboard_msgs/srv/GenerateFlightReport.idl
[17.543s] -- Symlinking: /home/huy/ur3_llm_ws/install/ur_dashboard_msgs/share/ur_dashboard_msgs/srv/GenerateSupportFile.idl
[17.548s] -- Symlinking: /home/huy/ur3_llm_ws/install/ur_dashboard_msgs/share/ur_dashboard_msgs/action/SetMode.idl
[17.555s] -- Symlinking: /home/huy/ur3_llm_ws/install/ur_dashboard_msgs/share/ur_dashboard_msgs/msg/ProgramInformation.msg
[17.560s] -- Symlinking: /home/huy/ur3_llm_ws/install/ur_dashboard_msgs/share/ur_dashboard_msgs/msg/ProgramState.msg
[17.566s] -- Symlinking: /home/huy/ur3_llm_ws/install/ur_dashboard_msgs/share/ur_dashboard_msgs/msg/RobotMode.msg
[17.571s] -- Symlinking: /home/huy/ur3_llm_ws/install/ur_dashboard_msgs/share/ur_dashboard_msgs/msg/SafetyMode.msg
[17.577s] -- Symlinking: /home/huy/ur3_llm_ws/install/ur_dashboard_msgs/share/ur_dashboard_msgs/msg/OperationalMode.msg
[17.582s] -- Symlinking: /home/huy/ur3_llm_ws/install/ur_dashboard_msgs/share/ur_dashboard_msgs/msg/UserRole.msg
[17.588s] -- Symlinking: /home/huy/ur3_llm_ws/install/ur_dashboard_msgs/share/ur_dashboard_msgs/msg/VersionInformation.msg
[17.593s] -- Symlinking: /home/huy/ur3_llm_ws/install/ur_dashboard_msgs/share/ur_dashboard_msgs/msg/SafetyStatus.msg
[17.599s] -- Symlinking: /home/huy/ur3_llm_ws/install/ur_dashboard_msgs/share/ur_dashboard_msgs/srv/AddToLog.srv
[17.606s] -- Symlinking: /home/huy/ur3_llm_ws/install/ur_dashboard_msgs/share/ur_dashboard_msgs/srv/AddToLog_Request.msg
[17.612s] -- Symlinking: /home/huy/ur3_llm_ws/install/ur_dashboard_msgs/share/ur_dashboard_msgs/srv/AddToLog_Response.msg
[17.617s] -- Symlinking: /home/huy/ur3_llm_ws/install/ur_dashboard_msgs/share/ur_dashboard_msgs/srv/DownloadProgram.srv
[17.623s] -- Symlinking: /home/huy/ur3_llm_ws/install/ur_dashboard_msgs/share/ur_dashboard_msgs/srv/DownloadProgram_Request.msg
[17.629s] -- Symlinking: /home/huy/ur3_llm_ws/install/ur_dashboard_msgs/share/ur_dashboard_msgs/srv/DownloadProgram_Response.msg
[17.638s] -- Symlinking: /home/huy/ur3_llm_ws/install/ur_dashboard_msgs/share/ur_dashboard_msgs/srv/DownloadSupportFile.srv
[17.645s] -- Symlinking: /home/huy/ur3_llm_ws/install/ur_dashboard_msgs/share/ur_dashboard_msgs/srv/DownloadSupportFile_Request.msg
[17.652s] -- Symlinking: /home/huy/ur3_llm_ws/install/ur_dashboard_msgs/share/ur_dashboard_msgs/srv/DownloadSupportFile_Response.msg
[17.658s] -- Symlinking: /home/huy/ur3_llm_ws/install/ur_dashboard_msgs/share/ur_dashboard_msgs/srv/GetLoadedProgram.srv
[17.663s] -- Symlinking: /home/huy/ur3_llm_ws/install/ur_dashboard_msgs/share/ur_dashboard_msgs/srv/GetLoadedProgram_Request.msg
[17.669s] -- Symlinking: /home/huy/ur3_llm_ws/install/ur_dashboard_msgs/share/ur_dashboard_msgs/srv/GetLoadedProgram_Response.msg
[17.674s] -- Symlinking: /home/huy/ur3_llm_ws/install/ur_dashboard_msgs/share/ur_dashboard_msgs/srv/GetPrograms.srv
[17.681s] -- Symlinking: /home/huy/ur3_llm_ws/install/ur_dashboard_msgs/share/ur_dashboard_msgs/srv/GetPrograms_Request.msg
[17.689s] -- Symlinking: /home/huy/ur3_llm_ws/install/ur_dashboard_msgs/share/ur_dashboard_msgs/srv/GetPrograms_Response.msg
[17.694s] -- Symlinking: /home/huy/ur3_llm_ws/install/ur_dashboard_msgs/share/ur_dashboard_msgs/srv/GetProgramState.srv
[17.701s] -- Symlinking: /home/huy/ur3_llm_ws/install/ur_dashboard_msgs/share/ur_dashboard_msgs/srv/GetProgramState_Request.msg
[17.707s] -- Symlinking: /home/huy/ur3_llm_ws/install/ur_dashboard_msgs/share/ur_dashboard_msgs/srv/GetProgramState_Response.msg
[17.713s] -- Symlinking: /home/huy/ur3_llm_ws/install/ur_dashboard_msgs/share/ur_dashboard_msgs/srv/GetRobotMode.srv
[17.718s] -- Symlinking: /home/huy/ur3_llm_ws/install/ur_dashboard_msgs/share/ur_dashboard_msgs/srv/GetRobotMode_Request.msg
[17.724s] -- Symlinking: /home/huy/ur3_llm_ws/install/ur_dashboard_msgs/share/ur_dashboard_msgs/srv/GetRobotMode_Response.msg
[17.730s] -- Symlinking: /home/huy/ur3_llm_ws/install/ur_dashboard_msgs/share/ur_dashboard_msgs/srv/GetSafetyMode.srv
[17.736s] -- Symlinking: /home/huy/ur3_llm_ws/install/ur_dashboard_msgs/share/ur_dashboard_msgs/srv/GetSafetyMode_Request.msg
[17.742s] -- Symlinking: /home/huy/ur3_llm_ws/install/ur_dashboard_msgs/share/ur_dashboard_msgs/srv/GetSafetyMode_Response.msg
[17.749s] -- Symlinking: /home/huy/ur3_llm_ws/install/ur_dashboard_msgs/share/ur_dashboard_msgs/srv/IsProgramRunning.srv
[17.755s] -- Symlinking: /home/huy/ur3_llm_ws/install/ur_dashboard_msgs/share/ur_dashboard_msgs/srv/IsProgramRunning_Request.msg
[17.760s] -- Symlinking: /home/huy/ur3_llm_ws/install/ur_dashboard_msgs/share/ur_dashboard_msgs/srv/IsProgramRunning_Response.msg
[17.766s] -- Symlinking: /home/huy/ur3_llm_ws/install/ur_dashboard_msgs/share/ur_dashboard_msgs/srv/IsProgramSaved.srv
[17.771s] -- Symlinking: /home/huy/ur3_llm_ws/install/ur_dashboard_msgs/share/ur_dashboard_msgs/srv/IsProgramSaved_Request.msg
[17.779s] -- Symlinking: /home/huy/ur3_llm_ws/install/ur_dashboard_msgs/share/ur_dashboard_msgs/srv/IsProgramSaved_Response.msg
[17.786s] -- Symlinking: /home/huy/ur3_llm_ws/install/ur_dashboard_msgs/share/ur_dashboard_msgs/srv/Load.srv
[17.791s] -- Symlinking: /home/huy/ur3_llm_ws/install/ur_dashboard_msgs/share/ur_dashboard_msgs/srv/Load_Request.msg
[17.797s] -- Symlinking: /home/huy/ur3_llm_ws/install/ur_dashboard_msgs/share/ur_dashboard_msgs/srv/Load_Response.msg
[17.805s] -- Symlinking: /home/huy/ur3_llm_ws/install/ur_dashboard_msgs/share/ur_dashboard_msgs/srv/Popup.srv
[17.812s] -- Symlinking: /home/huy/ur3_llm_ws/install/ur_dashboard_msgs/share/ur_dashboard_msgs/srv/Popup_Request.msg
[17.818s] -- Symlinking: /home/huy/ur3_llm_ws/install/ur_dashboard_msgs/share/ur_dashboard_msgs/srv/Popup_Response.msg
[17.825s] -- Symlinking: /home/huy/ur3_llm_ws/install/ur_dashboard_msgs/share/ur_dashboard_msgs/srv/RawRequest.srv
[17.831s] -- Symlinking: /home/huy/ur3_llm_ws/install/ur_dashboard_msgs/share/ur_dashboard_msgs/srv/RawRequest_Request.msg
[17.839s] -- Symlinking: /home/huy/ur3_llm_ws/install/ur_dashboard_msgs/share/ur_dashboard_msgs/srv/RawRequest_Response.msg
[17.844s] -- Symlinking: /home/huy/ur3_llm_ws/install/ur_dashboard_msgs/share/ur_dashboard_msgs/srv/IsInRemoteControl.srv
[17.852s] -- Symlinking: /home/huy/ur3_llm_ws/install/ur_dashboard_msgs/share/ur_dashboard_msgs/srv/IsInRemoteControl_Request.msg
[17.857s] -- Symlinking: /home/huy/ur3_llm_ws/install/ur_dashboard_msgs/share/ur_dashboard_msgs/srv/IsInRemoteControl_Response.msg
[17.864s] -- Symlinking: /home/huy/ur3_llm_ws/install/ur_dashboard_msgs/share/ur_dashboard_msgs/srv/UploadProgram.srv
[17.870s] -- Symlinking: /home/huy/ur3_llm_ws/install/ur_dashboard_msgs/share/ur_dashboard_msgs/srv/UploadProgram_Request.msg
[17.878s] -- Symlinking: /home/huy/ur3_llm_ws/install/ur_dashboard_msgs/share/ur_dashboard_msgs/srv/UploadProgram_Response.msg
[17.885s] -- Symlinking: /home/huy/ur3_llm_ws/install/ur_dashboard_msgs/share/ur_dashboard_msgs/srv/GetPolyScopeVersion.srv
[17.892s] -- Symlinking: /home/huy/ur3_llm_ws/install/ur_dashboard_msgs/share/ur_dashboard_msgs/srv/GetPolyScopeVersion_Request.msg
[17.897s] -- Symlinking: /home/huy/ur3_llm_ws/install/ur_dashboard_msgs/share/ur_dashboard_msgs/srv/GetPolyScopeVersion_Response.msg
[17.902s] -- Symlinking: /home/huy/ur3_llm_ws/install/ur_dashboard_msgs/share/ur_dashboard_msgs/srv/GetSerialNumber.srv
[17.907s] -- Symlinking: /home/huy/ur3_llm_ws/install/ur_dashboard_msgs/share/ur_dashboard_msgs/srv/GetSerialNumber_Request.msg
[17.913s] -- Symlinking: /home/huy/ur3_llm_ws/install/ur_dashboard_msgs/share/ur_dashboard_msgs/srv/GetSerialNumber_Response.msg
[17.919s] -- Symlinking: /home/huy/ur3_llm_ws/install/ur_dashboard_msgs/share/ur_dashboard_msgs/srv/GetUserRole.srv
[17.926s] -- Symlinking: /home/huy/ur3_llm_ws/install/ur_dashboard_msgs/share/ur_dashboard_msgs/srv/GetUserRole_Request.msg
[17.932s] -- Symlinking: /home/huy/ur3_llm_ws/install/ur_dashboard_msgs/share/ur_dashboard_msgs/srv/GetUserRole_Response.msg
[17.941s] -- Symlinking: /home/huy/ur3_llm_ws/install/ur_dashboard_msgs/share/ur_dashboard_msgs/srv/SetUserRole.srv
[17.947s] -- Symlinking: /home/huy/ur3_llm_ws/install/ur_dashboard_msgs/share/ur_dashboard_msgs/srv/SetUserRole_Request.msg
[17.952s] -- Symlinking: /home/huy/ur3_llm_ws/install/ur_dashboard_msgs/share/ur_dashboard_msgs/srv/SetUserRole_Response.msg
[17.958s] -- Symlinking: /home/huy/ur3_llm_ws/install/ur_dashboard_msgs/share/ur_dashboard_msgs/srv/SetOperationalMode.srv
[17.963s] -- Symlinking: /home/huy/ur3_llm_ws/install/ur_dashboard_msgs/share/ur_dashboard_msgs/srv/SetOperationalMode_Request.msg
[17.969s] -- Symlinking: /home/huy/ur3_llm_ws/install/ur_dashboard_msgs/share/ur_dashboard_msgs/srv/SetOperationalMode_Response.msg
[17.976s] -- Symlinking: /home/huy/ur3_llm_ws/install/ur_dashboard_msgs/share/ur_dashboard_msgs/srv/GetOperationalMode.srv
[17.981s] -- Symlinking: /home/huy/ur3_llm_ws/install/ur_dashboard_msgs/share/ur_dashboard_msgs/srv/GetOperationalMode_Request.msg
[17.989s] -- Symlinking: /home/huy/ur3_llm_ws/install/ur_dashboard_msgs/share/ur_dashboard_msgs/srv/GetOperationalMode_Response.msg
[17.996s] -- Symlinking: /home/huy/ur3_llm_ws/install/ur_dashboard_msgs/share/ur_dashboard_msgs/srv/GetRobotModel.srv
[18.002s] -- Symlinking: /home/huy/ur3_llm_ws/install/ur_dashboard_msgs/share/ur_dashboard_msgs/srv/GetRobotModel_Request.msg
[18.011s] -- Symlinking: /home/huy/ur3_llm_ws/install/ur_dashboard_msgs/share/ur_dashboard_msgs/srv/GetRobotModel_Response.msg
[18.019s] -- Symlinking: /home/huy/ur3_llm_ws/install/ur_dashboard_msgs/share/ur_dashboard_msgs/srv/GetSafetyStatus.srv
[18.027s] -- Symlinking: /home/huy/ur3_llm_ws/install/ur_dashboard_msgs/share/ur_dashboard_msgs/srv/GetSafetyStatus_Request.msg
[18.033s] -- Symlinking: /home/huy/ur3_llm_ws/install/ur_dashboard_msgs/share/ur_dashboard_msgs/srv/GetSafetyStatus_Response.msg
[18.040s] -- Symlinking: /home/huy/ur3_llm_ws/install/ur_dashboard_msgs/share/ur_dashboard_msgs/srv/GenerateFlightReport.srv
[18.046s] -- Symlinking: /home/huy/ur3_llm_ws/install/ur_dashboard_msgs/share/ur_dashboard_msgs/srv/GenerateFlightReport_Request.msg
[18.051s] -- Symlinking: /home/huy/ur3_llm_ws/install/ur_dashboard_msgs/share/ur_dashboard_msgs/srv/GenerateFlightReport_Response.msg
[18.057s] -- Symlinking: /home/huy/ur3_llm_ws/install/ur_dashboard_msgs/share/ur_dashboard_msgs/srv/GenerateSupportFile.srv
[18.064s] -- Symlinking: /home/huy/ur3_llm_ws/install/ur_dashboard_msgs/share/ur_dashboard_msgs/srv/GenerateSupportFile_Request.msg
[18.070s] -- Symlinking: /home/huy/ur3_llm_ws/install/ur_dashboard_msgs/share/ur_dashboard_msgs/srv/GenerateSupportFile_Response.msg
[18.078s] -- Symlinking: /home/huy/ur3_llm_ws/install/ur_dashboard_msgs/share/ur_dashboard_msgs/action/SetMode.action
[18.083s] -- Symlinking: /home/huy/ur3_llm_ws/install/ur_dashboard_msgs/share/ament_index/resource_index/package_run_dependencies/ur_dashboard_msgs
[18.089s] -- Symlinking: /home/huy/ur3_llm_ws/install/ur_dashboard_msgs/share/ament_index/resource_index/parent_prefix_path/ur_dashboard_msgs
[18.095s] -- Symlinking: /home/huy/ur3_llm_ws/install/ur_dashboard_msgs/share/ur_dashboard_msgs/environment/ament_prefix_path.sh
[18.102s] -- Symlinking: /home/huy/ur3_llm_ws/install/ur_dashboard_msgs/share/ur_dashboard_msgs/environment/ament_prefix_path.dsv
[18.108s] -- Symlinking: /home/huy/ur3_llm_ws/install/ur_dashboard_msgs/share/ur_dashboard_msgs/environment/path.sh
[18.115s] -- Symlinking: /home/huy/ur3_llm_ws/install/ur_dashboard_msgs/share/ur_dashboard_msgs/environment/path.dsv
[18.121s] -- Symlinking: /home/huy/ur3_llm_ws/install/ur_dashboard_msgs/share/ur_dashboard_msgs/local_setup.bash
[18.129s] -- Symlinking: /home/huy/ur3_llm_ws/install/ur_dashboard_msgs/share/ur_dashboard_msgs/local_setup.sh
[18.138s] -- Symlinking: /home/huy/ur3_llm_ws/install/ur_dashboard_msgs/share/ur_dashboard_msgs/local_setup.zsh
[18.143s] -- Symlinking: /home/huy/ur3_llm_ws/install/ur_dashboard_msgs/share/ur_dashboard_msgs/local_setup.dsv
[18.151s] -- Symlinking: /home/huy/ur3_llm_ws/install/ur_dashboard_msgs/share/ur_dashboard_msgs/package.dsv
[18.156s] -- Symlinking: /home/huy/ur3_llm_ws/install/ur_dashboard_msgs/share/ament_index/resource_index/packages/ur_dashboard_msgs
[18.164s] -- Symlinking: /home/huy/ur3_llm_ws/install/ur_dashboard_msgs/share/ur_dashboard_msgs/cmake/rosidl_cmake-extras.cmake
[18.169s] -- Symlinking: /home/huy/ur3_llm_ws/install/ur_dashboard_msgs/share/ur_dashboard_msgs/cmake/ament_cmake_export_dependencies-extras.cmake
[18.176s] -- Symlinking: /home/huy/ur3_llm_ws/install/ur_dashboard_msgs/share/ur_dashboard_msgs/cmake/ament_cmake_export_include_directories-extras.cmake
[18.182s] -- Symlinking: /home/huy/ur3_llm_ws/install/ur_dashboard_msgs/share/ur_dashboard_msgs/cmake/ament_cmake_export_libraries-extras.cmake
[18.188s] -- Symlinking: /home/huy/ur3_llm_ws/install/ur_dashboard_msgs/share/ur_dashboard_msgs/cmake/ament_cmake_export_targets-extras.cmake
[18.194s] -- Symlinking: /home/huy/ur3_llm_ws/install/ur_dashboard_msgs/share/ur_dashboard_msgs/cmake/rosidl_cmake_export_typesupport_targets-extras.cmake
[18.200s] -- Symlinking: /home/huy/ur3_llm_ws/install/ur_dashboard_msgs/share/ur_dashboard_msgs/cmake/rosidl_cmake_export_typesupport_libraries-extras.cmake
[18.205s] -- Symlinking: /home/huy/ur3_llm_ws/install/ur_dashboard_msgs/share/ur_dashboard_msgs/cmake/ur_dashboard_msgsConfig.cmake
[18.210s] -- Symlinking: /home/huy/ur3_llm_ws/install/ur_dashboard_msgs/share/ur_dashboard_msgs/cmake/ur_dashboard_msgsConfig-version.cmake
[18.216s] -- Symlinking: /home/huy/ur3_llm_ws/install/ur_dashboard_msgs/share/ur_dashboard_msgs/package.xml
[18.222s] -- Installing: /home/huy/ur3_llm_ws/install/ur_dashboard_msgs/lib/libur_dashboard_msgs__rosidl_generator_c.so
[18.222s] -- Set runtime path of "/home/huy/ur3_llm_ws/install/ur_dashboard_msgs/lib/libur_dashboard_msgs__rosidl_generator_c.so" to ""
[18.222s] -- Installing: /home/huy/ur3_llm_ws/install/ur_dashboard_msgs/lib/libur_dashboard_msgs__rosidl_typesupport_fastrtps_c.so
[18.222s] -- Set runtime path of "/home/huy/ur3_llm_ws/install/ur_dashboard_msgs/lib/libur_dashboard_msgs__rosidl_typesupport_fastrtps_c.so" to ""
[18.222s] -- Installing: /home/huy/ur3_llm_ws/install/ur_dashboard_msgs/lib/libur_dashboard_msgs__rosidl_typesupport_introspection_c.so
[18.222s] -- Set runtime path of "/home/huy/ur3_llm_ws/install/ur_dashboard_msgs/lib/libur_dashboard_msgs__rosidl_typesupport_introspection_c.so" to ""
[18.223s] -- Installing: /home/huy/ur3_llm_ws/install/ur_dashboard_msgs/lib/libur_dashboard_msgs__rosidl_typesupport_c.so
[18.223s] -- Set runtime path of "/home/huy/ur3_llm_ws/install/ur_dashboard_msgs/lib/libur_dashboard_msgs__rosidl_typesupport_c.so" to ""
[18.223s] -- Installing: /home/huy/ur3_llm_ws/install/ur_dashboard_msgs/lib/libur_dashboard_msgs__rosidl_typesupport_fastrtps_cpp.so
[18.223s] -- Set runtime path of "/home/huy/ur3_llm_ws/install/ur_dashboard_msgs/lib/libur_dashboard_msgs__rosidl_typesupport_fastrtps_cpp.so" to ""
[18.223s] -- Installing: /home/huy/ur3_llm_ws/install/ur_dashboard_msgs/lib/libur_dashboard_msgs__rosidl_typesupport_introspection_cpp.so
[18.223s] -- Set runtime path of "/home/huy/ur3_llm_ws/install/ur_dashboard_msgs/lib/libur_dashboard_msgs__rosidl_typesupport_introspection_cpp.so" to ""
[18.223s] -- Installing: /home/huy/ur3_llm_ws/install/ur_dashboard_msgs/lib/libur_dashboard_msgs__rosidl_typesupport_cpp.so
[18.224s] -- Set runtime path of "/home/huy/ur3_llm_ws/install/ur_dashboard_msgs/lib/libur_dashboard_msgs__rosidl_typesupport_cpp.so" to ""
[18.275s] Listing '/home/huy/ur3_llm_ws/install/ur_dashboard_msgs/local/lib/python3.10/dist-packages/ur_dashboard_msgs'...
[18.275s] Compiling '/home/huy/ur3_llm_ws/install/ur_dashboard_msgs/local/lib/python3.10/dist-packages/ur_dashboard_msgs/__init__.py'...
[18.275s] Listing '/home/huy/ur3_llm_ws/install/ur_dashboard_msgs/local/lib/python3.10/dist-packages/ur_dashboard_msgs/action'...
[18.275s] Compiling '/home/huy/ur3_llm_ws/install/ur_dashboard_msgs/local/lib/python3.10/dist-packages/ur_dashboard_msgs/action/__init__.py'...
[18.275s] Compiling '/home/huy/ur3_llm_ws/install/ur_dashboard_msgs/local/lib/python3.10/dist-packages/ur_dashboard_msgs/action/_set_mode.py'...
[18.275s] Listing '/home/huy/ur3_llm_ws/install/ur_dashboard_msgs/local/lib/python3.10/dist-packages/ur_dashboard_msgs/msg'...
[18.275s] Compiling '/home/huy/ur3_llm_ws/install/ur_dashboard_msgs/local/lib/python3.10/dist-packages/ur_dashboard_msgs/msg/__init__.py'...
[18.275s] Compiling '/home/huy/ur3_llm_ws/install/ur_dashboard_msgs/local/lib/python3.10/dist-packages/ur_dashboard_msgs/msg/_operational_mode.py'...
[18.275s] Compiling '/home/huy/ur3_llm_ws/install/ur_dashboard_msgs/local/lib/python3.10/dist-packages/ur_dashboard_msgs/msg/_program_information.py'...
[18.275s] Compiling '/home/huy/ur3_llm_ws/install/ur_dashboard_msgs/local/lib/python3.10/dist-packages/ur_dashboard_msgs/msg/_program_state.py'...
[18.275s] Compiling '/home/huy/ur3_llm_ws/install/ur_dashboard_msgs/local/lib/python3.10/dist-packages/ur_dashboard_msgs/msg/_robot_mode.py'...
[18.275s] Compiling '/home/huy/ur3_llm_ws/install/ur_dashboard_msgs/local/lib/python3.10/dist-packages/ur_dashboard_msgs/msg/_safety_mode.py'...
[18.275s] Compiling '/home/huy/ur3_llm_ws/install/ur_dashboard_msgs/local/lib/python3.10/dist-packages/ur_dashboard_msgs/msg/_safety_status.py'...
[18.275s] Compiling '/home/huy/ur3_llm_ws/install/ur_dashboard_msgs/local/lib/python3.10/dist-packages/ur_dashboard_msgs/msg/_user_role.py'...
[18.275s] Compiling '/home/huy/ur3_llm_ws/install/ur_dashboard_msgs/local/lib/python3.10/dist-packages/ur_dashboard_msgs/msg/_version_information.py'...
[18.275s] Listing '/home/huy/ur3_llm_ws/install/ur_dashboard_msgs/local/lib/python3.10/dist-packages/ur_dashboard_msgs/srv'...
[18.275s] Compiling '/home/huy/ur3_llm_ws/install/ur_dashboard_msgs/local/lib/python3.10/dist-packages/ur_dashboard_msgs/srv/__init__.py'...
[18.275s] Compiling '/home/huy/ur3_llm_ws/install/ur_dashboard_msgs/local/lib/python3.10/dist-packages/ur_dashboard_msgs/srv/_add_to_log.py'...
[18.275s] Compiling '/home/huy/ur3_llm_ws/install/ur_dashboard_msgs/local/lib/python3.10/dist-packages/ur_dashboard_msgs/srv/_download_program.py'...
[18.275s] Compiling '/home/huy/ur3_llm_ws/install/ur_dashboard_msgs/local/lib/python3.10/dist-packages/ur_dashboard_msgs/srv/_download_support_file.py'...
[18.275s] Compiling '/home/huy/ur3_llm_ws/install/ur_dashboard_msgs/local/lib/python3.10/dist-packages/ur_dashboard_msgs/srv/_generate_flight_report.py'...
[18.275s] Compiling '/home/huy/ur3_llm_ws/install/ur_dashboard_msgs/local/lib/python3.10/dist-packages/ur_dashboard_msgs/srv/_generate_support_file.py'...
[18.275s] Compiling '/home/huy/ur3_llm_ws/install/ur_dashboard_msgs/local/lib/python3.10/dist-packages/ur_dashboard_msgs/srv/_get_loaded_program.py'...
[18.275s] Compiling '/home/huy/ur3_llm_ws/install/ur_dashboard_msgs/local/lib/python3.10/dist-packages/ur_dashboard_msgs/srv/_get_operational_mode.py'...
[18.276s] Compiling '/home/huy/ur3_llm_ws/install/ur_dashboard_msgs/local/lib/python3.10/dist-packages/ur_dashboard_msgs/srv/_get_poly_scope_version.py'...
[18.276s] Compiling '/home/huy/ur3_llm_ws/install/ur_dashboard_msgs/local/lib/python3.10/dist-packages/ur_dashboard_msgs/srv/_get_program_state.py'...
[18.276s] Compiling '/home/huy/ur3_llm_ws/install/ur_dashboard_msgs/local/lib/python3.10/dist-packages/ur_dashboard_msgs/srv/_get_programs.py'...
[18.276s] Compiling '/home/huy/ur3_llm_ws/install/ur_dashboard_msgs/local/lib/python3.10/dist-packages/ur_dashboard_msgs/srv/_get_robot_mode.py'...
[18.276s] Compiling '/home/huy/ur3_llm_ws/install/ur_dashboard_msgs/local/lib/python3.10/dist-packages/ur_dashboard_msgs/srv/_get_robot_model.py'...
[18.276s] Compiling '/home/huy/ur3_llm_ws/install/ur_dashboard_msgs/local/lib/python3.10/dist-packages/ur_dashboard_msgs/srv/_get_safety_mode.py'...
[18.276s] Compiling '/home/huy/ur3_llm_ws/install/ur_dashboard_msgs/local/lib/python3.10/dist-packages/ur_dashboard_msgs/srv/_get_safety_status.py'...
[18.276s] Compiling '/home/huy/ur3_llm_ws/install/ur_dashboard_msgs/local/lib/python3.10/dist-packages/ur_dashboard_msgs/srv/_get_serial_number.py'...
[18.276s] Compiling '/home/huy/ur3_llm_ws/install/ur_dashboard_msgs/local/lib/python3.10/dist-packages/ur_dashboard_msgs/srv/_get_user_role.py'...
[18.276s] Compiling '/home/huy/ur3_llm_ws/install/ur_dashboard_msgs/local/lib/python3.10/dist-packages/ur_dashboard_msgs/srv/_is_in_remote_control.py'...
[18.276s] Compiling '/home/huy/ur3_llm_ws/install/ur_dashboard_msgs/local/lib/python3.10/dist-packages/ur_dashboard_msgs/srv/_is_program_running.py'...
[18.276s] Compiling '/home/huy/ur3_llm_ws/install/ur_dashboard_msgs/local/lib/python3.10/dist-packages/ur_dashboard_msgs/srv/_is_program_saved.py'...
[18.276s] Compiling '/home/huy/ur3_llm_ws/install/ur_dashboard_msgs/local/lib/python3.10/dist-packages/ur_dashboard_msgs/srv/_load.py'...
[18.276s] Compiling '/home/huy/ur3_llm_ws/install/ur_dashboard_msgs/local/lib/python3.10/dist-packages/ur_dashboard_msgs/srv/_popup.py'...
[18.276s] Compiling '/home/huy/ur3_llm_ws/install/ur_dashboard_msgs/local/lib/python3.10/dist-packages/ur_dashboard_msgs/srv/_raw_request.py'...
[18.276s] Compiling '/home/huy/ur3_llm_ws/install/ur_dashboard_msgs/local/lib/python3.10/dist-packages/ur_dashboard_msgs/srv/_set_operational_mode.py'...
[18.276s] Compiling '/home/huy/ur3_llm_ws/install/ur_dashboard_msgs/local/lib/python3.10/dist-packages/ur_dashboard_msgs/srv/_set_user_role.py'...
[18.276s] Compiling '/home/huy/ur3_llm_ws/install/ur_dashboard_msgs/local/lib/python3.10/dist-packages/ur_dashboard_msgs/srv/_upload_program.py'...
[18.278s] -- Installing: /home/huy/ur3_llm_ws/install/ur_dashboard_msgs/lib/libur_dashboard_msgs__rosidl_generator_py.so
[18.278s] -- Set runtime path of "/home/huy/ur3_llm_ws/install/ur_dashboard_msgs/lib/libur_dashboard_msgs__rosidl_generator_py.so" to ""
[18.278s] -- Installing: /home/huy/ur3_llm_ws/install/ur_dashboard_msgs/share/ur_dashboard_msgs/cmake/export_ur_dashboard_msgs__rosidl_generator_cExport.cmake
[18.278s] -- Installing: /home/huy/ur3_llm_ws/install/ur_dashboard_msgs/share/ur_dashboard_msgs/cmake/export_ur_dashboard_msgs__rosidl_generator_cExport-noconfig.cmake
[18.278s] -- Installing: /home/huy/ur3_llm_ws/install/ur_dashboard_msgs/share/ur_dashboard_msgs/cmake/export_ur_dashboard_msgs__rosidl_typesupport_fastrtps_cExport.cmake
[18.278s] -- Installing: /home/huy/ur3_llm_ws/install/ur_dashboard_msgs/share/ur_dashboard_msgs/cmake/export_ur_dashboard_msgs__rosidl_typesupport_fastrtps_cExport-noconfig.cmake
[18.278s] -- Installing: /home/huy/ur3_llm_ws/install/ur_dashboard_msgs/share/ur_dashboard_msgs/cmake/ur_dashboard_msgs__rosidl_typesupport_introspection_cExport.cmake
[18.278s] -- Installing: /home/huy/ur3_llm_ws/install/ur_dashboard_msgs/share/ur_dashboard_msgs/cmake/ur_dashboard_msgs__rosidl_typesupport_introspection_cExport-noconfig.cmake
[18.279s] -- Installing: /home/huy/ur3_llm_ws/install/ur_dashboard_msgs/share/ur_dashboard_msgs/cmake/ur_dashboard_msgs__rosidl_typesupport_cExport.cmake
[18.279s] -- Installing: /home/huy/ur3_llm_ws/install/ur_dashboard_msgs/share/ur_dashboard_msgs/cmake/ur_dashboard_msgs__rosidl_typesupport_cExport-noconfig.cmake
[18.279s] -- Installing: /home/huy/ur3_llm_ws/install/ur_dashboard_msgs/share/ur_dashboard_msgs/cmake/export_ur_dashboard_msgs__rosidl_generator_cppExport.cmake
[18.279s] -- Installing: /home/huy/ur3_llm_ws/install/ur_dashboard_msgs/share/ur_dashboard_msgs/cmake/export_ur_dashboard_msgs__rosidl_typesupport_fastrtps_cppExport.cmake
[18.279s] -- Installing: /home/huy/ur3_llm_ws/install/ur_dashboard_msgs/share/ur_dashboard_msgs/cmake/export_ur_dashboard_msgs__rosidl_typesupport_fastrtps_cppExport-noconfig.cmake
[18.279s] -- Installing: /home/huy/ur3_llm_ws/install/ur_dashboard_msgs/share/ur_dashboard_msgs/cmake/ur_dashboard_msgs__rosidl_typesupport_introspection_cppExport.cmake
[18.279s] -- Installing: /home/huy/ur3_llm_ws/install/ur_dashboard_msgs/share/ur_dashboard_msgs/cmake/ur_dashboard_msgs__rosidl_typesupport_introspection_cppExport-noconfig.cmake
[18.279s] -- Installing: /home/huy/ur3_llm_ws/install/ur_dashboard_msgs/share/ur_dashboard_msgs/cmake/ur_dashboard_msgs__rosidl_typesupport_cppExport.cmake
[18.279s] -- Installing: /home/huy/ur3_llm_ws/install/ur_dashboard_msgs/share/ur_dashboard_msgs/cmake/ur_dashboard_msgs__rosidl_typesupport_cppExport-noconfig.cmake
[18.279s] -- Installing: /home/huy/ur3_llm_ws/install/ur_dashboard_msgs/share/ur_dashboard_msgs/cmake/export_ur_dashboard_msgs__rosidl_generator_pyExport.cmake
[18.279s] -- Installing: /home/huy/ur3_llm_ws/install/ur_dashboard_msgs/share/ur_dashboard_msgs/cmake/export_ur_dashboard_msgs__rosidl_generator_pyExport-noconfig.cmake
[18.281s] Invoked command in '/home/huy/ur3_llm_ws/build/ur_dashboard_msgs' returned '0': CMAKE_PREFIX_PATH=${CMAKE_PREFIX_PATH}:/home/huy/install/turtlebot3_teleop:/home/huy/install/turtlebot3_navigation2:/home/huy/install/turtlebot3_example:/home/huy/install/turtlebot3_manipulation_gazebo:/home/huy/install/turtlebot3_description:/home/huy/install/turtlebot3_cartographer:/home/huy/install/openslam_gmapping:/opt/ros/humble PS1=${debian_chroot:+($debian_chroot)}\[\033[01;32m\]\u@\h\[\033[00m\]:\[\033[01;34m\]\w\[\033[00m\]\$ /usr/bin/cmake --install /home/huy/ur3_llm_ws/build/ur_dashboard_msgs
