[0.058s] DEBUG:colcon:Command line arguments: ['/usr/bin/colcon', 'build', '--symlink-install']
[0.058s] DEBUG:colcon:Parsed command line arguments: Namespace(log_base=None, log_level=None, verb_name='build', build_base='build', install_base='install', merge_install=False, symlink_install=True, test_result_base=None, continue_on_error=False, executor='parallel', parallel_workers=12, event_handlers=None, ignore_user_meta=False, metas=['./colcon.meta'], base_paths=['.'], packages_ignore=None, packages_ignore_regex=None, paths=None, packages_up_to=None, packages_up_to_regex=None, packages_above=None, packages_above_and_dependencies=None, packages_above_depth=None, packages_select_by_dep=None, packages_skip_by_dep=None, packages_skip_up_to=None, packages_select_build_failed=False, packages_skip_build_finished=False, packages_select_test_failures=False, packages_skip_test_passed=False, packages_select=None, packages_skip=None, packages_select_regex=None, packages_skip_regex=None, packages_start=None, packages_end=None, allow_overriding=[], cmake_args=None, cmake_target=None, cmake_target_skip_unavailable=False, cmake_clean_cache=False, cmake_clean_first=False, cmake_force_configure=False, ament_cmake_args=None, catkin_cmake_args=None, catkin_skip_building_tests=False, verb_parser=<colcon_defaults.argument_parser.defaults.DefaultArgumentsDecorator object at 0x792fb866e2f0>, verb_extension=<colcon_core.verb.build.BuildVerb object at 0x792fb8777790>, main=<bound method BuildVerb.main of <colcon_core.verb.build.BuildVerb object at 0x792fb8777790>>)
[0.146s] Level 1:colcon.colcon_core.package_discovery:discover_packages(colcon_meta) check parameters
[0.146s] Level 1:colcon.colcon_core.package_discovery:discover_packages(recursive) check parameters
[0.146s] Level 1:colcon.colcon_core.package_discovery:discover_packages(ignore) check parameters
[0.146s] Level 1:colcon.colcon_core.package_discovery:discover_packages(path) check parameters
[0.146s] Level 1:colcon.colcon_core.package_discovery:discover_packages(colcon_meta) discover
[0.146s] Level 1:colcon.colcon_core.package_discovery:discover_packages(recursive) discover
[0.146s] INFO:colcon.colcon_core.package_discovery:Crawling recursively for packages in '/home/huy/ur3_llm_ws'
[0.146s] Level 1:colcon.colcon_core.package_identification:_identify(.) by extensions ['ignore', 'ignore_ament_install']
[0.146s] Level 1:colcon.colcon_core.package_identification:_identify(.) by extension 'ignore'
[0.146s] Level 1:colcon.colcon_core.package_identification:_identify(.) by extension 'ignore_ament_install'
[0.146s] Level 1:colcon.colcon_core.package_identification:_identify(.) by extensions ['colcon_pkg']
[0.146s] Level 1:colcon.colcon_core.package_identification:_identify(.) by extension 'colcon_pkg'
[0.147s] Level 1:colcon.colcon_core.package_identification:_identify(.) by extensions ['colcon_meta']
[0.147s] Level 1:colcon.colcon_core.package_identification:_identify(.) by extension 'colcon_meta'
[0.147s] Level 1:colcon.colcon_core.package_identification:_identify(.) by extensions ['ros']
[0.147s] Level 1:colcon.colcon_core.package_identification:_identify(.) by extension 'ros'
[0.153s] Level 1:colcon.colcon_core.package_identification:_identify(.) by extensions ['cmake', 'python']
[0.153s] Level 1:colcon.colcon_core.package_identification:_identify(.) by extension 'cmake'
[0.153s] Level 1:colcon.colcon_core.package_identification:_identify(.) by extension 'python'
[0.153s] Level 1:colcon.colcon_core.package_identification:_identify(.) by extensions ['python_setup_py']
[0.153s] Level 1:colcon.colcon_core.package_identification:_identify(.) by extension 'python_setup_py'
[0.153s] Level 1:colcon.colcon_core.package_identification:_identify(build) by extensions ['ignore', 'ignore_ament_install']
[0.153s] Level 1:colcon.colcon_core.package_identification:_identify(build) by extension 'ignore'
[0.153s] Level 1:colcon.colcon_core.package_identification:_identify(build) ignored
[0.153s] Level 1:colcon.colcon_core.package_identification:_identify(install) by extensions ['ignore', 'ignore_ament_install']
[0.153s] Level 1:colcon.colcon_core.package_identification:_identify(install) by extension 'ignore'
[0.153s] Level 1:colcon.colcon_core.package_identification:_identify(install) ignored
[0.153s] Level 1:colcon.colcon_core.package_identification:_identify(log) by extensions ['ignore', 'ignore_ament_install']
[0.153s] Level 1:colcon.colcon_core.package_identification:_identify(log) by extension 'ignore'
[0.153s] Level 1:colcon.colcon_core.package_identification:_identify(log) ignored
[0.153s] Level 1:colcon.colcon_core.package_identification:_identify(src) by extensions ['ignore', 'ignore_ament_install']
[0.153s] Level 1:colcon.colcon_core.package_identification:_identify(src) by extension 'ignore'
[0.153s] Level 1:colcon.colcon_core.package_identification:_identify(src) by extension 'ignore_ament_install'
[0.153s] Level 1:colcon.colcon_core.package_identification:_identify(src) by extensions ['colcon_pkg']
[0.153s] Level 1:colcon.colcon_core.package_identification:_identify(src) by extension 'colcon_pkg'
[0.153s] Level 1:colcon.colcon_core.package_identification:_identify(src) by extensions ['colcon_meta']
[0.153s] Level 1:colcon.colcon_core.package_identification:_identify(src) by extension 'colcon_meta'
[0.153s] Level 1:colcon.colcon_core.package_identification:_identify(src) by extensions ['ros']
[0.153s] Level 1:colcon.colcon_core.package_identification:_identify(src) by extension 'ros'
[0.153s] Level 1:colcon.colcon_core.package_identification:_identify(src) by extensions ['cmake', 'python']
[0.153s] Level 1:colcon.colcon_core.package_identification:_identify(src) by extension 'cmake'
[0.153s] Level 1:colcon.colcon_core.package_identification:_identify(src) by extension 'python'
[0.153s] Level 1:colcon.colcon_core.package_identification:_identify(src) by extensions ['python_setup_py']
[0.153s] Level 1:colcon.colcon_core.package_identification:_identify(src) by extension 'python_setup_py'
[0.154s] Level 1:colcon.colcon_core.package_identification:_identify(src/Universal_Robots_ROS2_Driver) by extensions ['ignore', 'ignore_ament_install']
[0.154s] Level 1:colcon.colcon_core.package_identification:_identify(src/Universal_Robots_ROS2_Driver) by extension 'ignore'
[0.154s] Level 1:colcon.colcon_core.package_identification:_identify(src/Universal_Robots_ROS2_Driver) by extension 'ignore_ament_install'
[0.154s] Level 1:colcon.colcon_core.package_identification:_identify(src/Universal_Robots_ROS2_Driver) by extensions ['colcon_pkg']
[0.154s] Level 1:colcon.colcon_core.package_identification:_identify(src/Universal_Robots_ROS2_Driver) by extension 'colcon_pkg'
[0.154s] Level 1:colcon.colcon_core.package_identification:_identify(src/Universal_Robots_ROS2_Driver) by extensions ['colcon_meta']
[0.154s] Level 1:colcon.colcon_core.package_identification:_identify(src/Universal_Robots_ROS2_Driver) by extension 'colcon_meta'
[0.154s] Level 1:colcon.colcon_core.package_identification:_identify(src/Universal_Robots_ROS2_Driver) by extensions ['ros']
[0.154s] Level 1:colcon.colcon_core.package_identification:_identify(src/Universal_Robots_ROS2_Driver) by extension 'ros'
[0.154s] Level 1:colcon.colcon_core.package_identification:_identify(src/Universal_Robots_ROS2_Driver) by extensions ['cmake', 'python']
[0.154s] Level 1:colcon.colcon_core.package_identification:_identify(src/Universal_Robots_ROS2_Driver) by extension 'cmake'
[0.154s] Level 1:colcon.colcon_core.package_identification:_identify(src/Universal_Robots_ROS2_Driver) by extension 'python'
[0.154s] Level 1:colcon.colcon_core.package_identification:_identify(src/Universal_Robots_ROS2_Driver) by extensions ['python_setup_py']
[0.154s] Level 1:colcon.colcon_core.package_identification:_identify(src/Universal_Robots_ROS2_Driver) by extension 'python_setup_py'
[0.154s] Level 1:colcon.colcon_core.package_identification:_identify(src/Universal_Robots_ROS2_Driver/ur) by extensions ['ignore', 'ignore_ament_install']
[0.154s] Level 1:colcon.colcon_core.package_identification:_identify(src/Universal_Robots_ROS2_Driver/ur) by extension 'ignore'
[0.154s] Level 1:colcon.colcon_core.package_identification:_identify(src/Universal_Robots_ROS2_Driver/ur) by extension 'ignore_ament_install'
[0.154s] Level 1:colcon.colcon_core.package_identification:_identify(src/Universal_Robots_ROS2_Driver/ur) by extensions ['colcon_pkg']
[0.154s] Level 1:colcon.colcon_core.package_identification:_identify(src/Universal_Robots_ROS2_Driver/ur) by extension 'colcon_pkg'
[0.154s] Level 1:colcon.colcon_core.package_identification:_identify(src/Universal_Robots_ROS2_Driver/ur) by extensions ['colcon_meta']
[0.154s] Level 1:colcon.colcon_core.package_identification:_identify(src/Universal_Robots_ROS2_Driver/ur) by extension 'colcon_meta'
[0.154s] Level 1:colcon.colcon_core.package_identification:_identify(src/Universal_Robots_ROS2_Driver/ur) by extensions ['ros']
[0.154s] Level 1:colcon.colcon_core.package_identification:_identify(src/Universal_Robots_ROS2_Driver/ur) by extension 'ros'
[0.155s] DEBUG:colcon.colcon_core.package_identification:Package 'src/Universal_Robots_ROS2_Driver/ur' with type 'ros.ament_cmake' and name 'ur'
[0.155s] Level 1:colcon.colcon_core.package_identification:_identify(src/Universal_Robots_ROS2_Driver/ur_bringup) by extensions ['ignore', 'ignore_ament_install']
[0.156s] Level 1:colcon.colcon_core.package_identification:_identify(src/Universal_Robots_ROS2_Driver/ur_bringup) by extension 'ignore'
[0.156s] Level 1:colcon.colcon_core.package_identification:_identify(src/Universal_Robots_ROS2_Driver/ur_bringup) by extension 'ignore_ament_install'
[0.156s] Level 1:colcon.colcon_core.package_identification:_identify(src/Universal_Robots_ROS2_Driver/ur_bringup) by extensions ['colcon_pkg']
[0.156s] Level 1:colcon.colcon_core.package_identification:_identify(src/Universal_Robots_ROS2_Driver/ur_bringup) by extension 'colcon_pkg'
[0.156s] Level 1:colcon.colcon_core.package_identification:_identify(src/Universal_Robots_ROS2_Driver/ur_bringup) by extensions ['colcon_meta']
[0.156s] Level 1:colcon.colcon_core.package_identification:_identify(src/Universal_Robots_ROS2_Driver/ur_bringup) by extension 'colcon_meta'
[0.156s] Level 1:colcon.colcon_core.package_identification:_identify(src/Universal_Robots_ROS2_Driver/ur_bringup) by extensions ['ros']
[0.156s] Level 1:colcon.colcon_core.package_identification:_identify(src/Universal_Robots_ROS2_Driver/ur_bringup) by extension 'ros'
[0.156s] DEBUG:colcon.colcon_core.package_identification:Package 'src/Universal_Robots_ROS2_Driver/ur_bringup' with type 'ros.ament_cmake' and name 'ur_bringup'
[0.156s] Level 1:colcon.colcon_core.package_identification:_identify(src/Universal_Robots_ROS2_Driver/ur_calibration) by extensions ['ignore', 'ignore_ament_install']
[0.156s] Level 1:colcon.colcon_core.package_identification:_identify(src/Universal_Robots_ROS2_Driver/ur_calibration) by extension 'ignore'
[0.156s] Level 1:colcon.colcon_core.package_identification:_identify(src/Universal_Robots_ROS2_Driver/ur_calibration) by extension 'ignore_ament_install'
[0.156s] Level 1:colcon.colcon_core.package_identification:_identify(src/Universal_Robots_ROS2_Driver/ur_calibration) by extensions ['colcon_pkg']
[0.156s] Level 1:colcon.colcon_core.package_identification:_identify(src/Universal_Robots_ROS2_Driver/ur_calibration) by extension 'colcon_pkg'
[0.156s] Level 1:colcon.colcon_core.package_identification:_identify(src/Universal_Robots_ROS2_Driver/ur_calibration) by extensions ['colcon_meta']
[0.156s] Level 1:colcon.colcon_core.package_identification:_identify(src/Universal_Robots_ROS2_Driver/ur_calibration) by extension 'colcon_meta'
[0.156s] Level 1:colcon.colcon_core.package_identification:_identify(src/Universal_Robots_ROS2_Driver/ur_calibration) by extensions ['ros']
[0.156s] Level 1:colcon.colcon_core.package_identification:_identify(src/Universal_Robots_ROS2_Driver/ur_calibration) by extension 'ros'
[0.157s] DEBUG:colcon.colcon_core.package_identification:Package 'src/Universal_Robots_ROS2_Driver/ur_calibration' with type 'ros.ament_cmake' and name 'ur_calibration'
[0.157s] Level 1:colcon.colcon_core.package_identification:_identify(src/Universal_Robots_ROS2_Driver/ur_controllers) by extensions ['ignore', 'ignore_ament_install']
[0.157s] Level 1:colcon.colcon_core.package_identification:_identify(src/Universal_Robots_ROS2_Driver/ur_controllers) by extension 'ignore'
[0.157s] Level 1:colcon.colcon_core.package_identification:_identify(src/Universal_Robots_ROS2_Driver/ur_controllers) by extension 'ignore_ament_install'
[0.157s] Level 1:colcon.colcon_core.package_identification:_identify(src/Universal_Robots_ROS2_Driver/ur_controllers) by extensions ['colcon_pkg']
[0.157s] Level 1:colcon.colcon_core.package_identification:_identify(src/Universal_Robots_ROS2_Driver/ur_controllers) by extension 'colcon_pkg'
[0.157s] Level 1:colcon.colcon_core.package_identification:_identify(src/Universal_Robots_ROS2_Driver/ur_controllers) by extensions ['colcon_meta']
[0.157s] Level 1:colcon.colcon_core.package_identification:_identify(src/Universal_Robots_ROS2_Driver/ur_controllers) by extension 'colcon_meta'
[0.157s] Level 1:colcon.colcon_core.package_identification:_identify(src/Universal_Robots_ROS2_Driver/ur_controllers) by extensions ['ros']
[0.157s] Level 1:colcon.colcon_core.package_identification:_identify(src/Universal_Robots_ROS2_Driver/ur_controllers) by extension 'ros'
[0.158s] DEBUG:colcon.colcon_core.package_identification:Package 'src/Universal_Robots_ROS2_Driver/ur_controllers' with type 'ros.ament_cmake' and name 'ur_controllers'
[0.158s] Level 1:colcon.colcon_core.package_identification:_identify(src/Universal_Robots_ROS2_Driver/ur_dashboard_msgs) by extensions ['ignore', 'ignore_ament_install']
[0.158s] Level 1:colcon.colcon_core.package_identification:_identify(src/Universal_Robots_ROS2_Driver/ur_dashboard_msgs) by extension 'ignore'
[0.158s] Level 1:colcon.colcon_core.package_identification:_identify(src/Universal_Robots_ROS2_Driver/ur_dashboard_msgs) by extension 'ignore_ament_install'
[0.159s] Level 1:colcon.colcon_core.package_identification:_identify(src/Universal_Robots_ROS2_Driver/ur_dashboard_msgs) by extensions ['colcon_pkg']
[0.159s] Level 1:colcon.colcon_core.package_identification:_identify(src/Universal_Robots_ROS2_Driver/ur_dashboard_msgs) by extension 'colcon_pkg'
[0.159s] Level 1:colcon.colcon_core.package_identification:_identify(src/Universal_Robots_ROS2_Driver/ur_dashboard_msgs) by extensions ['colcon_meta']
[0.159s] Level 1:colcon.colcon_core.package_identification:_identify(src/Universal_Robots_ROS2_Driver/ur_dashboard_msgs) by extension 'colcon_meta'
[0.159s] Level 1:colcon.colcon_core.package_identification:_identify(src/Universal_Robots_ROS2_Driver/ur_dashboard_msgs) by extensions ['ros']
[0.159s] Level 1:colcon.colcon_core.package_identification:_identify(src/Universal_Robots_ROS2_Driver/ur_dashboard_msgs) by extension 'ros'
[0.159s] DEBUG:colcon.colcon_core.package_identification:Package 'src/Universal_Robots_ROS2_Driver/ur_dashboard_msgs' with type 'ros.ament_cmake' and name 'ur_dashboard_msgs'
[0.159s] Level 1:colcon.colcon_core.package_identification:_identify(src/Universal_Robots_ROS2_Driver/ur_moveit_config) by extensions ['ignore', 'ignore_ament_install']
[0.159s] Level 1:colcon.colcon_core.package_identification:_identify(src/Universal_Robots_ROS2_Driver/ur_moveit_config) by extension 'ignore'
[0.159s] Level 1:colcon.colcon_core.package_identification:_identify(src/Universal_Robots_ROS2_Driver/ur_moveit_config) by extension 'ignore_ament_install'
[0.159s] Level 1:colcon.colcon_core.package_identification:_identify(src/Universal_Robots_ROS2_Driver/ur_moveit_config) by extensions ['colcon_pkg']
[0.159s] Level 1:colcon.colcon_core.package_identification:_identify(src/Universal_Robots_ROS2_Driver/ur_moveit_config) by extension 'colcon_pkg'
[0.159s] Level 1:colcon.colcon_core.package_identification:_identify(src/Universal_Robots_ROS2_Driver/ur_moveit_config) by extensions ['colcon_meta']
[0.159s] Level 1:colcon.colcon_core.package_identification:_identify(src/Universal_Robots_ROS2_Driver/ur_moveit_config) by extension 'colcon_meta'
[0.159s] Level 1:colcon.colcon_core.package_identification:_identify(src/Universal_Robots_ROS2_Driver/ur_moveit_config) by extensions ['ros']
[0.159s] Level 1:colcon.colcon_core.package_identification:_identify(src/Universal_Robots_ROS2_Driver/ur_moveit_config) by extension 'ros'
[0.160s] DEBUG:colcon.colcon_core.package_identification:Package 'src/Universal_Robots_ROS2_Driver/ur_moveit_config' with type 'ros.ament_cmake' and name 'ur_moveit_config'
[0.160s] Level 1:colcon.colcon_core.package_identification:_identify(src/Universal_Robots_ROS2_Driver/ur_robot_driver) by extensions ['ignore', 'ignore_ament_install']
[0.160s] Level 1:colcon.colcon_core.package_identification:_identify(src/Universal_Robots_ROS2_Driver/ur_robot_driver) by extension 'ignore'
[0.160s] Level 1:colcon.colcon_core.package_identification:_identify(src/Universal_Robots_ROS2_Driver/ur_robot_driver) by extension 'ignore_ament_install'
[0.160s] Level 1:colcon.colcon_core.package_identification:_identify(src/Universal_Robots_ROS2_Driver/ur_robot_driver) by extensions ['colcon_pkg']
[0.160s] Level 1:colcon.colcon_core.package_identification:_identify(src/Universal_Robots_ROS2_Driver/ur_robot_driver) by extension 'colcon_pkg'
[0.160s] Level 1:colcon.colcon_core.package_identification:_identify(src/Universal_Robots_ROS2_Driver/ur_robot_driver) by extensions ['colcon_meta']
[0.160s] Level 1:colcon.colcon_core.package_identification:_identify(src/Universal_Robots_ROS2_Driver/ur_robot_driver) by extension 'colcon_meta'
[0.160s] Level 1:colcon.colcon_core.package_identification:_identify(src/Universal_Robots_ROS2_Driver/ur_robot_driver) by extensions ['ros']
[0.160s] Level 1:colcon.colcon_core.package_identification:_identify(src/Universal_Robots_ROS2_Driver/ur_robot_driver) by extension 'ros'
[0.162s] DEBUG:colcon.colcon_core.package_identification:Package 'src/Universal_Robots_ROS2_Driver/ur_robot_driver' with type 'ros.ament_cmake' and name 'ur_robot_driver'
[0.162s] Level 1:colcon.colcon_core.package_discovery:discover_packages(recursive) using defaults
[0.162s] Level 1:colcon.colcon_core.package_discovery:discover_packages(ignore) discover
[0.162s] Level 1:colcon.colcon_core.package_discovery:discover_packages(ignore) using defaults
[0.162s] Level 1:colcon.colcon_core.package_discovery:discover_packages(path) discover
[0.162s] Level 1:colcon.colcon_core.package_discovery:discover_packages(path) using defaults
[0.180s] Level 1:colcon.colcon_core.package_discovery:discover_packages(prefix_path) check parameters
[0.180s] Level 1:colcon.colcon_core.package_discovery:discover_packages(prefix_path) discover
[0.181s] WARNING:colcon.colcon_core.prefix_path.colcon:The path '/home/huy/install' in the environment variable COLCON_PREFIX_PATH doesn't exist
[0.181s] WARNING:colcon.colcon_ros.prefix_path.ament:The path '/home/huy/install/xecuahuy' in the environment variable AMENT_PREFIX_PATH doesn't exist
[0.181s] WARNING:colcon.colcon_ros.prefix_path.ament:The path '/home/huy/install/turtlebot3' in the environment variable AMENT_PREFIX_PATH doesn't exist
[0.181s] WARNING:colcon.colcon_ros.prefix_path.ament:The path '/home/huy/install/turtlebot3_teleop' in the environment variable AMENT_PREFIX_PATH doesn't exist
[0.181s] WARNING:colcon.colcon_ros.prefix_path.ament:The path '/home/huy/install/turtlebot3_simulations' in the environment variable AMENT_PREFIX_PATH doesn't exist
[0.181s] WARNING:colcon.colcon_ros.prefix_path.ament:The path '/home/huy/install/turtlebot3_bringup' in the environment variable AMENT_PREFIX_PATH doesn't exist
[0.181s] WARNING:colcon.colcon_ros.prefix_path.ament:The path '/home/huy/install/turtlebot3_node' in the environment variable AMENT_PREFIX_PATH doesn't exist
[0.181s] WARNING:colcon.colcon_ros.prefix_path.ament:The path '/home/huy/install/turtlebot3_navigation2' in the environment variable AMENT_PREFIX_PATH doesn't exist
[0.181s] WARNING:colcon.colcon_ros.prefix_path.ament:The path '/home/huy/install/turtlebot3_fake_node' in the environment variable AMENT_PREFIX_PATH doesn't exist
[0.181s] WARNING:colcon.colcon_ros.prefix_path.ament:The path '/home/huy/install/turtlebot3_example' in the environment variable AMENT_PREFIX_PATH doesn't exist
[0.181s] WARNING:colcon.colcon_ros.prefix_path.ament:The path '/home/huy/install/turtlebot3_msgs' in the environment variable AMENT_PREFIX_PATH doesn't exist
[0.181s] WARNING:colcon.colcon_ros.prefix_path.ament:The path '/home/huy/install/turtlebot3_manipulation_gazebo' in the environment variable AMENT_PREFIX_PATH doesn't exist
[0.181s] WARNING:colcon.colcon_ros.prefix_path.ament:The path '/home/huy/install/turtlebot3_gazebo' in the environment variable AMENT_PREFIX_PATH doesn't exist
[0.181s] WARNING:colcon.colcon_ros.prefix_path.ament:The path '/home/huy/install/turtlebot3_description' in the environment variable AMENT_PREFIX_PATH doesn't exist
[0.181s] WARNING:colcon.colcon_ros.prefix_path.ament:The path '/home/huy/install/turtlebot3_cartographer' in the environment variable AMENT_PREFIX_PATH doesn't exist
[0.181s] WARNING:colcon.colcon_ros.prefix_path.ament:The path '/home/huy/install/slam_gmapping' in the environment variable AMENT_PREFIX_PATH doesn't exist
[0.181s] WARNING:colcon.colcon_ros.prefix_path.ament:The path '/home/huy/install/openslam_gmapping' in the environment variable AMENT_PREFIX_PATH doesn't exist
[0.181s] WARNING:colcon.colcon_ros.prefix_path.ament:The path '/home/huy/install/micro_ros_setup' in the environment variable AMENT_PREFIX_PATH doesn't exist
[0.181s] WARNING:colcon.colcon_ros.prefix_path.ament:The path '/home/huy/install/micro_ros_agent' in the environment variable AMENT_PREFIX_PATH doesn't exist
[0.181s] WARNING:colcon.colcon_ros.prefix_path.ament:The path '/home/huy/install/micro_ros_msgs' in the environment variable AMENT_PREFIX_PATH doesn't exist
[0.181s] WARNING:colcon.colcon_ros.prefix_path.ament:The path '/home/huy/install/dynamixel_sdk_examples' in the environment variable AMENT_PREFIX_PATH doesn't exist
[0.181s] WARNING:colcon.colcon_ros.prefix_path.ament:The path '/home/huy/install/dynamixel_sdk_custom_interfaces' in the environment variable AMENT_PREFIX_PATH doesn't exist
[0.181s] WARNING:colcon.colcon_ros.prefix_path.ament:The path '/home/huy/install/dynamixel_sdk' in the environment variable AMENT_PREFIX_PATH doesn't exist
[0.181s] WARNING:colcon.colcon_ros.prefix_path.ament:The path '/home/huy/install/aws_robomaker_small_warehouse_world' in the environment variable AMENT_PREFIX_PATH doesn't exist
[0.181s] WARNING:colcon.colcon_ros.prefix_path.catkin:The path '/home/huy/install/xecuahuy' in the environment variable CMAKE_PREFIX_PATH doesn't exist
[0.181s] WARNING:colcon.colcon_ros.prefix_path.catkin:The path '/home/huy/install/turtlebot3' in the environment variable CMAKE_PREFIX_PATH doesn't exist
[0.181s] WARNING:colcon.colcon_ros.prefix_path.catkin:The path '/home/huy/install/turtlebot3_simulations' in the environment variable CMAKE_PREFIX_PATH doesn't exist
[0.181s] WARNING:colcon.colcon_ros.prefix_path.catkin:The path '/home/huy/install/turtlebot3_bringup' in the environment variable CMAKE_PREFIX_PATH doesn't exist
[0.181s] WARNING:colcon.colcon_ros.prefix_path.catkin:The path '/home/huy/install/turtlebot3_node' in the environment variable CMAKE_PREFIX_PATH doesn't exist
[0.181s] WARNING:colcon.colcon_ros.prefix_path.catkin:The path '/home/huy/install/turtlebot3_fake_node' in the environment variable CMAKE_PREFIX_PATH doesn't exist
[0.181s] WARNING:colcon.colcon_ros.prefix_path.catkin:The path '/home/huy/install/turtlebot3_msgs' in the environment variable CMAKE_PREFIX_PATH doesn't exist
[0.181s] WARNING:colcon.colcon_ros.prefix_path.catkin:The path '/home/huy/install/turtlebot3_gazebo' in the environment variable CMAKE_PREFIX_PATH doesn't exist
[0.181s] WARNING:colcon.colcon_ros.prefix_path.catkin:The path '/home/huy/install/slam_gmapping' in the environment variable CMAKE_PREFIX_PATH doesn't exist
[0.181s] WARNING:colcon.colcon_ros.prefix_path.catkin:The path '/home/huy/install/micro_ros_setup' in the environment variable CMAKE_PREFIX_PATH doesn't exist
[0.181s] WARNING:colcon.colcon_ros.prefix_path.catkin:The path '/home/huy/install/micro_ros_agent' in the environment variable CMAKE_PREFIX_PATH doesn't exist
[0.181s] WARNING:colcon.colcon_ros.prefix_path.catkin:The path '/home/huy/install/micro_ros_msgs' in the environment variable CMAKE_PREFIX_PATH doesn't exist
[0.181s] WARNING:colcon.colcon_ros.prefix_path.catkin:The path '/home/huy/install/dynamixel_sdk_examples' in the environment variable CMAKE_PREFIX_PATH doesn't exist
[0.181s] WARNING:colcon.colcon_ros.prefix_path.catkin:The path '/home/huy/install/dynamixel_sdk_custom_interfaces' in the environment variable CMAKE_PREFIX_PATH doesn't exist
[0.181s] WARNING:colcon.colcon_ros.prefix_path.catkin:The path '/home/huy/install/dynamixel_sdk' in the environment variable CMAKE_PREFIX_PATH doesn't exist
[0.181s] WARNING:colcon.colcon_ros.prefix_path.catkin:The path '/home/huy/install/aws_robomaker_small_warehouse_world' in the environment variable CMAKE_PREFIX_PATH doesn't exist
[0.182s] DEBUG:colcon.colcon_installed_package_information.package_discovery:Found 2 installed packages in /home/huy/ros2_ws/install
[0.182s] DEBUG:colcon.colcon_installed_package_information.package_discovery:Found 4 installed packages in /home/huy/xecuahuy_ws/install
[0.183s] DEBUG:colcon.colcon_installed_package_information.package_discovery:Found 492 installed packages in /opt/ros/humble
[0.185s] Level 1:colcon.colcon_core.package_discovery:discover_packages(prefix_path) using defaults
[0.213s] WARNING:colcon.colcon_core.package_selection:Some selected packages are already built in one or more underlay workspaces:
	'ur_controllers' is in: /opt/ros/humble
	'ur_moveit_config' is in: /opt/ros/humble
If a package in a merged underlay workspace is overridden and it installs headers, then all packages in the overlay must sort their include directories by workspace order. Failure to do so may result in build failures or undefined behavior at run time.
If the overridden package is used by another package in any underlay, then the overriding package in the overlay must be API and ABI compatible or undefined behavior at run time may occur.

If you understand the risks and want to override a package anyways, add the following to the command line:
	--allow-overriding ur_controllers ur_moveit_config

This may be promoted to an error in a future release of colcon-override-check.
[0.213s] Level 5:colcon.colcon_core.verb:set package 'ur_dashboard_msgs' build argument 'cmake_args' from command line to 'None'
[0.213s] Level 5:colcon.colcon_core.verb:set package 'ur_dashboard_msgs' build argument 'cmake_target' from command line to 'None'
[0.213s] Level 5:colcon.colcon_core.verb:set package 'ur_dashboard_msgs' build argument 'cmake_target_skip_unavailable' from command line to 'False'
[0.213s] Level 5:colcon.colcon_core.verb:set package 'ur_dashboard_msgs' build argument 'cmake_clean_cache' from command line to 'False'
[0.213s] Level 5:colcon.colcon_core.verb:set package 'ur_dashboard_msgs' build argument 'cmake_clean_first' from command line to 'False'
[0.213s] Level 5:colcon.colcon_core.verb:set package 'ur_dashboard_msgs' build argument 'cmake_force_configure' from command line to 'False'
[0.213s] Level 5:colcon.colcon_core.verb:set package 'ur_dashboard_msgs' build argument 'ament_cmake_args' from command line to 'None'
[0.213s] Level 5:colcon.colcon_core.verb:set package 'ur_dashboard_msgs' build argument 'catkin_cmake_args' from command line to 'None'
[0.213s] Level 5:colcon.colcon_core.verb:set package 'ur_dashboard_msgs' build argument 'catkin_skip_building_tests' from command line to 'False'
[0.213s] DEBUG:colcon.colcon_core.verb:Building package 'ur_dashboard_msgs' with the following arguments: {'ament_cmake_args': None, 'build_base': '/home/huy/ur3_llm_ws/build/ur_dashboard_msgs', 'catkin_cmake_args': None, 'catkin_skip_building_tests': False, 'cmake_args': None, 'cmake_clean_cache': False, 'cmake_clean_first': False, 'cmake_force_configure': False, 'cmake_target': None, 'cmake_target_skip_unavailable': False, 'install_base': '/home/huy/ur3_llm_ws/install/ur_dashboard_msgs', 'merge_install': False, 'path': '/home/huy/ur3_llm_ws/src/Universal_Robots_ROS2_Driver/ur_dashboard_msgs', 'symlink_install': True, 'test_result_base': None}
[0.214s] Level 5:colcon.colcon_core.verb:set package 'ur_moveit_config' build argument 'cmake_args' from command line to 'None'
[0.214s] Level 5:colcon.colcon_core.verb:set package 'ur_moveit_config' build argument 'cmake_target' from command line to 'None'
[0.214s] Level 5:colcon.colcon_core.verb:set package 'ur_moveit_config' build argument 'cmake_target_skip_unavailable' from command line to 'False'
[0.214s] Level 5:colcon.colcon_core.verb:set package 'ur_moveit_config' build argument 'cmake_clean_cache' from command line to 'False'
[0.214s] Level 5:colcon.colcon_core.verb:set package 'ur_moveit_config' build argument 'cmake_clean_first' from command line to 'False'
[0.214s] Level 5:colcon.colcon_core.verb:set package 'ur_moveit_config' build argument 'cmake_force_configure' from command line to 'False'
[0.214s] Level 5:colcon.colcon_core.verb:set package 'ur_moveit_config' build argument 'ament_cmake_args' from command line to 'None'
[0.214s] Level 5:colcon.colcon_core.verb:set package 'ur_moveit_config' build argument 'catkin_cmake_args' from command line to 'None'
[0.214s] Level 5:colcon.colcon_core.verb:set package 'ur_moveit_config' build argument 'catkin_skip_building_tests' from command line to 'False'
[0.214s] DEBUG:colcon.colcon_core.verb:Building package 'ur_moveit_config' with the following arguments: {'ament_cmake_args': None, 'build_base': '/home/huy/ur3_llm_ws/build/ur_moveit_config', 'catkin_cmake_args': None, 'catkin_skip_building_tests': False, 'cmake_args': None, 'cmake_clean_cache': False, 'cmake_clean_first': False, 'cmake_force_configure': False, 'cmake_target': None, 'cmake_target_skip_unavailable': False, 'install_base': '/home/huy/ur3_llm_ws/install/ur_moveit_config', 'merge_install': False, 'path': '/home/huy/ur3_llm_ws/src/Universal_Robots_ROS2_Driver/ur_moveit_config', 'symlink_install': True, 'test_result_base': None}
[0.214s] Level 5:colcon.colcon_core.verb:set package 'ur_controllers' build argument 'cmake_args' from command line to 'None'
[0.214s] Level 5:colcon.colcon_core.verb:set package 'ur_controllers' build argument 'cmake_target' from command line to 'None'
[0.214s] Level 5:colcon.colcon_core.verb:set package 'ur_controllers' build argument 'cmake_target_skip_unavailable' from command line to 'False'
[0.214s] Level 5:colcon.colcon_core.verb:set package 'ur_controllers' build argument 'cmake_clean_cache' from command line to 'False'
[0.214s] Level 5:colcon.colcon_core.verb:set package 'ur_controllers' build argument 'cmake_clean_first' from command line to 'False'
[0.214s] Level 5:colcon.colcon_core.verb:set package 'ur_controllers' build argument 'cmake_force_configure' from command line to 'False'
[0.214s] Level 5:colcon.colcon_core.verb:set package 'ur_controllers' build argument 'ament_cmake_args' from command line to 'None'
[0.214s] Level 5:colcon.colcon_core.verb:set package 'ur_controllers' build argument 'catkin_cmake_args' from command line to 'None'
[0.214s] Level 5:colcon.colcon_core.verb:set package 'ur_controllers' build argument 'catkin_skip_building_tests' from command line to 'False'
[0.214s] DEBUG:colcon.colcon_core.verb:Building package 'ur_controllers' with the following arguments: {'ament_cmake_args': None, 'build_base': '/home/huy/ur3_llm_ws/build/ur_controllers', 'catkin_cmake_args': None, 'catkin_skip_building_tests': False, 'cmake_args': None, 'cmake_clean_cache': False, 'cmake_clean_first': False, 'cmake_force_configure': False, 'cmake_target': None, 'cmake_target_skip_unavailable': False, 'install_base': '/home/huy/ur3_llm_ws/install/ur_controllers', 'merge_install': False, 'path': '/home/huy/ur3_llm_ws/src/Universal_Robots_ROS2_Driver/ur_controllers', 'symlink_install': True, 'test_result_base': None}
[0.214s] Level 5:colcon.colcon_core.verb:set package 'ur_bringup' build argument 'cmake_args' from command line to 'None'
[0.214s] Level 5:colcon.colcon_core.verb:set package 'ur_bringup' build argument 'cmake_target' from command line to 'None'
[0.214s] Level 5:colcon.colcon_core.verb:set package 'ur_bringup' build argument 'cmake_target_skip_unavailable' from command line to 'False'
[0.214s] Level 5:colcon.colcon_core.verb:set package 'ur_bringup' build argument 'cmake_clean_cache' from command line to 'False'
[0.214s] Level 5:colcon.colcon_core.verb:set package 'ur_bringup' build argument 'cmake_clean_first' from command line to 'False'
[0.214s] Level 5:colcon.colcon_core.verb:set package 'ur_bringup' build argument 'cmake_force_configure' from command line to 'False'
[0.214s] Level 5:colcon.colcon_core.verb:set package 'ur_bringup' build argument 'ament_cmake_args' from command line to 'None'
[0.214s] Level 5:colcon.colcon_core.verb:set package 'ur_bringup' build argument 'catkin_cmake_args' from command line to 'None'
[0.214s] Level 5:colcon.colcon_core.verb:set package 'ur_bringup' build argument 'catkin_skip_building_tests' from command line to 'False'
[0.214s] DEBUG:colcon.colcon_core.verb:Building package 'ur_bringup' with the following arguments: {'ament_cmake_args': None, 'build_base': '/home/huy/ur3_llm_ws/build/ur_bringup', 'catkin_cmake_args': None, 'catkin_skip_building_tests': False, 'cmake_args': None, 'cmake_clean_cache': False, 'cmake_clean_first': False, 'cmake_force_configure': False, 'cmake_target': None, 'cmake_target_skip_unavailable': False, 'install_base': '/home/huy/ur3_llm_ws/install/ur_bringup', 'merge_install': False, 'path': '/home/huy/ur3_llm_ws/src/Universal_Robots_ROS2_Driver/ur_bringup', 'symlink_install': True, 'test_result_base': None}
[0.215s] Level 5:colcon.colcon_core.verb:set package 'ur_robot_driver' build argument 'cmake_args' from command line to 'None'
[0.215s] Level 5:colcon.colcon_core.verb:set package 'ur_robot_driver' build argument 'cmake_target' from command line to 'None'
[0.215s] Level 5:colcon.colcon_core.verb:set package 'ur_robot_driver' build argument 'cmake_target_skip_unavailable' from command line to 'False'
[0.215s] Level 5:colcon.colcon_core.verb:set package 'ur_robot_driver' build argument 'cmake_clean_cache' from command line to 'False'
[0.215s] Level 5:colcon.colcon_core.verb:set package 'ur_robot_driver' build argument 'cmake_clean_first' from command line to 'False'
[0.215s] Level 5:colcon.colcon_core.verb:set package 'ur_robot_driver' build argument 'cmake_force_configure' from command line to 'False'
[0.215s] Level 5:colcon.colcon_core.verb:set package 'ur_robot_driver' build argument 'ament_cmake_args' from command line to 'None'
[0.215s] Level 5:colcon.colcon_core.verb:set package 'ur_robot_driver' build argument 'catkin_cmake_args' from command line to 'None'
[0.215s] Level 5:colcon.colcon_core.verb:set package 'ur_robot_driver' build argument 'catkin_skip_building_tests' from command line to 'False'
[0.215s] DEBUG:colcon.colcon_core.verb:Building package 'ur_robot_driver' with the following arguments: {'ament_cmake_args': None, 'build_base': '/home/huy/ur3_llm_ws/build/ur_robot_driver', 'catkin_cmake_args': None, 'catkin_skip_building_tests': False, 'cmake_args': None, 'cmake_clean_cache': False, 'cmake_clean_first': False, 'cmake_force_configure': False, 'cmake_target': None, 'cmake_target_skip_unavailable': False, 'install_base': '/home/huy/ur3_llm_ws/install/ur_robot_driver', 'merge_install': False, 'path': '/home/huy/ur3_llm_ws/src/Universal_Robots_ROS2_Driver/ur_robot_driver', 'symlink_install': True, 'test_result_base': None}
[0.215s] Level 5:colcon.colcon_core.verb:set package 'ur_calibration' build argument 'cmake_args' from command line to 'None'
[0.215s] Level 5:colcon.colcon_core.verb:set package 'ur_calibration' build argument 'cmake_target' from command line to 'None'
[0.215s] Level 5:colcon.colcon_core.verb:set package 'ur_calibration' build argument 'cmake_target_skip_unavailable' from command line to 'False'
[0.215s] Level 5:colcon.colcon_core.verb:set package 'ur_calibration' build argument 'cmake_clean_cache' from command line to 'False'
[0.215s] Level 5:colcon.colcon_core.verb:set package 'ur_calibration' build argument 'cmake_clean_first' from command line to 'False'
[0.215s] Level 5:colcon.colcon_core.verb:set package 'ur_calibration' build argument 'cmake_force_configure' from command line to 'False'
[0.215s] Level 5:colcon.colcon_core.verb:set package 'ur_calibration' build argument 'ament_cmake_args' from command line to 'None'
[0.215s] Level 5:colcon.colcon_core.verb:set package 'ur_calibration' build argument 'catkin_cmake_args' from command line to 'None'
[0.215s] Level 5:colcon.colcon_core.verb:set package 'ur_calibration' build argument 'catkin_skip_building_tests' from command line to 'False'
[0.215s] DEBUG:colcon.colcon_core.verb:Building package 'ur_calibration' with the following arguments: {'ament_cmake_args': None, 'build_base': '/home/huy/ur3_llm_ws/build/ur_calibration', 'catkin_cmake_args': None, 'catkin_skip_building_tests': False, 'cmake_args': None, 'cmake_clean_cache': False, 'cmake_clean_first': False, 'cmake_force_configure': False, 'cmake_target': None, 'cmake_target_skip_unavailable': False, 'install_base': '/home/huy/ur3_llm_ws/install/ur_calibration', 'merge_install': False, 'path': '/home/huy/ur3_llm_ws/src/Universal_Robots_ROS2_Driver/ur_calibration', 'symlink_install': True, 'test_result_base': None}
[0.215s] Level 5:colcon.colcon_core.verb:set package 'ur' build argument 'cmake_args' from command line to 'None'
[0.215s] Level 5:colcon.colcon_core.verb:set package 'ur' build argument 'cmake_target' from command line to 'None'
[0.215s] Level 5:colcon.colcon_core.verb:set package 'ur' build argument 'cmake_target_skip_unavailable' from command line to 'False'
[0.215s] Level 5:colcon.colcon_core.verb:set package 'ur' build argument 'cmake_clean_cache' from command line to 'False'
[0.215s] Level 5:colcon.colcon_core.verb:set package 'ur' build argument 'cmake_clean_first' from command line to 'False'
[0.215s] Level 5:colcon.colcon_core.verb:set package 'ur' build argument 'cmake_force_configure' from command line to 'False'
[0.215s] Level 5:colcon.colcon_core.verb:set package 'ur' build argument 'ament_cmake_args' from command line to 'None'
[0.215s] Level 5:colcon.colcon_core.verb:set package 'ur' build argument 'catkin_cmake_args' from command line to 'None'
[0.215s] Level 5:colcon.colcon_core.verb:set package 'ur' build argument 'catkin_skip_building_tests' from command line to 'False'
[0.215s] DEBUG:colcon.colcon_core.verb:Building package 'ur' with the following arguments: {'ament_cmake_args': None, 'build_base': '/home/huy/ur3_llm_ws/build/ur', 'catkin_cmake_args': None, 'catkin_skip_building_tests': False, 'cmake_args': None, 'cmake_clean_cache': False, 'cmake_clean_first': False, 'cmake_force_configure': False, 'cmake_target': None, 'cmake_target_skip_unavailable': False, 'install_base': '/home/huy/ur3_llm_ws/install/ur', 'merge_install': False, 'path': '/home/huy/ur3_llm_ws/src/Universal_Robots_ROS2_Driver/ur', 'symlink_install': True, 'test_result_base': None}
[0.215s] INFO:colcon.colcon_core.executor:Executing jobs using 'parallel' executor
[0.216s] DEBUG:colcon.colcon_parallel_executor.executor.parallel:run_until_complete
[0.216s] INFO:colcon.colcon_ros.task.ament_cmake.build:Building ROS package in '/home/huy/ur3_llm_ws/src/Universal_Robots_ROS2_Driver/ur_dashboard_msgs' with build type 'ament_cmake'
[0.216s] INFO:colcon.colcon_cmake.task.cmake.build:Building CMake package in '/home/huy/ur3_llm_ws/src/Universal_Robots_ROS2_Driver/ur_dashboard_msgs'
[0.217s] INFO:colcon.colcon_core.plugin_system:Skipping extension 'colcon_core.shell.bat': Not used on non-Windows systems
[0.218s] INFO:colcon.colcon_core.shell:Skip shell extension 'powershell' for command environment: Not usable outside of PowerShell
[0.218s] DEBUG:colcon.colcon_core.shell:Skip shell extension 'dsv' for command environment
[0.220s] INFO:colcon.colcon_ros.task.ament_cmake.build:Building ROS package in '/home/huy/ur3_llm_ws/src/Universal_Robots_ROS2_Driver/ur_moveit_config' with build type 'ament_cmake'
[0.220s] INFO:colcon.colcon_cmake.task.cmake.build:Building CMake package in '/home/huy/ur3_llm_ws/src/Universal_Robots_ROS2_Driver/ur_moveit_config'
[0.220s] INFO:colcon.colcon_core.shell:Skip shell extension 'powershell' for command environment: Not usable outside of PowerShell
[0.220s] DEBUG:colcon.colcon_core.shell:Skip shell extension 'dsv' for command environment
[0.226s] DEBUG:colcon.colcon_core.event_handler.log_command:Invoking command in '/home/huy/ur3_llm_ws/build/ur_dashboard_msgs': CMAKE_PREFIX_PATH=${CMAKE_PREFIX_PATH}:/home/huy/install/turtlebot3_teleop:/home/huy/install/turtlebot3_navigation2:/home/huy/install/turtlebot3_example:/home/huy/install/turtlebot3_manipulation_gazebo:/home/huy/install/turtlebot3_description:/home/huy/install/turtlebot3_cartographer:/home/huy/install/openslam_gmapping:/opt/ros/humble PS1=${debian_chroot:+($debian_chroot)}\[\033[01;32m\]\u@\h\[\033[00m\]:\[\033[01;34m\]\w\[\033[00m\]\$ /usr/bin/cmake /home/huy/ur3_llm_ws/src/Universal_Robots_ROS2_Driver/ur_dashboard_msgs -DAMENT_CMAKE_SYMLINK_INSTALL=1 -DCMAKE_INSTALL_PREFIX=/home/huy/ur3_llm_ws/install/ur_dashboard_msgs
[0.228s] DEBUG:colcon.colcon_core.event_handler.log_command:Invoking command in '/home/huy/ur3_llm_ws/build/ur_moveit_config': CMAKE_PREFIX_PATH=${CMAKE_PREFIX_PATH}:/home/huy/install/turtlebot3_teleop:/home/huy/install/turtlebot3_navigation2:/home/huy/install/turtlebot3_example:/home/huy/install/turtlebot3_manipulation_gazebo:/home/huy/install/turtlebot3_description:/home/huy/install/turtlebot3_cartographer:/home/huy/install/openslam_gmapping:/opt/ros/humble PS1=${debian_chroot:+($debian_chroot)}\[\033[01;32m\]\u@\h\[\033[00m\]:\[\033[01;34m\]\w\[\033[00m\]\$ /usr/bin/cmake /home/huy/ur3_llm_ws/src/Universal_Robots_ROS2_Driver/ur_moveit_config -DAMENT_CMAKE_SYMLINK_INSTALL=1 -DCMAKE_INSTALL_PREFIX=/home/huy/ur3_llm_ws/install/ur_moveit_config
[0.711s] DEBUG:colcon.colcon_core.event_handler.log_command:Invoked command in '/home/huy/ur3_llm_ws/build/ur_moveit_config' returned '0': CMAKE_PREFIX_PATH=${CMAKE_PREFIX_PATH}:/home/huy/install/turtlebot3_teleop:/home/huy/install/turtlebot3_navigation2:/home/huy/install/turtlebot3_example:/home/huy/install/turtlebot3_manipulation_gazebo:/home/huy/install/turtlebot3_description:/home/huy/install/turtlebot3_cartographer:/home/huy/install/openslam_gmapping:/opt/ros/humble PS1=${debian_chroot:+($debian_chroot)}\[\033[01;32m\]\u@\h\[\033[00m\]:\[\033[01;34m\]\w\[\033[00m\]\$ /usr/bin/cmake /home/huy/ur3_llm_ws/src/Universal_Robots_ROS2_Driver/ur_moveit_config -DAMENT_CMAKE_SYMLINK_INSTALL=1 -DCMAKE_INSTALL_PREFIX=/home/huy/ur3_llm_ws/install/ur_moveit_config
[0.712s] DEBUG:colcon.colcon_core.event_handler.log_command:Invoking command in '/home/huy/ur3_llm_ws/build/ur_moveit_config': CMAKE_PREFIX_PATH=${CMAKE_PREFIX_PATH}:/home/huy/install/turtlebot3_teleop:/home/huy/install/turtlebot3_navigation2:/home/huy/install/turtlebot3_example:/home/huy/install/turtlebot3_manipulation_gazebo:/home/huy/install/turtlebot3_description:/home/huy/install/turtlebot3_cartographer:/home/huy/install/openslam_gmapping:/opt/ros/humble PS1=${debian_chroot:+($debian_chroot)}\[\033[01;32m\]\u@\h\[\033[00m\]:\[\033[01;34m\]\w\[\033[00m\]\$ /usr/bin/cmake --build /home/huy/ur3_llm_ws/build/ur_moveit_config -- -j12 -l12
[0.923s] DEBUG:colcon.colcon_core.event_handler.log_command:Invoked command in '/home/huy/ur3_llm_ws/build/ur_moveit_config' returned '0': CMAKE_PREFIX_PATH=${CMAKE_PREFIX_PATH}:/home/huy/install/turtlebot3_teleop:/home/huy/install/turtlebot3_navigation2:/home/huy/install/turtlebot3_example:/home/huy/install/turtlebot3_manipulation_gazebo:/home/huy/install/turtlebot3_description:/home/huy/install/turtlebot3_cartographer:/home/huy/install/openslam_gmapping:/opt/ros/humble PS1=${debian_chroot:+($debian_chroot)}\[\033[01;32m\]\u@\h\[\033[00m\]:\[\033[01;34m\]\w\[\033[00m\]\$ /usr/bin/cmake --build /home/huy/ur3_llm_ws/build/ur_moveit_config -- -j12 -l12
[0.930s] DEBUG:colcon.colcon_core.event_handler.log_command:Invoking command in '/home/huy/ur3_llm_ws/build/ur_moveit_config': CMAKE_PREFIX_PATH=${CMAKE_PREFIX_PATH}:/home/huy/install/turtlebot3_teleop:/home/huy/install/turtlebot3_navigation2:/home/huy/install/turtlebot3_example:/home/huy/install/turtlebot3_manipulation_gazebo:/home/huy/install/turtlebot3_description:/home/huy/install/turtlebot3_cartographer:/home/huy/install/openslam_gmapping:/opt/ros/humble PS1=${debian_chroot:+($debian_chroot)}\[\033[01;32m\]\u@\h\[\033[00m\]:\[\033[01;34m\]\w\[\033[00m\]\$ /usr/bin/cmake --install /home/huy/ur3_llm_ws/build/ur_moveit_config
[1.208s] Level 1:colcon.colcon_core.environment:create_environment_scripts_only(ur_moveit_config)
[1.209s] DEBUG:colcon.colcon_core.event_handler.log_command:Invoked command in '/home/huy/ur3_llm_ws/build/ur_moveit_config' returned '0': CMAKE_PREFIX_PATH=${CMAKE_PREFIX_PATH}:/home/huy/install/turtlebot3_teleop:/home/huy/install/turtlebot3_navigation2:/home/huy/install/turtlebot3_example:/home/huy/install/turtlebot3_manipulation_gazebo:/home/huy/install/turtlebot3_description:/home/huy/install/turtlebot3_cartographer:/home/huy/install/openslam_gmapping:/opt/ros/humble PS1=${debian_chroot:+($debian_chroot)}\[\033[01;32m\]\u@\h\[\033[00m\]:\[\033[01;34m\]\w\[\033[00m\]\$ /usr/bin/cmake --install /home/huy/ur3_llm_ws/build/ur_moveit_config
[1.211s] Level 1:colcon.colcon_core.environment:checking '/home/huy/ur3_llm_ws/install/ur_moveit_config' for CMake module files
[1.211s] Level 1:colcon.colcon_core.environment:checking '/home/huy/ur3_llm_ws/install/ur_moveit_config' for CMake config files
[1.212s] Level 1:colcon.colcon_core.shell:create_environment_hook('ur_moveit_config', 'cmake_prefix_path')
[1.212s] INFO:colcon.colcon_core.shell:Creating environment hook '/home/huy/ur3_llm_ws/install/ur_moveit_config/share/ur_moveit_config/hook/cmake_prefix_path.ps1'
[1.212s] INFO:colcon.colcon_core.shell:Creating environment descriptor '/home/huy/ur3_llm_ws/install/ur_moveit_config/share/ur_moveit_config/hook/cmake_prefix_path.dsv'
[1.212s] INFO:colcon.colcon_core.shell:Creating environment hook '/home/huy/ur3_llm_ws/install/ur_moveit_config/share/ur_moveit_config/hook/cmake_prefix_path.sh'
[1.213s] Level 1:colcon.colcon_core.environment:checking '/home/huy/ur3_llm_ws/install/ur_moveit_config/bin'
[1.213s] Level 1:colcon.colcon_core.environment:checking '/home/huy/ur3_llm_ws/install/ur_moveit_config/lib/pkgconfig/ur_moveit_config.pc'
[1.213s] Level 1:colcon.colcon_core.environment:checking '/home/huy/ur3_llm_ws/install/ur_moveit_config/lib/python3.10/site-packages'
[1.213s] Level 1:colcon.colcon_core.environment:checking '/home/huy/ur3_llm_ws/install/ur_moveit_config/bin'
[1.213s] INFO:colcon.colcon_core.shell:Creating package script '/home/huy/ur3_llm_ws/install/ur_moveit_config/share/ur_moveit_config/package.ps1'
[1.214s] INFO:colcon.colcon_core.shell:Creating package descriptor '/home/huy/ur3_llm_ws/install/ur_moveit_config/share/ur_moveit_config/package.dsv'
[1.214s] INFO:colcon.colcon_core.shell:Creating package script '/home/huy/ur3_llm_ws/install/ur_moveit_config/share/ur_moveit_config/package.sh'
[1.215s] INFO:colcon.colcon_core.shell:Creating package script '/home/huy/ur3_llm_ws/install/ur_moveit_config/share/ur_moveit_config/package.bash'
[1.215s] INFO:colcon.colcon_core.shell:Creating package script '/home/huy/ur3_llm_ws/install/ur_moveit_config/share/ur_moveit_config/package.zsh'
[1.215s] Level 1:colcon.colcon_core.environment:create_file_with_runtime_dependencies(/home/huy/ur3_llm_ws/install/ur_moveit_config/share/colcon-core/packages/ur_moveit_config)
[1.216s] Level 1:colcon.colcon_core.environment:create_environment_scripts_only(ur_moveit_config)
[1.216s] Level 1:colcon.colcon_core.environment:checking '/home/huy/ur3_llm_ws/install/ur_moveit_config' for CMake module files
[1.216s] Level 1:colcon.colcon_core.environment:checking '/home/huy/ur3_llm_ws/install/ur_moveit_config' for CMake config files
[1.216s] Level 1:colcon.colcon_core.shell:create_environment_hook('ur_moveit_config', 'cmake_prefix_path')
[1.217s] INFO:colcon.colcon_core.shell:Creating environment hook '/home/huy/ur3_llm_ws/install/ur_moveit_config/share/ur_moveit_config/hook/cmake_prefix_path.ps1'
[1.217s] INFO:colcon.colcon_core.shell:Creating environment descriptor '/home/huy/ur3_llm_ws/install/ur_moveit_config/share/ur_moveit_config/hook/cmake_prefix_path.dsv'
[1.217s] INFO:colcon.colcon_core.shell:Creating environment hook '/home/huy/ur3_llm_ws/install/ur_moveit_config/share/ur_moveit_config/hook/cmake_prefix_path.sh'
[1.217s] Level 1:colcon.colcon_core.environment:checking '/home/huy/ur3_llm_ws/install/ur_moveit_config/bin'
[1.217s] Level 1:colcon.colcon_core.environment:checking '/home/huy/ur3_llm_ws/install/ur_moveit_config/lib/pkgconfig/ur_moveit_config.pc'
[1.217s] Level 1:colcon.colcon_core.environment:checking '/home/huy/ur3_llm_ws/install/ur_moveit_config/lib/python3.10/site-packages'
[1.218s] Level 1:colcon.colcon_core.environment:checking '/home/huy/ur3_llm_ws/install/ur_moveit_config/bin'
[1.218s] INFO:colcon.colcon_core.shell:Creating package script '/home/huy/ur3_llm_ws/install/ur_moveit_config/share/ur_moveit_config/package.ps1'
[1.218s] INFO:colcon.colcon_core.shell:Creating package descriptor '/home/huy/ur3_llm_ws/install/ur_moveit_config/share/ur_moveit_config/package.dsv'
[1.218s] INFO:colcon.colcon_core.shell:Creating package script '/home/huy/ur3_llm_ws/install/ur_moveit_config/share/ur_moveit_config/package.sh'
[1.219s] INFO:colcon.colcon_core.shell:Creating package script '/home/huy/ur3_llm_ws/install/ur_moveit_config/share/ur_moveit_config/package.bash'
[1.219s] INFO:colcon.colcon_core.shell:Creating package script '/home/huy/ur3_llm_ws/install/ur_moveit_config/share/ur_moveit_config/package.zsh'
[1.219s] Level 1:colcon.colcon_core.environment:create_file_with_runtime_dependencies(/home/huy/ur3_llm_ws/install/ur_moveit_config/share/colcon-core/packages/ur_moveit_config)
[1.524s] DEBUG:colcon.colcon_core.event_handler.log_command:Invoked command in '/home/huy/ur3_llm_ws/build/ur_dashboard_msgs' returned '0': CMAKE_PREFIX_PATH=${CMAKE_PREFIX_PATH}:/home/huy/install/turtlebot3_teleop:/home/huy/install/turtlebot3_navigation2:/home/huy/install/turtlebot3_example:/home/huy/install/turtlebot3_manipulation_gazebo:/home/huy/install/turtlebot3_description:/home/huy/install/turtlebot3_cartographer:/home/huy/install/openslam_gmapping:/opt/ros/humble PS1=${debian_chroot:+($debian_chroot)}\[\033[01;32m\]\u@\h\[\033[00m\]:\[\033[01;34m\]\w\[\033[00m\]\$ /usr/bin/cmake /home/huy/ur3_llm_ws/src/Universal_Robots_ROS2_Driver/ur_dashboard_msgs -DAMENT_CMAKE_SYMLINK_INSTALL=1 -DCMAKE_INSTALL_PREFIX=/home/huy/ur3_llm_ws/install/ur_dashboard_msgs
[1.525s] DEBUG:colcon.colcon_core.event_handler.log_command:Invoking command in '/home/huy/ur3_llm_ws/build/ur_dashboard_msgs': CMAKE_PREFIX_PATH=${CMAKE_PREFIX_PATH}:/home/huy/install/turtlebot3_teleop:/home/huy/install/turtlebot3_navigation2:/home/huy/install/turtlebot3_example:/home/huy/install/turtlebot3_manipulation_gazebo:/home/huy/install/turtlebot3_description:/home/huy/install/turtlebot3_cartographer:/home/huy/install/openslam_gmapping:/opt/ros/humble PS1=${debian_chroot:+($debian_chroot)}\[\033[01;32m\]\u@\h\[\033[00m\]:\[\033[01;34m\]\w\[\033[00m\]\$ /usr/bin/cmake --build /home/huy/ur3_llm_ws/build/ur_dashboard_msgs -- -j12 -l12
[14.047s] DEBUG:colcon.colcon_core.event_handler.log_command:Invoked command in '/home/huy/ur3_llm_ws/build/ur_dashboard_msgs' returned '0': CMAKE_PREFIX_PATH=${CMAKE_PREFIX_PATH}:/home/huy/install/turtlebot3_teleop:/home/huy/install/turtlebot3_navigation2:/home/huy/install/turtlebot3_example:/home/huy/install/turtlebot3_manipulation_gazebo:/home/huy/install/turtlebot3_description:/home/huy/install/turtlebot3_cartographer:/home/huy/install/openslam_gmapping:/opt/ros/humble PS1=${debian_chroot:+($debian_chroot)}\[\033[01;32m\]\u@\h\[\033[00m\]:\[\033[01;34m\]\w\[\033[00m\]\$ /usr/bin/cmake --build /home/huy/ur3_llm_ws/build/ur_dashboard_msgs -- -j12 -l12
[14.048s] DEBUG:colcon.colcon_core.event_handler.log_command:Invoking command in '/home/huy/ur3_llm_ws/build/ur_dashboard_msgs': CMAKE_PREFIX_PATH=${CMAKE_PREFIX_PATH}:/home/huy/install/turtlebot3_teleop:/home/huy/install/turtlebot3_navigation2:/home/huy/install/turtlebot3_example:/home/huy/install/turtlebot3_manipulation_gazebo:/home/huy/install/turtlebot3_description:/home/huy/install/turtlebot3_cartographer:/home/huy/install/openslam_gmapping:/opt/ros/humble PS1=${debian_chroot:+($debian_chroot)}\[\033[01;32m\]\u@\h\[\033[00m\]:\[\033[01;34m\]\w\[\033[00m\]\$ /usr/bin/cmake --install /home/huy/ur3_llm_ws/build/ur_dashboard_msgs
[18.497s] Level 1:colcon.colcon_core.environment:create_environment_scripts_only(ur_dashboard_msgs)
[18.497s] Level 1:colcon.colcon_core.environment:checking '/home/huy/ur3_llm_ws/install/ur_dashboard_msgs' for CMake module files
[18.497s] DEBUG:colcon.colcon_core.event_handler.log_command:Invoked command in '/home/huy/ur3_llm_ws/build/ur_dashboard_msgs' returned '0': CMAKE_PREFIX_PATH=${CMAKE_PREFIX_PATH}:/home/huy/install/turtlebot3_teleop:/home/huy/install/turtlebot3_navigation2:/home/huy/install/turtlebot3_example:/home/huy/install/turtlebot3_manipulation_gazebo:/home/huy/install/turtlebot3_description:/home/huy/install/turtlebot3_cartographer:/home/huy/install/openslam_gmapping:/opt/ros/humble PS1=${debian_chroot:+($debian_chroot)}\[\033[01;32m\]\u@\h\[\033[00m\]:\[\033[01;34m\]\w\[\033[00m\]\$ /usr/bin/cmake --install /home/huy/ur3_llm_ws/build/ur_dashboard_msgs
[18.498s] Level 1:colcon.colcon_core.environment:checking '/home/huy/ur3_llm_ws/install/ur_dashboard_msgs' for CMake config files
[18.503s] Level 1:colcon.colcon_core.shell:create_environment_hook('ur_dashboard_msgs', 'cmake_prefix_path')
[18.503s] INFO:colcon.colcon_core.shell:Creating environment hook '/home/huy/ur3_llm_ws/install/ur_dashboard_msgs/share/ur_dashboard_msgs/hook/cmake_prefix_path.ps1'
[18.503s] INFO:colcon.colcon_core.shell:Creating environment descriptor '/home/huy/ur3_llm_ws/install/ur_dashboard_msgs/share/ur_dashboard_msgs/hook/cmake_prefix_path.dsv'
[18.503s] INFO:colcon.colcon_core.shell:Creating environment hook '/home/huy/ur3_llm_ws/install/ur_dashboard_msgs/share/ur_dashboard_msgs/hook/cmake_prefix_path.sh'
[18.503s] Level 1:colcon.colcon_core.environment:checking '/home/huy/ur3_llm_ws/install/ur_dashboard_msgs/lib'
[18.504s] Level 1:colcon.colcon_core.shell:create_environment_hook('ur_dashboard_msgs', 'ld_library_path_lib')
[18.504s] INFO:colcon.colcon_core.shell:Creating environment hook '/home/huy/ur3_llm_ws/install/ur_dashboard_msgs/share/ur_dashboard_msgs/hook/ld_library_path_lib.ps1'
[18.504s] INFO:colcon.colcon_core.shell:Creating environment descriptor '/home/huy/ur3_llm_ws/install/ur_dashboard_msgs/share/ur_dashboard_msgs/hook/ld_library_path_lib.dsv'
[18.504s] INFO:colcon.colcon_core.shell:Creating environment hook '/home/huy/ur3_llm_ws/install/ur_dashboard_msgs/share/ur_dashboard_msgs/hook/ld_library_path_lib.sh'
[18.504s] Level 1:colcon.colcon_core.environment:checking '/home/huy/ur3_llm_ws/install/ur_dashboard_msgs/bin'
[18.504s] Level 1:colcon.colcon_core.environment:checking '/home/huy/ur3_llm_ws/install/ur_dashboard_msgs/lib/pkgconfig/ur_dashboard_msgs.pc'
[18.504s] Level 1:colcon.colcon_core.environment:checking '/home/huy/ur3_llm_ws/install/ur_dashboard_msgs/lib/python3.10/site-packages'
[18.505s] Level 1:colcon.colcon_core.environment:checking '/home/huy/ur3_llm_ws/install/ur_dashboard_msgs/bin'
[18.505s] INFO:colcon.colcon_core.shell:Creating package script '/home/huy/ur3_llm_ws/install/ur_dashboard_msgs/share/ur_dashboard_msgs/package.ps1'
[18.505s] INFO:colcon.colcon_core.shell:Creating package descriptor '/home/huy/ur3_llm_ws/install/ur_dashboard_msgs/share/ur_dashboard_msgs/package.dsv'
[18.505s] INFO:colcon.colcon_core.shell:Creating package script '/home/huy/ur3_llm_ws/install/ur_dashboard_msgs/share/ur_dashboard_msgs/package.sh'
[18.505s] INFO:colcon.colcon_core.shell:Creating package script '/home/huy/ur3_llm_ws/install/ur_dashboard_msgs/share/ur_dashboard_msgs/package.bash'
[18.506s] INFO:colcon.colcon_core.shell:Creating package script '/home/huy/ur3_llm_ws/install/ur_dashboard_msgs/share/ur_dashboard_msgs/package.zsh'
[18.506s] Level 1:colcon.colcon_core.environment:create_file_with_runtime_dependencies(/home/huy/ur3_llm_ws/install/ur_dashboard_msgs/share/colcon-core/packages/ur_dashboard_msgs)
[18.506s] Level 1:colcon.colcon_core.environment:create_environment_scripts_only(ur_dashboard_msgs)
[18.506s] Level 1:colcon.colcon_core.environment:checking '/home/huy/ur3_llm_ws/install/ur_dashboard_msgs' for CMake module files
[18.506s] Level 1:colcon.colcon_core.environment:checking '/home/huy/ur3_llm_ws/install/ur_dashboard_msgs' for CMake config files
[18.508s] Level 1:colcon.colcon_core.shell:create_environment_hook('ur_dashboard_msgs', 'cmake_prefix_path')
[18.508s] INFO:colcon.colcon_core.shell:Creating environment hook '/home/huy/ur3_llm_ws/install/ur_dashboard_msgs/share/ur_dashboard_msgs/hook/cmake_prefix_path.ps1'
[18.509s] INFO:colcon.colcon_core.shell:Creating environment descriptor '/home/huy/ur3_llm_ws/install/ur_dashboard_msgs/share/ur_dashboard_msgs/hook/cmake_prefix_path.dsv'
[18.509s] INFO:colcon.colcon_core.shell:Creating environment hook '/home/huy/ur3_llm_ws/install/ur_dashboard_msgs/share/ur_dashboard_msgs/hook/cmake_prefix_path.sh'
[18.509s] Level 1:colcon.colcon_core.environment:checking '/home/huy/ur3_llm_ws/install/ur_dashboard_msgs/lib'
[18.509s] Level 1:colcon.colcon_core.shell:create_environment_hook('ur_dashboard_msgs', 'ld_library_path_lib')
[18.509s] INFO:colcon.colcon_core.shell:Creating environment hook '/home/huy/ur3_llm_ws/install/ur_dashboard_msgs/share/ur_dashboard_msgs/hook/ld_library_path_lib.ps1'
[18.509s] INFO:colcon.colcon_core.shell:Creating environment descriptor '/home/huy/ur3_llm_ws/install/ur_dashboard_msgs/share/ur_dashboard_msgs/hook/ld_library_path_lib.dsv'
[18.510s] INFO:colcon.colcon_core.shell:Creating environment hook '/home/huy/ur3_llm_ws/install/ur_dashboard_msgs/share/ur_dashboard_msgs/hook/ld_library_path_lib.sh'
[18.510s] Level 1:colcon.colcon_core.environment:checking '/home/huy/ur3_llm_ws/install/ur_dashboard_msgs/bin'
[18.510s] Level 1:colcon.colcon_core.environment:checking '/home/huy/ur3_llm_ws/install/ur_dashboard_msgs/lib/pkgconfig/ur_dashboard_msgs.pc'
[18.510s] Level 1:colcon.colcon_core.environment:checking '/home/huy/ur3_llm_ws/install/ur_dashboard_msgs/lib/python3.10/site-packages'
[18.510s] Level 1:colcon.colcon_core.environment:checking '/home/huy/ur3_llm_ws/install/ur_dashboard_msgs/bin'
[18.510s] INFO:colcon.colcon_core.shell:Creating package script '/home/huy/ur3_llm_ws/install/ur_dashboard_msgs/share/ur_dashboard_msgs/package.ps1'
[18.511s] INFO:colcon.colcon_core.shell:Creating package descriptor '/home/huy/ur3_llm_ws/install/ur_dashboard_msgs/share/ur_dashboard_msgs/package.dsv'
[18.511s] INFO:colcon.colcon_core.shell:Creating package script '/home/huy/ur3_llm_ws/install/ur_dashboard_msgs/share/ur_dashboard_msgs/package.sh'
[18.514s] INFO:colcon.colcon_core.shell:Creating package script '/home/huy/ur3_llm_ws/install/ur_dashboard_msgs/share/ur_dashboard_msgs/package.bash'
[18.514s] INFO:colcon.colcon_core.shell:Creating package script '/home/huy/ur3_llm_ws/install/ur_dashboard_msgs/share/ur_dashboard_msgs/package.zsh'
[18.514s] Level 1:colcon.colcon_core.environment:create_file_with_runtime_dependencies(/home/huy/ur3_llm_ws/install/ur_dashboard_msgs/share/colcon-core/packages/ur_dashboard_msgs)
[18.515s] INFO:colcon.colcon_ros.task.ament_cmake.build:Building ROS package in '/home/huy/ur3_llm_ws/src/Universal_Robots_ROS2_Driver/ur_controllers' with build type 'ament_cmake'
[18.515s] INFO:colcon.colcon_cmake.task.cmake.build:Building CMake package in '/home/huy/ur3_llm_ws/src/Universal_Robots_ROS2_Driver/ur_controllers'
[18.515s] INFO:colcon.colcon_core.shell:Skip shell extension 'powershell' for command environment: Not usable outside of PowerShell
[18.515s] DEBUG:colcon.colcon_core.shell:Skip shell extension 'dsv' for command environment
[18.523s] DEBUG:colcon.colcon_core.event_handler.log_command:Invoking command in '/home/huy/ur3_llm_ws/build/ur_controllers': AMENT_PREFIX_PATH=/home/huy/ur3_llm_ws/install/ur_dashboard_msgs:${AMENT_PREFIX_PATH} CMAKE_PREFIX_PATH=/home/huy/ur3_llm_ws/install/ur_dashboard_msgs:/home/huy/ros2_ws/install/ur_simulation_gz:/home/huy/ros2_ws/install/ur_letter_writer:/home/huy/xecuahuy_ws/install/xecuahuy:/home/huy/xecuahuy_ws/install/slam_gmapping:/home/huy/xecuahuy_ws/install/openslam_gmapping:/home/huy/xecuahuy_ws/install/aws_robomaker_small_warehouse_world:/home/huy/install/xecuahuy:/home/huy/install/turtlebot3:/home/huy/install/turtlebot3_simulations:/home/huy/install/turtlebot3_bringup:/home/huy/install/turtlebot3_node:/home/huy/install/turtlebot3_fake_node:/home/huy/install/turtlebot3_msgs:/home/huy/install/turtlebot3_gazebo:/home/huy/install/slam_gmapping:/home/huy/install/micro_ros_setup:/home/huy/install/micro_ros_agent:/home/huy/install/micro_ros_msgs:/home/huy/install/dynamixel_sdk_examples:/home/huy/install/dynamixel_sdk_custom_interfaces:/home/huy/install/dynamixel_sdk:/home/huy/install/aws_robomaker_small_warehouse_world:/home/huy/install/turtlebot3_teleop:/home/huy/install/turtlebot3_navigation2:/home/huy/install/turtlebot3_example:/home/huy/install/turtlebot3_manipulation_gazebo:/home/huy/install/turtlebot3_description:/home/huy/install/turtlebot3_cartographer:/home/huy/install/openslam_gmapping:/opt/ros/humble LD_LIBRARY_PATH=/home/huy/ur3_llm_ws/install/ur_dashboard_msgs/lib:/home/huy/xecuahuy_ws/install/openslam_gmapping/lib:/home/huy/install/turtlebot3_msgs/lib:/home/huy/install/openslam_gmapping/lib:/home/huy/install/micro_ros_agent/lib:/home/huy/install/micro_ros_msgs/lib:/home/huy/install/dynamixel_sdk_custom_interfaces/lib:/home/huy/install/dynamixel_sdk/lib:/usr/lib/x86_64-linux-gnu/gazebo-11/plugins:/opt/ros/humble/opt/rviz_ogre_vendor/lib:/opt/ros/humble/lib/x86_64-linux-gnu:/opt/ros/humble/lib:/usr/lib/x86_64-linux-gnu/gazebo-11/plugins:/usr/lib/x86_64-linux-gnu/gazebo-11/plugins:/usr/lib/x86_64-linux-gnu/gazebo-11/plugins:/usr/lib/x86_64-linux-gnu/gazebo-11/plugins:/usr/lib/x86_64-linux-gnu/gazebo-11/plugins:/usr/lib/x86_64-linux-gnu/gazebo-11/plugins PS1=${debian_chroot:+($debian_chroot)}\[\033[01;32m\]\u@\h\[\033[00m\]:\[\033[01;34m\]\w\[\033[00m\]\$ PYTHONPATH=/home/huy/ur3_llm_ws/install/ur_dashboard_msgs/local/lib/python3.10/dist-packages:${PYTHONPATH} /usr/bin/cmake /home/huy/ur3_llm_ws/src/Universal_Robots_ROS2_Driver/ur_controllers -DAMENT_CMAKE_SYMLINK_INSTALL=1 -DCMAKE_INSTALL_PREFIX=/home/huy/ur3_llm_ws/install/ur_controllers
[19.560s] DEBUG:colcon.colcon_core.event_handler.log_command:Invoked command in '/home/huy/ur3_llm_ws/build/ur_controllers' returned '0': AMENT_PREFIX_PATH=/home/huy/ur3_llm_ws/install/ur_dashboard_msgs:${AMENT_PREFIX_PATH} CMAKE_PREFIX_PATH=/home/huy/ur3_llm_ws/install/ur_dashboard_msgs:/home/huy/ros2_ws/install/ur_simulation_gz:/home/huy/ros2_ws/install/ur_letter_writer:/home/huy/xecuahuy_ws/install/xecuahuy:/home/huy/xecuahuy_ws/install/slam_gmapping:/home/huy/xecuahuy_ws/install/openslam_gmapping:/home/huy/xecuahuy_ws/install/aws_robomaker_small_warehouse_world:/home/huy/install/xecuahuy:/home/huy/install/turtlebot3:/home/huy/install/turtlebot3_simulations:/home/huy/install/turtlebot3_bringup:/home/huy/install/turtlebot3_node:/home/huy/install/turtlebot3_fake_node:/home/huy/install/turtlebot3_msgs:/home/huy/install/turtlebot3_gazebo:/home/huy/install/slam_gmapping:/home/huy/install/micro_ros_setup:/home/huy/install/micro_ros_agent:/home/huy/install/micro_ros_msgs:/home/huy/install/dynamixel_sdk_examples:/home/huy/install/dynamixel_sdk_custom_interfaces:/home/huy/install/dynamixel_sdk:/home/huy/install/aws_robomaker_small_warehouse_world:/home/huy/install/turtlebot3_teleop:/home/huy/install/turtlebot3_navigation2:/home/huy/install/turtlebot3_example:/home/huy/install/turtlebot3_manipulation_gazebo:/home/huy/install/turtlebot3_description:/home/huy/install/turtlebot3_cartographer:/home/huy/install/openslam_gmapping:/opt/ros/humble LD_LIBRARY_PATH=/home/huy/ur3_llm_ws/install/ur_dashboard_msgs/lib:/home/huy/xecuahuy_ws/install/openslam_gmapping/lib:/home/huy/install/turtlebot3_msgs/lib:/home/huy/install/openslam_gmapping/lib:/home/huy/install/micro_ros_agent/lib:/home/huy/install/micro_ros_msgs/lib:/home/huy/install/dynamixel_sdk_custom_interfaces/lib:/home/huy/install/dynamixel_sdk/lib:/usr/lib/x86_64-linux-gnu/gazebo-11/plugins:/opt/ros/humble/opt/rviz_ogre_vendor/lib:/opt/ros/humble/lib/x86_64-linux-gnu:/opt/ros/humble/lib:/usr/lib/x86_64-linux-gnu/gazebo-11/plugins:/usr/lib/x86_64-linux-gnu/gazebo-11/plugins:/usr/lib/x86_64-linux-gnu/gazebo-11/plugins:/usr/lib/x86_64-linux-gnu/gazebo-11/plugins:/usr/lib/x86_64-linux-gnu/gazebo-11/plugins:/usr/lib/x86_64-linux-gnu/gazebo-11/plugins PS1=${debian_chroot:+($debian_chroot)}\[\033[01;32m\]\u@\h\[\033[00m\]:\[\033[01;34m\]\w\[\033[00m\]\$ PYTHONPATH=/home/huy/ur3_llm_ws/install/ur_dashboard_msgs/local/lib/python3.10/dist-packages:${PYTHONPATH} /usr/bin/cmake /home/huy/ur3_llm_ws/src/Universal_Robots_ROS2_Driver/ur_controllers -DAMENT_CMAKE_SYMLINK_INSTALL=1 -DCMAKE_INSTALL_PREFIX=/home/huy/ur3_llm_ws/install/ur_controllers
[19.561s] DEBUG:colcon.colcon_core.event_handler.log_command:Invoking command in '/home/huy/ur3_llm_ws/build/ur_controllers': AMENT_PREFIX_PATH=/home/huy/ur3_llm_ws/install/ur_dashboard_msgs:${AMENT_PREFIX_PATH} CMAKE_PREFIX_PATH=/home/huy/ur3_llm_ws/install/ur_dashboard_msgs:/home/huy/ros2_ws/install/ur_simulation_gz:/home/huy/ros2_ws/install/ur_letter_writer:/home/huy/xecuahuy_ws/install/xecuahuy:/home/huy/xecuahuy_ws/install/slam_gmapping:/home/huy/xecuahuy_ws/install/openslam_gmapping:/home/huy/xecuahuy_ws/install/aws_robomaker_small_warehouse_world:/home/huy/install/xecuahuy:/home/huy/install/turtlebot3:/home/huy/install/turtlebot3_simulations:/home/huy/install/turtlebot3_bringup:/home/huy/install/turtlebot3_node:/home/huy/install/turtlebot3_fake_node:/home/huy/install/turtlebot3_msgs:/home/huy/install/turtlebot3_gazebo:/home/huy/install/slam_gmapping:/home/huy/install/micro_ros_setup:/home/huy/install/micro_ros_agent:/home/huy/install/micro_ros_msgs:/home/huy/install/dynamixel_sdk_examples:/home/huy/install/dynamixel_sdk_custom_interfaces:/home/huy/install/dynamixel_sdk:/home/huy/install/aws_robomaker_small_warehouse_world:/home/huy/install/turtlebot3_teleop:/home/huy/install/turtlebot3_navigation2:/home/huy/install/turtlebot3_example:/home/huy/install/turtlebot3_manipulation_gazebo:/home/huy/install/turtlebot3_description:/home/huy/install/turtlebot3_cartographer:/home/huy/install/openslam_gmapping:/opt/ros/humble LD_LIBRARY_PATH=/home/huy/ur3_llm_ws/install/ur_dashboard_msgs/lib:/home/huy/xecuahuy_ws/install/openslam_gmapping/lib:/home/huy/install/turtlebot3_msgs/lib:/home/huy/install/openslam_gmapping/lib:/home/huy/install/micro_ros_agent/lib:/home/huy/install/micro_ros_msgs/lib:/home/huy/install/dynamixel_sdk_custom_interfaces/lib:/home/huy/install/dynamixel_sdk/lib:/usr/lib/x86_64-linux-gnu/gazebo-11/plugins:/opt/ros/humble/opt/rviz_ogre_vendor/lib:/opt/ros/humble/lib/x86_64-linux-gnu:/opt/ros/humble/lib:/usr/lib/x86_64-linux-gnu/gazebo-11/plugins:/usr/lib/x86_64-linux-gnu/gazebo-11/plugins:/usr/lib/x86_64-linux-gnu/gazebo-11/plugins:/usr/lib/x86_64-linux-gnu/gazebo-11/plugins:/usr/lib/x86_64-linux-gnu/gazebo-11/plugins:/usr/lib/x86_64-linux-gnu/gazebo-11/plugins PS1=${debian_chroot:+($debian_chroot)}\[\033[01;32m\]\u@\h\[\033[00m\]:\[\033[01;34m\]\w\[\033[00m\]\$ PYTHONPATH=/home/huy/ur3_llm_ws/install/ur_dashboard_msgs/local/lib/python3.10/dist-packages:${PYTHONPATH} /usr/bin/cmake --build /home/huy/ur3_llm_ws/build/ur_controllers -- -j12 -l12
[35.330s] DEBUG:colcon.colcon_core.event_handler.log_command:Invoked command in '/home/huy/ur3_llm_ws/build/ur_controllers' returned '0': AMENT_PREFIX_PATH=/home/huy/ur3_llm_ws/install/ur_dashboard_msgs:${AMENT_PREFIX_PATH} CMAKE_PREFIX_PATH=/home/huy/ur3_llm_ws/install/ur_dashboard_msgs:/home/huy/ros2_ws/install/ur_simulation_gz:/home/huy/ros2_ws/install/ur_letter_writer:/home/huy/xecuahuy_ws/install/xecuahuy:/home/huy/xecuahuy_ws/install/slam_gmapping:/home/huy/xecuahuy_ws/install/openslam_gmapping:/home/huy/xecuahuy_ws/install/aws_robomaker_small_warehouse_world:/home/huy/install/xecuahuy:/home/huy/install/turtlebot3:/home/huy/install/turtlebot3_simulations:/home/huy/install/turtlebot3_bringup:/home/huy/install/turtlebot3_node:/home/huy/install/turtlebot3_fake_node:/home/huy/install/turtlebot3_msgs:/home/huy/install/turtlebot3_gazebo:/home/huy/install/slam_gmapping:/home/huy/install/micro_ros_setup:/home/huy/install/micro_ros_agent:/home/huy/install/micro_ros_msgs:/home/huy/install/dynamixel_sdk_examples:/home/huy/install/dynamixel_sdk_custom_interfaces:/home/huy/install/dynamixel_sdk:/home/huy/install/aws_robomaker_small_warehouse_world:/home/huy/install/turtlebot3_teleop:/home/huy/install/turtlebot3_navigation2:/home/huy/install/turtlebot3_example:/home/huy/install/turtlebot3_manipulation_gazebo:/home/huy/install/turtlebot3_description:/home/huy/install/turtlebot3_cartographer:/home/huy/install/openslam_gmapping:/opt/ros/humble LD_LIBRARY_PATH=/home/huy/ur3_llm_ws/install/ur_dashboard_msgs/lib:/home/huy/xecuahuy_ws/install/openslam_gmapping/lib:/home/huy/install/turtlebot3_msgs/lib:/home/huy/install/openslam_gmapping/lib:/home/huy/install/micro_ros_agent/lib:/home/huy/install/micro_ros_msgs/lib:/home/huy/install/dynamixel_sdk_custom_interfaces/lib:/home/huy/install/dynamixel_sdk/lib:/usr/lib/x86_64-linux-gnu/gazebo-11/plugins:/opt/ros/humble/opt/rviz_ogre_vendor/lib:/opt/ros/humble/lib/x86_64-linux-gnu:/opt/ros/humble/lib:/usr/lib/x86_64-linux-gnu/gazebo-11/plugins:/usr/lib/x86_64-linux-gnu/gazebo-11/plugins:/usr/lib/x86_64-linux-gnu/gazebo-11/plugins:/usr/lib/x86_64-linux-gnu/gazebo-11/plugins:/usr/lib/x86_64-linux-gnu/gazebo-11/plugins:/usr/lib/x86_64-linux-gnu/gazebo-11/plugins PS1=${debian_chroot:+($debian_chroot)}\[\033[01;32m\]\u@\h\[\033[00m\]:\[\033[01;34m\]\w\[\033[00m\]\$ PYTHONPATH=/home/huy/ur3_llm_ws/install/ur_dashboard_msgs/local/lib/python3.10/dist-packages:${PYTHONPATH} /usr/bin/cmake --build /home/huy/ur3_llm_ws/build/ur_controllers -- -j12 -l12
[35.331s] DEBUG:colcon.colcon_core.event_handler.log_command:Invoking command in '/home/huy/ur3_llm_ws/build/ur_controllers': AMENT_PREFIX_PATH=/home/huy/ur3_llm_ws/install/ur_dashboard_msgs:${AMENT_PREFIX_PATH} CMAKE_PREFIX_PATH=/home/huy/ur3_llm_ws/install/ur_dashboard_msgs:/home/huy/ros2_ws/install/ur_simulation_gz:/home/huy/ros2_ws/install/ur_letter_writer:/home/huy/xecuahuy_ws/install/xecuahuy:/home/huy/xecuahuy_ws/install/slam_gmapping:/home/huy/xecuahuy_ws/install/openslam_gmapping:/home/huy/xecuahuy_ws/install/aws_robomaker_small_warehouse_world:/home/huy/install/xecuahuy:/home/huy/install/turtlebot3:/home/huy/install/turtlebot3_simulations:/home/huy/install/turtlebot3_bringup:/home/huy/install/turtlebot3_node:/home/huy/install/turtlebot3_fake_node:/home/huy/install/turtlebot3_msgs:/home/huy/install/turtlebot3_gazebo:/home/huy/install/slam_gmapping:/home/huy/install/micro_ros_setup:/home/huy/install/micro_ros_agent:/home/huy/install/micro_ros_msgs:/home/huy/install/dynamixel_sdk_examples:/home/huy/install/dynamixel_sdk_custom_interfaces:/home/huy/install/dynamixel_sdk:/home/huy/install/aws_robomaker_small_warehouse_world:/home/huy/install/turtlebot3_teleop:/home/huy/install/turtlebot3_navigation2:/home/huy/install/turtlebot3_example:/home/huy/install/turtlebot3_manipulation_gazebo:/home/huy/install/turtlebot3_description:/home/huy/install/turtlebot3_cartographer:/home/huy/install/openslam_gmapping:/opt/ros/humble LD_LIBRARY_PATH=/home/huy/ur3_llm_ws/install/ur_dashboard_msgs/lib:/home/huy/xecuahuy_ws/install/openslam_gmapping/lib:/home/huy/install/turtlebot3_msgs/lib:/home/huy/install/openslam_gmapping/lib:/home/huy/install/micro_ros_agent/lib:/home/huy/install/micro_ros_msgs/lib:/home/huy/install/dynamixel_sdk_custom_interfaces/lib:/home/huy/install/dynamixel_sdk/lib:/usr/lib/x86_64-linux-gnu/gazebo-11/plugins:/opt/ros/humble/opt/rviz_ogre_vendor/lib:/opt/ros/humble/lib/x86_64-linux-gnu:/opt/ros/humble/lib:/usr/lib/x86_64-linux-gnu/gazebo-11/plugins:/usr/lib/x86_64-linux-gnu/gazebo-11/plugins:/usr/lib/x86_64-linux-gnu/gazebo-11/plugins:/usr/lib/x86_64-linux-gnu/gazebo-11/plugins:/usr/lib/x86_64-linux-gnu/gazebo-11/plugins:/usr/lib/x86_64-linux-gnu/gazebo-11/plugins PS1=${debian_chroot:+($debian_chroot)}\[\033[01;32m\]\u@\h\[\033[00m\]:\[\033[01;34m\]\w\[\033[00m\]\$ PYTHONPATH=/home/huy/ur3_llm_ws/install/ur_dashboard_msgs/local/lib/python3.10/dist-packages:${PYTHONPATH} /usr/bin/cmake --install /home/huy/ur3_llm_ws/build/ur_controllers
[35.597s] Level 1:colcon.colcon_core.environment:create_environment_scripts_only(ur_controllers)
[35.598s] Level 1:colcon.colcon_core.environment:checking '/home/huy/ur3_llm_ws/install/ur_controllers' for CMake module files
[35.598s] DEBUG:colcon.colcon_core.event_handler.log_command:Invoked command in '/home/huy/ur3_llm_ws/build/ur_controllers' returned '0': AMENT_PREFIX_PATH=/home/huy/ur3_llm_ws/install/ur_dashboard_msgs:${AMENT_PREFIX_PATH} CMAKE_PREFIX_PATH=/home/huy/ur3_llm_ws/install/ur_dashboard_msgs:/home/huy/ros2_ws/install/ur_simulation_gz:/home/huy/ros2_ws/install/ur_letter_writer:/home/huy/xecuahuy_ws/install/xecuahuy:/home/huy/xecuahuy_ws/install/slam_gmapping:/home/huy/xecuahuy_ws/install/openslam_gmapping:/home/huy/xecuahuy_ws/install/aws_robomaker_small_warehouse_world:/home/huy/install/xecuahuy:/home/huy/install/turtlebot3:/home/huy/install/turtlebot3_simulations:/home/huy/install/turtlebot3_bringup:/home/huy/install/turtlebot3_node:/home/huy/install/turtlebot3_fake_node:/home/huy/install/turtlebot3_msgs:/home/huy/install/turtlebot3_gazebo:/home/huy/install/slam_gmapping:/home/huy/install/micro_ros_setup:/home/huy/install/micro_ros_agent:/home/huy/install/micro_ros_msgs:/home/huy/install/dynamixel_sdk_examples:/home/huy/install/dynamixel_sdk_custom_interfaces:/home/huy/install/dynamixel_sdk:/home/huy/install/aws_robomaker_small_warehouse_world:/home/huy/install/turtlebot3_teleop:/home/huy/install/turtlebot3_navigation2:/home/huy/install/turtlebot3_example:/home/huy/install/turtlebot3_manipulation_gazebo:/home/huy/install/turtlebot3_description:/home/huy/install/turtlebot3_cartographer:/home/huy/install/openslam_gmapping:/opt/ros/humble LD_LIBRARY_PATH=/home/huy/ur3_llm_ws/install/ur_dashboard_msgs/lib:/home/huy/xecuahuy_ws/install/openslam_gmapping/lib:/home/huy/install/turtlebot3_msgs/lib:/home/huy/install/openslam_gmapping/lib:/home/huy/install/micro_ros_agent/lib:/home/huy/install/micro_ros_msgs/lib:/home/huy/install/dynamixel_sdk_custom_interfaces/lib:/home/huy/install/dynamixel_sdk/lib:/usr/lib/x86_64-linux-gnu/gazebo-11/plugins:/opt/ros/humble/opt/rviz_ogre_vendor/lib:/opt/ros/humble/lib/x86_64-linux-gnu:/opt/ros/humble/lib:/usr/lib/x86_64-linux-gnu/gazebo-11/plugins:/usr/lib/x86_64-linux-gnu/gazebo-11/plugins:/usr/lib/x86_64-linux-gnu/gazebo-11/plugins:/usr/lib/x86_64-linux-gnu/gazebo-11/plugins:/usr/lib/x86_64-linux-gnu/gazebo-11/plugins:/usr/lib/x86_64-linux-gnu/gazebo-11/plugins PS1=${debian_chroot:+($debian_chroot)}\[\033[01;32m\]\u@\h\[\033[00m\]:\[\033[01;34m\]\w\[\033[00m\]\$ PYTHONPATH=/home/huy/ur3_llm_ws/install/ur_dashboard_msgs/local/lib/python3.10/dist-packages:${PYTHONPATH} /usr/bin/cmake --install /home/huy/ur3_llm_ws/build/ur_controllers
[35.599s] Level 1:colcon.colcon_core.environment:checking '/home/huy/ur3_llm_ws/install/ur_controllers' for CMake config files
[35.599s] Level 1:colcon.colcon_core.shell:create_environment_hook('ur_controllers', 'cmake_prefix_path')
[35.599s] INFO:colcon.colcon_core.shell:Creating environment hook '/home/huy/ur3_llm_ws/install/ur_controllers/share/ur_controllers/hook/cmake_prefix_path.ps1'
[35.605s] INFO:colcon.colcon_core.shell:Creating environment descriptor '/home/huy/ur3_llm_ws/install/ur_controllers/share/ur_controllers/hook/cmake_prefix_path.dsv'
[35.606s] INFO:colcon.colcon_core.shell:Creating environment hook '/home/huy/ur3_llm_ws/install/ur_controllers/share/ur_controllers/hook/cmake_prefix_path.sh'
[35.607s] Level 1:colcon.colcon_core.environment:checking '/home/huy/ur3_llm_ws/install/ur_controllers/lib'
[35.607s] Level 1:colcon.colcon_core.shell:create_environment_hook('ur_controllers', 'ld_library_path_lib')
[35.607s] INFO:colcon.colcon_core.shell:Creating environment hook '/home/huy/ur3_llm_ws/install/ur_controllers/share/ur_controllers/hook/ld_library_path_lib.ps1'
[35.608s] INFO:colcon.colcon_core.shell:Creating environment descriptor '/home/huy/ur3_llm_ws/install/ur_controllers/share/ur_controllers/hook/ld_library_path_lib.dsv'
[35.608s] INFO:colcon.colcon_core.shell:Creating environment hook '/home/huy/ur3_llm_ws/install/ur_controllers/share/ur_controllers/hook/ld_library_path_lib.sh'
[35.608s] Level 1:colcon.colcon_core.environment:checking '/home/huy/ur3_llm_ws/install/ur_controllers/bin'
[35.608s] Level 1:colcon.colcon_core.environment:checking '/home/huy/ur3_llm_ws/install/ur_controllers/lib/pkgconfig/ur_controllers.pc'
[35.608s] Level 1:colcon.colcon_core.environment:checking '/home/huy/ur3_llm_ws/install/ur_controllers/lib/python3.10/site-packages'
[35.608s] Level 1:colcon.colcon_core.environment:checking '/home/huy/ur3_llm_ws/install/ur_controllers/bin'
[35.609s] INFO:colcon.colcon_core.shell:Creating package script '/home/huy/ur3_llm_ws/install/ur_controllers/share/ur_controllers/package.ps1'
[35.609s] INFO:colcon.colcon_core.shell:Creating package descriptor '/home/huy/ur3_llm_ws/install/ur_controllers/share/ur_controllers/package.dsv'
[35.610s] INFO:colcon.colcon_core.shell:Creating package script '/home/huy/ur3_llm_ws/install/ur_controllers/share/ur_controllers/package.sh'
[35.610s] INFO:colcon.colcon_core.shell:Creating package script '/home/huy/ur3_llm_ws/install/ur_controllers/share/ur_controllers/package.bash'
[35.611s] INFO:colcon.colcon_core.shell:Creating package script '/home/huy/ur3_llm_ws/install/ur_controllers/share/ur_controllers/package.zsh'
[35.611s] Level 1:colcon.colcon_core.environment:create_file_with_runtime_dependencies(/home/huy/ur3_llm_ws/install/ur_controllers/share/colcon-core/packages/ur_controllers)
[35.611s] Level 1:colcon.colcon_core.environment:create_environment_scripts_only(ur_controllers)
[35.612s] Level 1:colcon.colcon_core.environment:checking '/home/huy/ur3_llm_ws/install/ur_controllers' for CMake module files
[35.612s] Level 1:colcon.colcon_core.environment:checking '/home/huy/ur3_llm_ws/install/ur_controllers' for CMake config files
[35.612s] Level 1:colcon.colcon_core.shell:create_environment_hook('ur_controllers', 'cmake_prefix_path')
[35.612s] INFO:colcon.colcon_core.shell:Creating environment hook '/home/huy/ur3_llm_ws/install/ur_controllers/share/ur_controllers/hook/cmake_prefix_path.ps1'
[35.613s] INFO:colcon.colcon_core.shell:Creating environment descriptor '/home/huy/ur3_llm_ws/install/ur_controllers/share/ur_controllers/hook/cmake_prefix_path.dsv'
[35.613s] INFO:colcon.colcon_core.shell:Creating environment hook '/home/huy/ur3_llm_ws/install/ur_controllers/share/ur_controllers/hook/cmake_prefix_path.sh'
[35.613s] Level 1:colcon.colcon_core.environment:checking '/home/huy/ur3_llm_ws/install/ur_controllers/lib'
[35.613s] Level 1:colcon.colcon_core.shell:create_environment_hook('ur_controllers', 'ld_library_path_lib')
[35.613s] INFO:colcon.colcon_core.shell:Creating environment hook '/home/huy/ur3_llm_ws/install/ur_controllers/share/ur_controllers/hook/ld_library_path_lib.ps1'
[35.613s] INFO:colcon.colcon_core.shell:Creating environment descriptor '/home/huy/ur3_llm_ws/install/ur_controllers/share/ur_controllers/hook/ld_library_path_lib.dsv'
[35.614s] INFO:colcon.colcon_core.shell:Creating environment hook '/home/huy/ur3_llm_ws/install/ur_controllers/share/ur_controllers/hook/ld_library_path_lib.sh'
[35.614s] Level 1:colcon.colcon_core.environment:checking '/home/huy/ur3_llm_ws/install/ur_controllers/bin'
[35.614s] Level 1:colcon.colcon_core.environment:checking '/home/huy/ur3_llm_ws/install/ur_controllers/lib/pkgconfig/ur_controllers.pc'
[35.614s] Level 1:colcon.colcon_core.environment:checking '/home/huy/ur3_llm_ws/install/ur_controllers/lib/python3.10/site-packages'
[35.614s] Level 1:colcon.colcon_core.environment:checking '/home/huy/ur3_llm_ws/install/ur_controllers/bin'
[35.615s] INFO:colcon.colcon_core.shell:Creating package script '/home/huy/ur3_llm_ws/install/ur_controllers/share/ur_controllers/package.ps1'
[35.615s] INFO:colcon.colcon_core.shell:Creating package descriptor '/home/huy/ur3_llm_ws/install/ur_controllers/share/ur_controllers/package.dsv'
[35.616s] INFO:colcon.colcon_core.shell:Creating package script '/home/huy/ur3_llm_ws/install/ur_controllers/share/ur_controllers/package.sh'
[35.616s] INFO:colcon.colcon_core.shell:Creating package script '/home/huy/ur3_llm_ws/install/ur_controllers/share/ur_controllers/package.bash'
[35.616s] INFO:colcon.colcon_core.shell:Creating package script '/home/huy/ur3_llm_ws/install/ur_controllers/share/ur_controllers/package.zsh'
[35.616s] Level 1:colcon.colcon_core.environment:create_file_with_runtime_dependencies(/home/huy/ur3_llm_ws/install/ur_controllers/share/colcon-core/packages/ur_controllers)
[35.617s] INFO:colcon.colcon_ros.task.ament_cmake.build:Building ROS package in '/home/huy/ur3_llm_ws/src/Universal_Robots_ROS2_Driver/ur_robot_driver' with build type 'ament_cmake'
[35.617s] INFO:colcon.colcon_cmake.task.cmake.build:Building CMake package in '/home/huy/ur3_llm_ws/src/Universal_Robots_ROS2_Driver/ur_robot_driver'
[35.617s] INFO:colcon.colcon_core.shell:Skip shell extension 'powershell' for command environment: Not usable outside of PowerShell
[35.617s] DEBUG:colcon.colcon_core.shell:Skip shell extension 'dsv' for command environment
[35.620s] INFO:colcon.colcon_ros.task.ament_cmake.build:Building ROS package in '/home/huy/ur3_llm_ws/src/Universal_Robots_ROS2_Driver/ur_bringup' with build type 'ament_cmake'
[35.620s] INFO:colcon.colcon_cmake.task.cmake.build:Building CMake package in '/home/huy/ur3_llm_ws/src/Universal_Robots_ROS2_Driver/ur_bringup'
[35.620s] INFO:colcon.colcon_core.shell:Skip shell extension 'powershell' for command environment: Not usable outside of PowerShell
[35.620s] DEBUG:colcon.colcon_core.shell:Skip shell extension 'dsv' for command environment
[35.628s] DEBUG:colcon.colcon_core.event_handler.log_command:Invoking command in '/home/huy/ur3_llm_ws/build/ur_robot_driver': AMENT_PREFIX_PATH=/home/huy/ur3_llm_ws/install/ur_controllers:/home/huy/ur3_llm_ws/install/ur_dashboard_msgs:${AMENT_PREFIX_PATH} CMAKE_PREFIX_PATH=/home/huy/ur3_llm_ws/install/ur_controllers:/home/huy/ur3_llm_ws/install/ur_dashboard_msgs:/home/huy/ros2_ws/install/ur_simulation_gz:/home/huy/ros2_ws/install/ur_letter_writer:/home/huy/xecuahuy_ws/install/xecuahuy:/home/huy/xecuahuy_ws/install/slam_gmapping:/home/huy/xecuahuy_ws/install/openslam_gmapping:/home/huy/xecuahuy_ws/install/aws_robomaker_small_warehouse_world:/home/huy/install/xecuahuy:/home/huy/install/turtlebot3:/home/huy/install/turtlebot3_simulations:/home/huy/install/turtlebot3_bringup:/home/huy/install/turtlebot3_node:/home/huy/install/turtlebot3_fake_node:/home/huy/install/turtlebot3_msgs:/home/huy/install/turtlebot3_gazebo:/home/huy/install/slam_gmapping:/home/huy/install/micro_ros_setup:/home/huy/install/micro_ros_agent:/home/huy/install/micro_ros_msgs:/home/huy/install/dynamixel_sdk_examples:/home/huy/install/dynamixel_sdk_custom_interfaces:/home/huy/install/dynamixel_sdk:/home/huy/install/aws_robomaker_small_warehouse_world:/home/huy/install/turtlebot3_teleop:/home/huy/install/turtlebot3_navigation2:/home/huy/install/turtlebot3_example:/home/huy/install/turtlebot3_manipulation_gazebo:/home/huy/install/turtlebot3_description:/home/huy/install/turtlebot3_cartographer:/home/huy/install/openslam_gmapping:/opt/ros/humble LD_LIBRARY_PATH=/home/huy/ur3_llm_ws/install/ur_controllers/lib:/home/huy/ur3_llm_ws/install/ur_dashboard_msgs/lib:/home/huy/xecuahuy_ws/install/openslam_gmapping/lib:/home/huy/install/turtlebot3_msgs/lib:/home/huy/install/openslam_gmapping/lib:/home/huy/install/micro_ros_agent/lib:/home/huy/install/micro_ros_msgs/lib:/home/huy/install/dynamixel_sdk_custom_interfaces/lib:/home/huy/install/dynamixel_sdk/lib:/usr/lib/x86_64-linux-gnu/gazebo-11/plugins:/opt/ros/humble/opt/rviz_ogre_vendor/lib:/opt/ros/humble/lib/x86_64-linux-gnu:/opt/ros/humble/lib:/usr/lib/x86_64-linux-gnu/gazebo-11/plugins:/usr/lib/x86_64-linux-gnu/gazebo-11/plugins:/usr/lib/x86_64-linux-gnu/gazebo-11/plugins:/usr/lib/x86_64-linux-gnu/gazebo-11/plugins:/usr/lib/x86_64-linux-gnu/gazebo-11/plugins:/usr/lib/x86_64-linux-gnu/gazebo-11/plugins PS1=${debian_chroot:+($debian_chroot)}\[\033[01;32m\]\u@\h\[\033[00m\]:\[\033[01;34m\]\w\[\033[00m\]\$ PYTHONPATH=/home/huy/ur3_llm_ws/install/ur_dashboard_msgs/local/lib/python3.10/dist-packages:${PYTHONPATH} /usr/bin/cmake /home/huy/ur3_llm_ws/src/Universal_Robots_ROS2_Driver/ur_robot_driver -DAMENT_CMAKE_SYMLINK_INSTALL=1 -DCMAKE_INSTALL_PREFIX=/home/huy/ur3_llm_ws/install/ur_robot_driver
[35.630s] DEBUG:colcon.colcon_core.event_handler.log_command:Invoking command in '/home/huy/ur3_llm_ws/build/ur_bringup': AMENT_PREFIX_PATH=/home/huy/ur3_llm_ws/install/ur_controllers:/home/huy/ur3_llm_ws/install/ur_dashboard_msgs:${AMENT_PREFIX_PATH} CMAKE_PREFIX_PATH=/home/huy/ur3_llm_ws/install/ur_controllers:/home/huy/ur3_llm_ws/install/ur_dashboard_msgs:/home/huy/ros2_ws/install/ur_simulation_gz:/home/huy/ros2_ws/install/ur_letter_writer:/home/huy/xecuahuy_ws/install/xecuahuy:/home/huy/xecuahuy_ws/install/slam_gmapping:/home/huy/xecuahuy_ws/install/openslam_gmapping:/home/huy/xecuahuy_ws/install/aws_robomaker_small_warehouse_world:/home/huy/install/xecuahuy:/home/huy/install/turtlebot3:/home/huy/install/turtlebot3_simulations:/home/huy/install/turtlebot3_bringup:/home/huy/install/turtlebot3_node:/home/huy/install/turtlebot3_fake_node:/home/huy/install/turtlebot3_msgs:/home/huy/install/turtlebot3_gazebo:/home/huy/install/slam_gmapping:/home/huy/install/micro_ros_setup:/home/huy/install/micro_ros_agent:/home/huy/install/micro_ros_msgs:/home/huy/install/dynamixel_sdk_examples:/home/huy/install/dynamixel_sdk_custom_interfaces:/home/huy/install/dynamixel_sdk:/home/huy/install/aws_robomaker_small_warehouse_world:/home/huy/install/turtlebot3_teleop:/home/huy/install/turtlebot3_navigation2:/home/huy/install/turtlebot3_example:/home/huy/install/turtlebot3_manipulation_gazebo:/home/huy/install/turtlebot3_description:/home/huy/install/turtlebot3_cartographer:/home/huy/install/openslam_gmapping:/opt/ros/humble LD_LIBRARY_PATH=/home/huy/ur3_llm_ws/install/ur_controllers/lib:/home/huy/ur3_llm_ws/install/ur_dashboard_msgs/lib:/home/huy/xecuahuy_ws/install/openslam_gmapping/lib:/home/huy/install/turtlebot3_msgs/lib:/home/huy/install/openslam_gmapping/lib:/home/huy/install/micro_ros_agent/lib:/home/huy/install/micro_ros_msgs/lib:/home/huy/install/dynamixel_sdk_custom_interfaces/lib:/home/huy/install/dynamixel_sdk/lib:/usr/lib/x86_64-linux-gnu/gazebo-11/plugins:/opt/ros/humble/opt/rviz_ogre_vendor/lib:/opt/ros/humble/lib/x86_64-linux-gnu:/opt/ros/humble/lib:/usr/lib/x86_64-linux-gnu/gazebo-11/plugins:/usr/lib/x86_64-linux-gnu/gazebo-11/plugins:/usr/lib/x86_64-linux-gnu/gazebo-11/plugins:/usr/lib/x86_64-linux-gnu/gazebo-11/plugins:/usr/lib/x86_64-linux-gnu/gazebo-11/plugins:/usr/lib/x86_64-linux-gnu/gazebo-11/plugins PS1=${debian_chroot:+($debian_chroot)}\[\033[01;32m\]\u@\h\[\033[00m\]:\[\033[01;34m\]\w\[\033[00m\]\$ PYTHONPATH=/home/huy/ur3_llm_ws/install/ur_dashboard_msgs/local/lib/python3.10/dist-packages:${PYTHONPATH} /usr/bin/cmake /home/huy/ur3_llm_ws/src/Universal_Robots_ROS2_Driver/ur_bringup -DAMENT_CMAKE_SYMLINK_INSTALL=1 -DCMAKE_INSTALL_PREFIX=/home/huy/ur3_llm_ws/install/ur_bringup
[36.042s] DEBUG:colcon.colcon_core.event_handler.log_command:Invoked command in '/home/huy/ur3_llm_ws/build/ur_bringup' returned '0': AMENT_PREFIX_PATH=/home/huy/ur3_llm_ws/install/ur_controllers:/home/huy/ur3_llm_ws/install/ur_dashboard_msgs:${AMENT_PREFIX_PATH} CMAKE_PREFIX_PATH=/home/huy/ur3_llm_ws/install/ur_controllers:/home/huy/ur3_llm_ws/install/ur_dashboard_msgs:/home/huy/ros2_ws/install/ur_simulation_gz:/home/huy/ros2_ws/install/ur_letter_writer:/home/huy/xecuahuy_ws/install/xecuahuy:/home/huy/xecuahuy_ws/install/slam_gmapping:/home/huy/xecuahuy_ws/install/openslam_gmapping:/home/huy/xecuahuy_ws/install/aws_robomaker_small_warehouse_world:/home/huy/install/xecuahuy:/home/huy/install/turtlebot3:/home/huy/install/turtlebot3_simulations:/home/huy/install/turtlebot3_bringup:/home/huy/install/turtlebot3_node:/home/huy/install/turtlebot3_fake_node:/home/huy/install/turtlebot3_msgs:/home/huy/install/turtlebot3_gazebo:/home/huy/install/slam_gmapping:/home/huy/install/micro_ros_setup:/home/huy/install/micro_ros_agent:/home/huy/install/micro_ros_msgs:/home/huy/install/dynamixel_sdk_examples:/home/huy/install/dynamixel_sdk_custom_interfaces:/home/huy/install/dynamixel_sdk:/home/huy/install/aws_robomaker_small_warehouse_world:/home/huy/install/turtlebot3_teleop:/home/huy/install/turtlebot3_navigation2:/home/huy/install/turtlebot3_example:/home/huy/install/turtlebot3_manipulation_gazebo:/home/huy/install/turtlebot3_description:/home/huy/install/turtlebot3_cartographer:/home/huy/install/openslam_gmapping:/opt/ros/humble LD_LIBRARY_PATH=/home/huy/ur3_llm_ws/install/ur_controllers/lib:/home/huy/ur3_llm_ws/install/ur_dashboard_msgs/lib:/home/huy/xecuahuy_ws/install/openslam_gmapping/lib:/home/huy/install/turtlebot3_msgs/lib:/home/huy/install/openslam_gmapping/lib:/home/huy/install/micro_ros_agent/lib:/home/huy/install/micro_ros_msgs/lib:/home/huy/install/dynamixel_sdk_custom_interfaces/lib:/home/huy/install/dynamixel_sdk/lib:/usr/lib/x86_64-linux-gnu/gazebo-11/plugins:/opt/ros/humble/opt/rviz_ogre_vendor/lib:/opt/ros/humble/lib/x86_64-linux-gnu:/opt/ros/humble/lib:/usr/lib/x86_64-linux-gnu/gazebo-11/plugins:/usr/lib/x86_64-linux-gnu/gazebo-11/plugins:/usr/lib/x86_64-linux-gnu/gazebo-11/plugins:/usr/lib/x86_64-linux-gnu/gazebo-11/plugins:/usr/lib/x86_64-linux-gnu/gazebo-11/plugins:/usr/lib/x86_64-linux-gnu/gazebo-11/plugins PS1=${debian_chroot:+($debian_chroot)}\[\033[01;32m\]\u@\h\[\033[00m\]:\[\033[01;34m\]\w\[\033[00m\]\$ PYTHONPATH=/home/huy/ur3_llm_ws/install/ur_dashboard_msgs/local/lib/python3.10/dist-packages:${PYTHONPATH} /usr/bin/cmake /home/huy/ur3_llm_ws/src/Universal_Robots_ROS2_Driver/ur_bringup -DAMENT_CMAKE_SYMLINK_INSTALL=1 -DCMAKE_INSTALL_PREFIX=/home/huy/ur3_llm_ws/install/ur_bringup
[36.043s] DEBUG:colcon.colcon_core.event_handler.log_command:Invoking command in '/home/huy/ur3_llm_ws/build/ur_bringup': AMENT_PREFIX_PATH=/home/huy/ur3_llm_ws/install/ur_controllers:/home/huy/ur3_llm_ws/install/ur_dashboard_msgs:${AMENT_PREFIX_PATH} CMAKE_PREFIX_PATH=/home/huy/ur3_llm_ws/install/ur_controllers:/home/huy/ur3_llm_ws/install/ur_dashboard_msgs:/home/huy/ros2_ws/install/ur_simulation_gz:/home/huy/ros2_ws/install/ur_letter_writer:/home/huy/xecuahuy_ws/install/xecuahuy:/home/huy/xecuahuy_ws/install/slam_gmapping:/home/huy/xecuahuy_ws/install/openslam_gmapping:/home/huy/xecuahuy_ws/install/aws_robomaker_small_warehouse_world:/home/huy/install/xecuahuy:/home/huy/install/turtlebot3:/home/huy/install/turtlebot3_simulations:/home/huy/install/turtlebot3_bringup:/home/huy/install/turtlebot3_node:/home/huy/install/turtlebot3_fake_node:/home/huy/install/turtlebot3_msgs:/home/huy/install/turtlebot3_gazebo:/home/huy/install/slam_gmapping:/home/huy/install/micro_ros_setup:/home/huy/install/micro_ros_agent:/home/huy/install/micro_ros_msgs:/home/huy/install/dynamixel_sdk_examples:/home/huy/install/dynamixel_sdk_custom_interfaces:/home/huy/install/dynamixel_sdk:/home/huy/install/aws_robomaker_small_warehouse_world:/home/huy/install/turtlebot3_teleop:/home/huy/install/turtlebot3_navigation2:/home/huy/install/turtlebot3_example:/home/huy/install/turtlebot3_manipulation_gazebo:/home/huy/install/turtlebot3_description:/home/huy/install/turtlebot3_cartographer:/home/huy/install/openslam_gmapping:/opt/ros/humble LD_LIBRARY_PATH=/home/huy/ur3_llm_ws/install/ur_controllers/lib:/home/huy/ur3_llm_ws/install/ur_dashboard_msgs/lib:/home/huy/xecuahuy_ws/install/openslam_gmapping/lib:/home/huy/install/turtlebot3_msgs/lib:/home/huy/install/openslam_gmapping/lib:/home/huy/install/micro_ros_agent/lib:/home/huy/install/micro_ros_msgs/lib:/home/huy/install/dynamixel_sdk_custom_interfaces/lib:/home/huy/install/dynamixel_sdk/lib:/usr/lib/x86_64-linux-gnu/gazebo-11/plugins:/opt/ros/humble/opt/rviz_ogre_vendor/lib:/opt/ros/humble/lib/x86_64-linux-gnu:/opt/ros/humble/lib:/usr/lib/x86_64-linux-gnu/gazebo-11/plugins:/usr/lib/x86_64-linux-gnu/gazebo-11/plugins:/usr/lib/x86_64-linux-gnu/gazebo-11/plugins:/usr/lib/x86_64-linux-gnu/gazebo-11/plugins:/usr/lib/x86_64-linux-gnu/gazebo-11/plugins:/usr/lib/x86_64-linux-gnu/gazebo-11/plugins PS1=${debian_chroot:+($debian_chroot)}\[\033[01;32m\]\u@\h\[\033[00m\]:\[\033[01;34m\]\w\[\033[00m\]\$ PYTHONPATH=/home/huy/ur3_llm_ws/install/ur_dashboard_msgs/local/lib/python3.10/dist-packages:${PYTHONPATH} /usr/bin/cmake --build /home/huy/ur3_llm_ws/build/ur_bringup -- -j12 -l12
[36.073s] DEBUG:colcon.colcon_core.event_handler.log_command:Invoked command in '/home/huy/ur3_llm_ws/build/ur_bringup' returned '0': AMENT_PREFIX_PATH=/home/huy/ur3_llm_ws/install/ur_controllers:/home/huy/ur3_llm_ws/install/ur_dashboard_msgs:${AMENT_PREFIX_PATH} CMAKE_PREFIX_PATH=/home/huy/ur3_llm_ws/install/ur_controllers:/home/huy/ur3_llm_ws/install/ur_dashboard_msgs:/home/huy/ros2_ws/install/ur_simulation_gz:/home/huy/ros2_ws/install/ur_letter_writer:/home/huy/xecuahuy_ws/install/xecuahuy:/home/huy/xecuahuy_ws/install/slam_gmapping:/home/huy/xecuahuy_ws/install/openslam_gmapping:/home/huy/xecuahuy_ws/install/aws_robomaker_small_warehouse_world:/home/huy/install/xecuahuy:/home/huy/install/turtlebot3:/home/huy/install/turtlebot3_simulations:/home/huy/install/turtlebot3_bringup:/home/huy/install/turtlebot3_node:/home/huy/install/turtlebot3_fake_node:/home/huy/install/turtlebot3_msgs:/home/huy/install/turtlebot3_gazebo:/home/huy/install/slam_gmapping:/home/huy/install/micro_ros_setup:/home/huy/install/micro_ros_agent:/home/huy/install/micro_ros_msgs:/home/huy/install/dynamixel_sdk_examples:/home/huy/install/dynamixel_sdk_custom_interfaces:/home/huy/install/dynamixel_sdk:/home/huy/install/aws_robomaker_small_warehouse_world:/home/huy/install/turtlebot3_teleop:/home/huy/install/turtlebot3_navigation2:/home/huy/install/turtlebot3_example:/home/huy/install/turtlebot3_manipulation_gazebo:/home/huy/install/turtlebot3_description:/home/huy/install/turtlebot3_cartographer:/home/huy/install/openslam_gmapping:/opt/ros/humble LD_LIBRARY_PATH=/home/huy/ur3_llm_ws/install/ur_controllers/lib:/home/huy/ur3_llm_ws/install/ur_dashboard_msgs/lib:/home/huy/xecuahuy_ws/install/openslam_gmapping/lib:/home/huy/install/turtlebot3_msgs/lib:/home/huy/install/openslam_gmapping/lib:/home/huy/install/micro_ros_agent/lib:/home/huy/install/micro_ros_msgs/lib:/home/huy/install/dynamixel_sdk_custom_interfaces/lib:/home/huy/install/dynamixel_sdk/lib:/usr/lib/x86_64-linux-gnu/gazebo-11/plugins:/opt/ros/humble/opt/rviz_ogre_vendor/lib:/opt/ros/humble/lib/x86_64-linux-gnu:/opt/ros/humble/lib:/usr/lib/x86_64-linux-gnu/gazebo-11/plugins:/usr/lib/x86_64-linux-gnu/gazebo-11/plugins:/usr/lib/x86_64-linux-gnu/gazebo-11/plugins:/usr/lib/x86_64-linux-gnu/gazebo-11/plugins:/usr/lib/x86_64-linux-gnu/gazebo-11/plugins:/usr/lib/x86_64-linux-gnu/gazebo-11/plugins PS1=${debian_chroot:+($debian_chroot)}\[\033[01;32m\]\u@\h\[\033[00m\]:\[\033[01;34m\]\w\[\033[00m\]\$ PYTHONPATH=/home/huy/ur3_llm_ws/install/ur_dashboard_msgs/local/lib/python3.10/dist-packages:${PYTHONPATH} /usr/bin/cmake --build /home/huy/ur3_llm_ws/build/ur_bringup -- -j12 -l12
[36.075s] DEBUG:colcon.colcon_core.event_handler.log_command:Invoking command in '/home/huy/ur3_llm_ws/build/ur_bringup': AMENT_PREFIX_PATH=/home/huy/ur3_llm_ws/install/ur_controllers:/home/huy/ur3_llm_ws/install/ur_dashboard_msgs:${AMENT_PREFIX_PATH} CMAKE_PREFIX_PATH=/home/huy/ur3_llm_ws/install/ur_controllers:/home/huy/ur3_llm_ws/install/ur_dashboard_msgs:/home/huy/ros2_ws/install/ur_simulation_gz:/home/huy/ros2_ws/install/ur_letter_writer:/home/huy/xecuahuy_ws/install/xecuahuy:/home/huy/xecuahuy_ws/install/slam_gmapping:/home/huy/xecuahuy_ws/install/openslam_gmapping:/home/huy/xecuahuy_ws/install/aws_robomaker_small_warehouse_world:/home/huy/install/xecuahuy:/home/huy/install/turtlebot3:/home/huy/install/turtlebot3_simulations:/home/huy/install/turtlebot3_bringup:/home/huy/install/turtlebot3_node:/home/huy/install/turtlebot3_fake_node:/home/huy/install/turtlebot3_msgs:/home/huy/install/turtlebot3_gazebo:/home/huy/install/slam_gmapping:/home/huy/install/micro_ros_setup:/home/huy/install/micro_ros_agent:/home/huy/install/micro_ros_msgs:/home/huy/install/dynamixel_sdk_examples:/home/huy/install/dynamixel_sdk_custom_interfaces:/home/huy/install/dynamixel_sdk:/home/huy/install/aws_robomaker_small_warehouse_world:/home/huy/install/turtlebot3_teleop:/home/huy/install/turtlebot3_navigation2:/home/huy/install/turtlebot3_example:/home/huy/install/turtlebot3_manipulation_gazebo:/home/huy/install/turtlebot3_description:/home/huy/install/turtlebot3_cartographer:/home/huy/install/openslam_gmapping:/opt/ros/humble LD_LIBRARY_PATH=/home/huy/ur3_llm_ws/install/ur_controllers/lib:/home/huy/ur3_llm_ws/install/ur_dashboard_msgs/lib:/home/huy/xecuahuy_ws/install/openslam_gmapping/lib:/home/huy/install/turtlebot3_msgs/lib:/home/huy/install/openslam_gmapping/lib:/home/huy/install/micro_ros_agent/lib:/home/huy/install/micro_ros_msgs/lib:/home/huy/install/dynamixel_sdk_custom_interfaces/lib:/home/huy/install/dynamixel_sdk/lib:/usr/lib/x86_64-linux-gnu/gazebo-11/plugins:/opt/ros/humble/opt/rviz_ogre_vendor/lib:/opt/ros/humble/lib/x86_64-linux-gnu:/opt/ros/humble/lib:/usr/lib/x86_64-linux-gnu/gazebo-11/plugins:/usr/lib/x86_64-linux-gnu/gazebo-11/plugins:/usr/lib/x86_64-linux-gnu/gazebo-11/plugins:/usr/lib/x86_64-linux-gnu/gazebo-11/plugins:/usr/lib/x86_64-linux-gnu/gazebo-11/plugins:/usr/lib/x86_64-linux-gnu/gazebo-11/plugins PS1=${debian_chroot:+($debian_chroot)}\[\033[01;32m\]\u@\h\[\033[00m\]:\[\033[01;34m\]\w\[\033[00m\]\$ PYTHONPATH=/home/huy/ur3_llm_ws/install/ur_dashboard_msgs/local/lib/python3.10/dist-packages:${PYTHONPATH} /usr/bin/cmake --install /home/huy/ur3_llm_ws/build/ur_bringup
[36.392s] Level 1:colcon.colcon_core.environment:create_environment_scripts_only(ur_bringup)
[36.393s] Level 1:colcon.colcon_core.environment:checking '/home/huy/ur3_llm_ws/install/ur_bringup' for CMake module files
[36.393s] DEBUG:colcon.colcon_core.event_handler.log_command:Invoked command in '/home/huy/ur3_llm_ws/build/ur_bringup' returned '0': AMENT_PREFIX_PATH=/home/huy/ur3_llm_ws/install/ur_controllers:/home/huy/ur3_llm_ws/install/ur_dashboard_msgs:${AMENT_PREFIX_PATH} CMAKE_PREFIX_PATH=/home/huy/ur3_llm_ws/install/ur_controllers:/home/huy/ur3_llm_ws/install/ur_dashboard_msgs:/home/huy/ros2_ws/install/ur_simulation_gz:/home/huy/ros2_ws/install/ur_letter_writer:/home/huy/xecuahuy_ws/install/xecuahuy:/home/huy/xecuahuy_ws/install/slam_gmapping:/home/huy/xecuahuy_ws/install/openslam_gmapping:/home/huy/xecuahuy_ws/install/aws_robomaker_small_warehouse_world:/home/huy/install/xecuahuy:/home/huy/install/turtlebot3:/home/huy/install/turtlebot3_simulations:/home/huy/install/turtlebot3_bringup:/home/huy/install/turtlebot3_node:/home/huy/install/turtlebot3_fake_node:/home/huy/install/turtlebot3_msgs:/home/huy/install/turtlebot3_gazebo:/home/huy/install/slam_gmapping:/home/huy/install/micro_ros_setup:/home/huy/install/micro_ros_agent:/home/huy/install/micro_ros_msgs:/home/huy/install/dynamixel_sdk_examples:/home/huy/install/dynamixel_sdk_custom_interfaces:/home/huy/install/dynamixel_sdk:/home/huy/install/aws_robomaker_small_warehouse_world:/home/huy/install/turtlebot3_teleop:/home/huy/install/turtlebot3_navigation2:/home/huy/install/turtlebot3_example:/home/huy/install/turtlebot3_manipulation_gazebo:/home/huy/install/turtlebot3_description:/home/huy/install/turtlebot3_cartographer:/home/huy/install/openslam_gmapping:/opt/ros/humble LD_LIBRARY_PATH=/home/huy/ur3_llm_ws/install/ur_controllers/lib:/home/huy/ur3_llm_ws/install/ur_dashboard_msgs/lib:/home/huy/xecuahuy_ws/install/openslam_gmapping/lib:/home/huy/install/turtlebot3_msgs/lib:/home/huy/install/openslam_gmapping/lib:/home/huy/install/micro_ros_agent/lib:/home/huy/install/micro_ros_msgs/lib:/home/huy/install/dynamixel_sdk_custom_interfaces/lib:/home/huy/install/dynamixel_sdk/lib:/usr/lib/x86_64-linux-gnu/gazebo-11/plugins:/opt/ros/humble/opt/rviz_ogre_vendor/lib:/opt/ros/humble/lib/x86_64-linux-gnu:/opt/ros/humble/lib:/usr/lib/x86_64-linux-gnu/gazebo-11/plugins:/usr/lib/x86_64-linux-gnu/gazebo-11/plugins:/usr/lib/x86_64-linux-gnu/gazebo-11/plugins:/usr/lib/x86_64-linux-gnu/gazebo-11/plugins:/usr/lib/x86_64-linux-gnu/gazebo-11/plugins:/usr/lib/x86_64-linux-gnu/gazebo-11/plugins PS1=${debian_chroot:+($debian_chroot)}\[\033[01;32m\]\u@\h\[\033[00m\]:\[\033[01;34m\]\w\[\033[00m\]\$ PYTHONPATH=/home/huy/ur3_llm_ws/install/ur_dashboard_msgs/local/lib/python3.10/dist-packages:${PYTHONPATH} /usr/bin/cmake --install /home/huy/ur3_llm_ws/build/ur_bringup
[36.393s] Level 1:colcon.colcon_core.environment:checking '/home/huy/ur3_llm_ws/install/ur_bringup' for CMake config files
[36.393s] Level 1:colcon.colcon_core.shell:create_environment_hook('ur_bringup', 'cmake_prefix_path')
[36.394s] INFO:colcon.colcon_core.shell:Creating environment hook '/home/huy/ur3_llm_ws/install/ur_bringup/share/ur_bringup/hook/cmake_prefix_path.ps1'
[36.394s] INFO:colcon.colcon_core.shell:Creating environment descriptor '/home/huy/ur3_llm_ws/install/ur_bringup/share/ur_bringup/hook/cmake_prefix_path.dsv'
[36.394s] INFO:colcon.colcon_core.shell:Creating environment hook '/home/huy/ur3_llm_ws/install/ur_bringup/share/ur_bringup/hook/cmake_prefix_path.sh'
[36.394s] Level 1:colcon.colcon_core.environment:checking '/home/huy/ur3_llm_ws/install/ur_bringup/lib'
[36.394s] Level 1:colcon.colcon_core.environment:checking '/home/huy/ur3_llm_ws/install/ur_bringup/bin'
[36.394s] Level 1:colcon.colcon_core.environment:checking '/home/huy/ur3_llm_ws/install/ur_bringup/lib/pkgconfig/ur_bringup.pc'
[36.395s] Level 1:colcon.colcon_core.environment:checking '/home/huy/ur3_llm_ws/install/ur_bringup/lib/python3.10/site-packages'
[36.395s] Level 1:colcon.colcon_core.environment:checking '/home/huy/ur3_llm_ws/install/ur_bringup/bin'
[36.395s] INFO:colcon.colcon_core.shell:Creating package script '/home/huy/ur3_llm_ws/install/ur_bringup/share/ur_bringup/package.ps1'
[36.395s] INFO:colcon.colcon_core.shell:Creating package descriptor '/home/huy/ur3_llm_ws/install/ur_bringup/share/ur_bringup/package.dsv'
[36.395s] INFO:colcon.colcon_core.shell:Creating package script '/home/huy/ur3_llm_ws/install/ur_bringup/share/ur_bringup/package.sh'
[36.396s] INFO:colcon.colcon_core.shell:Creating package script '/home/huy/ur3_llm_ws/install/ur_bringup/share/ur_bringup/package.bash'
[36.396s] INFO:colcon.colcon_core.shell:Creating package script '/home/huy/ur3_llm_ws/install/ur_bringup/share/ur_bringup/package.zsh'
[36.396s] Level 1:colcon.colcon_core.environment:create_file_with_runtime_dependencies(/home/huy/ur3_llm_ws/install/ur_bringup/share/colcon-core/packages/ur_bringup)
[36.396s] Level 1:colcon.colcon_core.environment:create_environment_scripts_only(ur_bringup)
[36.396s] Level 1:colcon.colcon_core.environment:checking '/home/huy/ur3_llm_ws/install/ur_bringup' for CMake module files
[36.396s] Level 1:colcon.colcon_core.environment:checking '/home/huy/ur3_llm_ws/install/ur_bringup' for CMake config files
[36.397s] Level 1:colcon.colcon_core.shell:create_environment_hook('ur_bringup', 'cmake_prefix_path')
[36.397s] INFO:colcon.colcon_core.shell:Creating environment hook '/home/huy/ur3_llm_ws/install/ur_bringup/share/ur_bringup/hook/cmake_prefix_path.ps1'
[36.397s] INFO:colcon.colcon_core.shell:Creating environment descriptor '/home/huy/ur3_llm_ws/install/ur_bringup/share/ur_bringup/hook/cmake_prefix_path.dsv'
[36.397s] INFO:colcon.colcon_core.shell:Creating environment hook '/home/huy/ur3_llm_ws/install/ur_bringup/share/ur_bringup/hook/cmake_prefix_path.sh'
[36.397s] Level 1:colcon.colcon_core.environment:checking '/home/huy/ur3_llm_ws/install/ur_bringup/lib'
[36.397s] Level 1:colcon.colcon_core.environment:checking '/home/huy/ur3_llm_ws/install/ur_bringup/bin'
[36.397s] Level 1:colcon.colcon_core.environment:checking '/home/huy/ur3_llm_ws/install/ur_bringup/lib/pkgconfig/ur_bringup.pc'
[36.398s] Level 1:colcon.colcon_core.environment:checking '/home/huy/ur3_llm_ws/install/ur_bringup/lib/python3.10/site-packages'
[36.398s] Level 1:colcon.colcon_core.environment:checking '/home/huy/ur3_llm_ws/install/ur_bringup/bin'
[36.398s] INFO:colcon.colcon_core.shell:Creating package script '/home/huy/ur3_llm_ws/install/ur_bringup/share/ur_bringup/package.ps1'
[36.398s] INFO:colcon.colcon_core.shell:Creating package descriptor '/home/huy/ur3_llm_ws/install/ur_bringup/share/ur_bringup/package.dsv'
[36.398s] INFO:colcon.colcon_core.shell:Creating package script '/home/huy/ur3_llm_ws/install/ur_bringup/share/ur_bringup/package.sh'
[36.399s] INFO:colcon.colcon_core.shell:Creating package script '/home/huy/ur3_llm_ws/install/ur_bringup/share/ur_bringup/package.bash'
[36.399s] INFO:colcon.colcon_core.shell:Creating package script '/home/huy/ur3_llm_ws/install/ur_bringup/share/ur_bringup/package.zsh'
[36.399s] Level 1:colcon.colcon_core.environment:create_file_with_runtime_dependencies(/home/huy/ur3_llm_ws/install/ur_bringup/share/colcon-core/packages/ur_bringup)
[36.842s] DEBUG:colcon.colcon_core.event_handler.log_command:Invoked command in '/home/huy/ur3_llm_ws/build/ur_robot_driver' returned '0': AMENT_PREFIX_PATH=/home/huy/ur3_llm_ws/install/ur_controllers:/home/huy/ur3_llm_ws/install/ur_dashboard_msgs:${AMENT_PREFIX_PATH} CMAKE_PREFIX_PATH=/home/huy/ur3_llm_ws/install/ur_controllers:/home/huy/ur3_llm_ws/install/ur_dashboard_msgs:/home/huy/ros2_ws/install/ur_simulation_gz:/home/huy/ros2_ws/install/ur_letter_writer:/home/huy/xecuahuy_ws/install/xecuahuy:/home/huy/xecuahuy_ws/install/slam_gmapping:/home/huy/xecuahuy_ws/install/openslam_gmapping:/home/huy/xecuahuy_ws/install/aws_robomaker_small_warehouse_world:/home/huy/install/xecuahuy:/home/huy/install/turtlebot3:/home/huy/install/turtlebot3_simulations:/home/huy/install/turtlebot3_bringup:/home/huy/install/turtlebot3_node:/home/huy/install/turtlebot3_fake_node:/home/huy/install/turtlebot3_msgs:/home/huy/install/turtlebot3_gazebo:/home/huy/install/slam_gmapping:/home/huy/install/micro_ros_setup:/home/huy/install/micro_ros_agent:/home/huy/install/micro_ros_msgs:/home/huy/install/dynamixel_sdk_examples:/home/huy/install/dynamixel_sdk_custom_interfaces:/home/huy/install/dynamixel_sdk:/home/huy/install/aws_robomaker_small_warehouse_world:/home/huy/install/turtlebot3_teleop:/home/huy/install/turtlebot3_navigation2:/home/huy/install/turtlebot3_example:/home/huy/install/turtlebot3_manipulation_gazebo:/home/huy/install/turtlebot3_description:/home/huy/install/turtlebot3_cartographer:/home/huy/install/openslam_gmapping:/opt/ros/humble LD_LIBRARY_PATH=/home/huy/ur3_llm_ws/install/ur_controllers/lib:/home/huy/ur3_llm_ws/install/ur_dashboard_msgs/lib:/home/huy/xecuahuy_ws/install/openslam_gmapping/lib:/home/huy/install/turtlebot3_msgs/lib:/home/huy/install/openslam_gmapping/lib:/home/huy/install/micro_ros_agent/lib:/home/huy/install/micro_ros_msgs/lib:/home/huy/install/dynamixel_sdk_custom_interfaces/lib:/home/huy/install/dynamixel_sdk/lib:/usr/lib/x86_64-linux-gnu/gazebo-11/plugins:/opt/ros/humble/opt/rviz_ogre_vendor/lib:/opt/ros/humble/lib/x86_64-linux-gnu:/opt/ros/humble/lib:/usr/lib/x86_64-linux-gnu/gazebo-11/plugins:/usr/lib/x86_64-linux-gnu/gazebo-11/plugins:/usr/lib/x86_64-linux-gnu/gazebo-11/plugins:/usr/lib/x86_64-linux-gnu/gazebo-11/plugins:/usr/lib/x86_64-linux-gnu/gazebo-11/plugins:/usr/lib/x86_64-linux-gnu/gazebo-11/plugins PS1=${debian_chroot:+($debian_chroot)}\[\033[01;32m\]\u@\h\[\033[00m\]:\[\033[01;34m\]\w\[\033[00m\]\$ PYTHONPATH=/home/huy/ur3_llm_ws/install/ur_dashboard_msgs/local/lib/python3.10/dist-packages:${PYTHONPATH} /usr/bin/cmake /home/huy/ur3_llm_ws/src/Universal_Robots_ROS2_Driver/ur_robot_driver -DAMENT_CMAKE_SYMLINK_INSTALL=1 -DCMAKE_INSTALL_PREFIX=/home/huy/ur3_llm_ws/install/ur_robot_driver
[36.843s] DEBUG:colcon.colcon_core.event_handler.log_command:Invoking command in '/home/huy/ur3_llm_ws/build/ur_robot_driver': AMENT_PREFIX_PATH=/home/huy/ur3_llm_ws/install/ur_controllers:/home/huy/ur3_llm_ws/install/ur_dashboard_msgs:${AMENT_PREFIX_PATH} CMAKE_PREFIX_PATH=/home/huy/ur3_llm_ws/install/ur_controllers:/home/huy/ur3_llm_ws/install/ur_dashboard_msgs:/home/huy/ros2_ws/install/ur_simulation_gz:/home/huy/ros2_ws/install/ur_letter_writer:/home/huy/xecuahuy_ws/install/xecuahuy:/home/huy/xecuahuy_ws/install/slam_gmapping:/home/huy/xecuahuy_ws/install/openslam_gmapping:/home/huy/xecuahuy_ws/install/aws_robomaker_small_warehouse_world:/home/huy/install/xecuahuy:/home/huy/install/turtlebot3:/home/huy/install/turtlebot3_simulations:/home/huy/install/turtlebot3_bringup:/home/huy/install/turtlebot3_node:/home/huy/install/turtlebot3_fake_node:/home/huy/install/turtlebot3_msgs:/home/huy/install/turtlebot3_gazebo:/home/huy/install/slam_gmapping:/home/huy/install/micro_ros_setup:/home/huy/install/micro_ros_agent:/home/huy/install/micro_ros_msgs:/home/huy/install/dynamixel_sdk_examples:/home/huy/install/dynamixel_sdk_custom_interfaces:/home/huy/install/dynamixel_sdk:/home/huy/install/aws_robomaker_small_warehouse_world:/home/huy/install/turtlebot3_teleop:/home/huy/install/turtlebot3_navigation2:/home/huy/install/turtlebot3_example:/home/huy/install/turtlebot3_manipulation_gazebo:/home/huy/install/turtlebot3_description:/home/huy/install/turtlebot3_cartographer:/home/huy/install/openslam_gmapping:/opt/ros/humble LD_LIBRARY_PATH=/home/huy/ur3_llm_ws/install/ur_controllers/lib:/home/huy/ur3_llm_ws/install/ur_dashboard_msgs/lib:/home/huy/xecuahuy_ws/install/openslam_gmapping/lib:/home/huy/install/turtlebot3_msgs/lib:/home/huy/install/openslam_gmapping/lib:/home/huy/install/micro_ros_agent/lib:/home/huy/install/micro_ros_msgs/lib:/home/huy/install/dynamixel_sdk_custom_interfaces/lib:/home/huy/install/dynamixel_sdk/lib:/usr/lib/x86_64-linux-gnu/gazebo-11/plugins:/opt/ros/humble/opt/rviz_ogre_vendor/lib:/opt/ros/humble/lib/x86_64-linux-gnu:/opt/ros/humble/lib:/usr/lib/x86_64-linux-gnu/gazebo-11/plugins:/usr/lib/x86_64-linux-gnu/gazebo-11/plugins:/usr/lib/x86_64-linux-gnu/gazebo-11/plugins:/usr/lib/x86_64-linux-gnu/gazebo-11/plugins:/usr/lib/x86_64-linux-gnu/gazebo-11/plugins:/usr/lib/x86_64-linux-gnu/gazebo-11/plugins PS1=${debian_chroot:+($debian_chroot)}\[\033[01;32m\]\u@\h\[\033[00m\]:\[\033[01;34m\]\w\[\033[00m\]\$ PYTHONPATH=/home/huy/ur3_llm_ws/install/ur_dashboard_msgs/local/lib/python3.10/dist-packages:${PYTHONPATH} /usr/bin/cmake --build /home/huy/ur3_llm_ws/build/ur_robot_driver -- -j12 -l12
[80.244s] DEBUG:colcon.colcon_core.event_handler.log_command:Invoked command in '/home/huy/ur3_llm_ws/build/ur_robot_driver' returned '0': AMENT_PREFIX_PATH=/home/huy/ur3_llm_ws/install/ur_controllers:/home/huy/ur3_llm_ws/install/ur_dashboard_msgs:${AMENT_PREFIX_PATH} CMAKE_PREFIX_PATH=/home/huy/ur3_llm_ws/install/ur_controllers:/home/huy/ur3_llm_ws/install/ur_dashboard_msgs:/home/huy/ros2_ws/install/ur_simulation_gz:/home/huy/ros2_ws/install/ur_letter_writer:/home/huy/xecuahuy_ws/install/xecuahuy:/home/huy/xecuahuy_ws/install/slam_gmapping:/home/huy/xecuahuy_ws/install/openslam_gmapping:/home/huy/xecuahuy_ws/install/aws_robomaker_small_warehouse_world:/home/huy/install/xecuahuy:/home/huy/install/turtlebot3:/home/huy/install/turtlebot3_simulations:/home/huy/install/turtlebot3_bringup:/home/huy/install/turtlebot3_node:/home/huy/install/turtlebot3_fake_node:/home/huy/install/turtlebot3_msgs:/home/huy/install/turtlebot3_gazebo:/home/huy/install/slam_gmapping:/home/huy/install/micro_ros_setup:/home/huy/install/micro_ros_agent:/home/huy/install/micro_ros_msgs:/home/huy/install/dynamixel_sdk_examples:/home/huy/install/dynamixel_sdk_custom_interfaces:/home/huy/install/dynamixel_sdk:/home/huy/install/aws_robomaker_small_warehouse_world:/home/huy/install/turtlebot3_teleop:/home/huy/install/turtlebot3_navigation2:/home/huy/install/turtlebot3_example:/home/huy/install/turtlebot3_manipulation_gazebo:/home/huy/install/turtlebot3_description:/home/huy/install/turtlebot3_cartographer:/home/huy/install/openslam_gmapping:/opt/ros/humble LD_LIBRARY_PATH=/home/huy/ur3_llm_ws/install/ur_controllers/lib:/home/huy/ur3_llm_ws/install/ur_dashboard_msgs/lib:/home/huy/xecuahuy_ws/install/openslam_gmapping/lib:/home/huy/install/turtlebot3_msgs/lib:/home/huy/install/openslam_gmapping/lib:/home/huy/install/micro_ros_agent/lib:/home/huy/install/micro_ros_msgs/lib:/home/huy/install/dynamixel_sdk_custom_interfaces/lib:/home/huy/install/dynamixel_sdk/lib:/usr/lib/x86_64-linux-gnu/gazebo-11/plugins:/opt/ros/humble/opt/rviz_ogre_vendor/lib:/opt/ros/humble/lib/x86_64-linux-gnu:/opt/ros/humble/lib:/usr/lib/x86_64-linux-gnu/gazebo-11/plugins:/usr/lib/x86_64-linux-gnu/gazebo-11/plugins:/usr/lib/x86_64-linux-gnu/gazebo-11/plugins:/usr/lib/x86_64-linux-gnu/gazebo-11/plugins:/usr/lib/x86_64-linux-gnu/gazebo-11/plugins:/usr/lib/x86_64-linux-gnu/gazebo-11/plugins PS1=${debian_chroot:+($debian_chroot)}\[\033[01;32m\]\u@\h\[\033[00m\]:\[\033[01;34m\]\w\[\033[00m\]\$ PYTHONPATH=/home/huy/ur3_llm_ws/install/ur_dashboard_msgs/local/lib/python3.10/dist-packages:${PYTHONPATH} /usr/bin/cmake --build /home/huy/ur3_llm_ws/build/ur_robot_driver -- -j12 -l12
[80.245s] DEBUG:colcon.colcon_core.event_handler.log_command:Invoking command in '/home/huy/ur3_llm_ws/build/ur_robot_driver': AMENT_PREFIX_PATH=/home/huy/ur3_llm_ws/install/ur_controllers:/home/huy/ur3_llm_ws/install/ur_dashboard_msgs:${AMENT_PREFIX_PATH} CMAKE_PREFIX_PATH=/home/huy/ur3_llm_ws/install/ur_controllers:/home/huy/ur3_llm_ws/install/ur_dashboard_msgs:/home/huy/ros2_ws/install/ur_simulation_gz:/home/huy/ros2_ws/install/ur_letter_writer:/home/huy/xecuahuy_ws/install/xecuahuy:/home/huy/xecuahuy_ws/install/slam_gmapping:/home/huy/xecuahuy_ws/install/openslam_gmapping:/home/huy/xecuahuy_ws/install/aws_robomaker_small_warehouse_world:/home/huy/install/xecuahuy:/home/huy/install/turtlebot3:/home/huy/install/turtlebot3_simulations:/home/huy/install/turtlebot3_bringup:/home/huy/install/turtlebot3_node:/home/huy/install/turtlebot3_fake_node:/home/huy/install/turtlebot3_msgs:/home/huy/install/turtlebot3_gazebo:/home/huy/install/slam_gmapping:/home/huy/install/micro_ros_setup:/home/huy/install/micro_ros_agent:/home/huy/install/micro_ros_msgs:/home/huy/install/dynamixel_sdk_examples:/home/huy/install/dynamixel_sdk_custom_interfaces:/home/huy/install/dynamixel_sdk:/home/huy/install/aws_robomaker_small_warehouse_world:/home/huy/install/turtlebot3_teleop:/home/huy/install/turtlebot3_navigation2:/home/huy/install/turtlebot3_example:/home/huy/install/turtlebot3_manipulation_gazebo:/home/huy/install/turtlebot3_description:/home/huy/install/turtlebot3_cartographer:/home/huy/install/openslam_gmapping:/opt/ros/humble LD_LIBRARY_PATH=/home/huy/ur3_llm_ws/install/ur_controllers/lib:/home/huy/ur3_llm_ws/install/ur_dashboard_msgs/lib:/home/huy/xecuahuy_ws/install/openslam_gmapping/lib:/home/huy/install/turtlebot3_msgs/lib:/home/huy/install/openslam_gmapping/lib:/home/huy/install/micro_ros_agent/lib:/home/huy/install/micro_ros_msgs/lib:/home/huy/install/dynamixel_sdk_custom_interfaces/lib:/home/huy/install/dynamixel_sdk/lib:/usr/lib/x86_64-linux-gnu/gazebo-11/plugins:/opt/ros/humble/opt/rviz_ogre_vendor/lib:/opt/ros/humble/lib/x86_64-linux-gnu:/opt/ros/humble/lib:/usr/lib/x86_64-linux-gnu/gazebo-11/plugins:/usr/lib/x86_64-linux-gnu/gazebo-11/plugins:/usr/lib/x86_64-linux-gnu/gazebo-11/plugins:/usr/lib/x86_64-linux-gnu/gazebo-11/plugins:/usr/lib/x86_64-linux-gnu/gazebo-11/plugins:/usr/lib/x86_64-linux-gnu/gazebo-11/plugins PS1=${debian_chroot:+($debian_chroot)}\[\033[01;32m\]\u@\h\[\033[00m\]:\[\033[01;34m\]\w\[\033[00m\]\$ PYTHONPATH=/home/huy/ur3_llm_ws/install/ur_dashboard_msgs/local/lib/python3.10/dist-packages:${PYTHONPATH} /usr/bin/cmake --install /home/huy/ur3_llm_ws/build/ur_robot_driver
[80.889s] Level 1:colcon.colcon_core.environment:create_environment_scripts_only(ur_robot_driver)
[80.889s] DEBUG:colcon.colcon_core.event_handler.log_command:Invoked command in '/home/huy/ur3_llm_ws/build/ur_robot_driver' returned '0': AMENT_PREFIX_PATH=/home/huy/ur3_llm_ws/install/ur_controllers:/home/huy/ur3_llm_ws/install/ur_dashboard_msgs:${AMENT_PREFIX_PATH} CMAKE_PREFIX_PATH=/home/huy/ur3_llm_ws/install/ur_controllers:/home/huy/ur3_llm_ws/install/ur_dashboard_msgs:/home/huy/ros2_ws/install/ur_simulation_gz:/home/huy/ros2_ws/install/ur_letter_writer:/home/huy/xecuahuy_ws/install/xecuahuy:/home/huy/xecuahuy_ws/install/slam_gmapping:/home/huy/xecuahuy_ws/install/openslam_gmapping:/home/huy/xecuahuy_ws/install/aws_robomaker_small_warehouse_world:/home/huy/install/xecuahuy:/home/huy/install/turtlebot3:/home/huy/install/turtlebot3_simulations:/home/huy/install/turtlebot3_bringup:/home/huy/install/turtlebot3_node:/home/huy/install/turtlebot3_fake_node:/home/huy/install/turtlebot3_msgs:/home/huy/install/turtlebot3_gazebo:/home/huy/install/slam_gmapping:/home/huy/install/micro_ros_setup:/home/huy/install/micro_ros_agent:/home/huy/install/micro_ros_msgs:/home/huy/install/dynamixel_sdk_examples:/home/huy/install/dynamixel_sdk_custom_interfaces:/home/huy/install/dynamixel_sdk:/home/huy/install/aws_robomaker_small_warehouse_world:/home/huy/install/turtlebot3_teleop:/home/huy/install/turtlebot3_navigation2:/home/huy/install/turtlebot3_example:/home/huy/install/turtlebot3_manipulation_gazebo:/home/huy/install/turtlebot3_description:/home/huy/install/turtlebot3_cartographer:/home/huy/install/openslam_gmapping:/opt/ros/humble LD_LIBRARY_PATH=/home/huy/ur3_llm_ws/install/ur_controllers/lib:/home/huy/ur3_llm_ws/install/ur_dashboard_msgs/lib:/home/huy/xecuahuy_ws/install/openslam_gmapping/lib:/home/huy/install/turtlebot3_msgs/lib:/home/huy/install/openslam_gmapping/lib:/home/huy/install/micro_ros_agent/lib:/home/huy/install/micro_ros_msgs/lib:/home/huy/install/dynamixel_sdk_custom_interfaces/lib:/home/huy/install/dynamixel_sdk/lib:/usr/lib/x86_64-linux-gnu/gazebo-11/plugins:/opt/ros/humble/opt/rviz_ogre_vendor/lib:/opt/ros/humble/lib/x86_64-linux-gnu:/opt/ros/humble/lib:/usr/lib/x86_64-linux-gnu/gazebo-11/plugins:/usr/lib/x86_64-linux-gnu/gazebo-11/plugins:/usr/lib/x86_64-linux-gnu/gazebo-11/plugins:/usr/lib/x86_64-linux-gnu/gazebo-11/plugins:/usr/lib/x86_64-linux-gnu/gazebo-11/plugins:/usr/lib/x86_64-linux-gnu/gazebo-11/plugins PS1=${debian_chroot:+($debian_chroot)}\[\033[01;32m\]\u@\h\[\033[00m\]:\[\033[01;34m\]\w\[\033[00m\]\$ PYTHONPATH=/home/huy/ur3_llm_ws/install/ur_dashboard_msgs/local/lib/python3.10/dist-packages:${PYTHONPATH} /usr/bin/cmake --install /home/huy/ur3_llm_ws/build/ur_robot_driver
[80.890s] Level 1:colcon.colcon_core.environment:checking '/home/huy/ur3_llm_ws/install/ur_robot_driver' for CMake module files
[80.890s] Level 1:colcon.colcon_core.environment:checking '/home/huy/ur3_llm_ws/install/ur_robot_driver' for CMake config files
[80.891s] Level 1:colcon.colcon_core.shell:create_environment_hook('ur_robot_driver', 'cmake_prefix_path')
[80.891s] INFO:colcon.colcon_core.shell:Creating environment hook '/home/huy/ur3_llm_ws/install/ur_robot_driver/share/ur_robot_driver/hook/cmake_prefix_path.ps1'
[80.892s] INFO:colcon.colcon_core.shell:Creating environment descriptor '/home/huy/ur3_llm_ws/install/ur_robot_driver/share/ur_robot_driver/hook/cmake_prefix_path.dsv'
[80.892s] INFO:colcon.colcon_core.shell:Creating environment hook '/home/huy/ur3_llm_ws/install/ur_robot_driver/share/ur_robot_driver/hook/cmake_prefix_path.sh'
[80.893s] Level 1:colcon.colcon_core.environment:checking '/home/huy/ur3_llm_ws/install/ur_robot_driver/lib'
[80.893s] Level 1:colcon.colcon_core.shell:create_environment_hook('ur_robot_driver', 'ld_library_path_lib')
[80.893s] INFO:colcon.colcon_core.shell:Creating environment hook '/home/huy/ur3_llm_ws/install/ur_robot_driver/share/ur_robot_driver/hook/ld_library_path_lib.ps1'
[80.893s] INFO:colcon.colcon_core.shell:Creating environment descriptor '/home/huy/ur3_llm_ws/install/ur_robot_driver/share/ur_robot_driver/hook/ld_library_path_lib.dsv'
[80.893s] INFO:colcon.colcon_core.shell:Creating environment hook '/home/huy/ur3_llm_ws/install/ur_robot_driver/share/ur_robot_driver/hook/ld_library_path_lib.sh'
[80.894s] Level 1:colcon.colcon_core.environment:checking '/home/huy/ur3_llm_ws/install/ur_robot_driver/bin'
[80.894s] Level 1:colcon.colcon_core.shell:create_environment_hook('ur_robot_driver', 'path')
[80.894s] INFO:colcon.colcon_core.shell:Creating environment hook '/home/huy/ur3_llm_ws/install/ur_robot_driver/share/ur_robot_driver/hook/path.ps1'
[80.894s] INFO:colcon.colcon_core.shell:Creating environment descriptor '/home/huy/ur3_llm_ws/install/ur_robot_driver/share/ur_robot_driver/hook/path.dsv'
[80.895s] INFO:colcon.colcon_core.shell:Creating environment hook '/home/huy/ur3_llm_ws/install/ur_robot_driver/share/ur_robot_driver/hook/path.sh'
[80.895s] Level 1:colcon.colcon_core.environment:checking '/home/huy/ur3_llm_ws/install/ur_robot_driver/lib/pkgconfig/ur_robot_driver.pc'
[80.895s] Level 1:colcon.colcon_core.environment:checking '/home/huy/ur3_llm_ws/install/ur_robot_driver/lib/python3.10/site-packages'
[80.895s] Level 1:colcon.colcon_core.environment:checking '/home/huy/ur3_llm_ws/install/ur_robot_driver/bin'
[80.895s] Level 1:colcon.colcon_core.shell:create_environment_hook('ur_robot_driver', 'pythonscriptspath')
[80.895s] INFO:colcon.colcon_core.shell:Creating environment hook '/home/huy/ur3_llm_ws/install/ur_robot_driver/share/ur_robot_driver/hook/pythonscriptspath.ps1'
[80.896s] INFO:colcon.colcon_core.shell:Creating environment descriptor '/home/huy/ur3_llm_ws/install/ur_robot_driver/share/ur_robot_driver/hook/pythonscriptspath.dsv'
[80.896s] INFO:colcon.colcon_core.shell:Creating environment hook '/home/huy/ur3_llm_ws/install/ur_robot_driver/share/ur_robot_driver/hook/pythonscriptspath.sh'
[80.896s] INFO:colcon.colcon_core.shell:Creating package script '/home/huy/ur3_llm_ws/install/ur_robot_driver/share/ur_robot_driver/package.ps1'
[80.897s] INFO:colcon.colcon_core.shell:Creating package descriptor '/home/huy/ur3_llm_ws/install/ur_robot_driver/share/ur_robot_driver/package.dsv'
[80.897s] INFO:colcon.colcon_core.shell:Creating package script '/home/huy/ur3_llm_ws/install/ur_robot_driver/share/ur_robot_driver/package.sh'
[80.897s] INFO:colcon.colcon_core.shell:Creating package script '/home/huy/ur3_llm_ws/install/ur_robot_driver/share/ur_robot_driver/package.bash'
[80.897s] INFO:colcon.colcon_core.shell:Creating package script '/home/huy/ur3_llm_ws/install/ur_robot_driver/share/ur_robot_driver/package.zsh'
[80.897s] Level 1:colcon.colcon_core.environment:create_file_with_runtime_dependencies(/home/huy/ur3_llm_ws/install/ur_robot_driver/share/colcon-core/packages/ur_robot_driver)
[80.898s] Level 1:colcon.colcon_core.environment:create_environment_scripts_only(ur_robot_driver)
[80.898s] Level 1:colcon.colcon_core.environment:checking '/home/huy/ur3_llm_ws/install/ur_robot_driver' for CMake module files
[80.898s] Level 1:colcon.colcon_core.environment:checking '/home/huy/ur3_llm_ws/install/ur_robot_driver' for CMake config files
[80.898s] Level 1:colcon.colcon_core.shell:create_environment_hook('ur_robot_driver', 'cmake_prefix_path')
[80.898s] INFO:colcon.colcon_core.shell:Creating environment hook '/home/huy/ur3_llm_ws/install/ur_robot_driver/share/ur_robot_driver/hook/cmake_prefix_path.ps1'
[80.899s] INFO:colcon.colcon_core.shell:Creating environment descriptor '/home/huy/ur3_llm_ws/install/ur_robot_driver/share/ur_robot_driver/hook/cmake_prefix_path.dsv'
[80.899s] INFO:colcon.colcon_core.shell:Creating environment hook '/home/huy/ur3_llm_ws/install/ur_robot_driver/share/ur_robot_driver/hook/cmake_prefix_path.sh'
[80.899s] Level 1:colcon.colcon_core.environment:checking '/home/huy/ur3_llm_ws/install/ur_robot_driver/lib'
[80.899s] Level 1:colcon.colcon_core.shell:create_environment_hook('ur_robot_driver', 'ld_library_path_lib')
[80.899s] INFO:colcon.colcon_core.shell:Creating environment hook '/home/huy/ur3_llm_ws/install/ur_robot_driver/share/ur_robot_driver/hook/ld_library_path_lib.ps1'
[80.899s] INFO:colcon.colcon_core.shell:Creating environment descriptor '/home/huy/ur3_llm_ws/install/ur_robot_driver/share/ur_robot_driver/hook/ld_library_path_lib.dsv'
[80.900s] INFO:colcon.colcon_core.shell:Creating environment hook '/home/huy/ur3_llm_ws/install/ur_robot_driver/share/ur_robot_driver/hook/ld_library_path_lib.sh'
[80.900s] Level 1:colcon.colcon_core.environment:checking '/home/huy/ur3_llm_ws/install/ur_robot_driver/bin'
[80.900s] Level 1:colcon.colcon_core.shell:create_environment_hook('ur_robot_driver', 'path')
[80.900s] INFO:colcon.colcon_core.shell:Creating environment hook '/home/huy/ur3_llm_ws/install/ur_robot_driver/share/ur_robot_driver/hook/path.ps1'
[80.900s] INFO:colcon.colcon_core.shell:Creating environment descriptor '/home/huy/ur3_llm_ws/install/ur_robot_driver/share/ur_robot_driver/hook/path.dsv'
[80.900s] INFO:colcon.colcon_core.shell:Creating environment hook '/home/huy/ur3_llm_ws/install/ur_robot_driver/share/ur_robot_driver/hook/path.sh'
[80.900s] Level 1:colcon.colcon_core.environment:checking '/home/huy/ur3_llm_ws/install/ur_robot_driver/lib/pkgconfig/ur_robot_driver.pc'
[80.901s] Level 1:colcon.colcon_core.environment:checking '/home/huy/ur3_llm_ws/install/ur_robot_driver/lib/python3.10/site-packages'
[80.901s] Level 1:colcon.colcon_core.environment:checking '/home/huy/ur3_llm_ws/install/ur_robot_driver/bin'
[80.901s] Level 1:colcon.colcon_core.shell:create_environment_hook('ur_robot_driver', 'pythonscriptspath')
[80.901s] INFO:colcon.colcon_core.shell:Creating environment hook '/home/huy/ur3_llm_ws/install/ur_robot_driver/share/ur_robot_driver/hook/pythonscriptspath.ps1'
[80.901s] INFO:colcon.colcon_core.shell:Creating environment descriptor '/home/huy/ur3_llm_ws/install/ur_robot_driver/share/ur_robot_driver/hook/pythonscriptspath.dsv'
[80.901s] INFO:colcon.colcon_core.shell:Creating environment hook '/home/huy/ur3_llm_ws/install/ur_robot_driver/share/ur_robot_driver/hook/pythonscriptspath.sh'
[80.902s] INFO:colcon.colcon_core.shell:Creating package script '/home/huy/ur3_llm_ws/install/ur_robot_driver/share/ur_robot_driver/package.ps1'
[80.902s] INFO:colcon.colcon_core.shell:Creating package descriptor '/home/huy/ur3_llm_ws/install/ur_robot_driver/share/ur_robot_driver/package.dsv'
[80.902s] INFO:colcon.colcon_core.shell:Creating package script '/home/huy/ur3_llm_ws/install/ur_robot_driver/share/ur_robot_driver/package.sh'
[80.902s] INFO:colcon.colcon_core.shell:Creating package script '/home/huy/ur3_llm_ws/install/ur_robot_driver/share/ur_robot_driver/package.bash'
[80.903s] INFO:colcon.colcon_core.shell:Creating package script '/home/huy/ur3_llm_ws/install/ur_robot_driver/share/ur_robot_driver/package.zsh'
[80.903s] Level 1:colcon.colcon_core.environment:create_file_with_runtime_dependencies(/home/huy/ur3_llm_ws/install/ur_robot_driver/share/colcon-core/packages/ur_robot_driver)
[80.903s] INFO:colcon.colcon_ros.task.ament_cmake.build:Building ROS package in '/home/huy/ur3_llm_ws/src/Universal_Robots_ROS2_Driver/ur_calibration' with build type 'ament_cmake'
[80.903s] INFO:colcon.colcon_cmake.task.cmake.build:Building CMake package in '/home/huy/ur3_llm_ws/src/Universal_Robots_ROS2_Driver/ur_calibration'
[80.903s] INFO:colcon.colcon_core.shell:Skip shell extension 'powershell' for command environment: Not usable outside of PowerShell
[80.903s] DEBUG:colcon.colcon_core.shell:Skip shell extension 'dsv' for command environment
[80.927s] DEBUG:colcon.colcon_core.event_handler.log_command:Invoking command in '/home/huy/ur3_llm_ws/build/ur_calibration': AMENT_PREFIX_PATH=/home/huy/ur3_llm_ws/install/ur_robot_driver:/home/huy/ur3_llm_ws/install/ur_controllers:/home/huy/ur3_llm_ws/install/ur_dashboard_msgs:${AMENT_PREFIX_PATH} CMAKE_PREFIX_PATH=/home/huy/ur3_llm_ws/install/ur_robot_driver:/home/huy/ur3_llm_ws/install/ur_controllers:/home/huy/ur3_llm_ws/install/ur_dashboard_msgs:/home/huy/ros2_ws/install/ur_simulation_gz:/home/huy/ros2_ws/install/ur_letter_writer:/home/huy/xecuahuy_ws/install/xecuahuy:/home/huy/xecuahuy_ws/install/slam_gmapping:/home/huy/xecuahuy_ws/install/openslam_gmapping:/home/huy/xecuahuy_ws/install/aws_robomaker_small_warehouse_world:/home/huy/install/xecuahuy:/home/huy/install/turtlebot3:/home/huy/install/turtlebot3_simulations:/home/huy/install/turtlebot3_bringup:/home/huy/install/turtlebot3_node:/home/huy/install/turtlebot3_fake_node:/home/huy/install/turtlebot3_msgs:/home/huy/install/turtlebot3_gazebo:/home/huy/install/slam_gmapping:/home/huy/install/micro_ros_setup:/home/huy/install/micro_ros_agent:/home/huy/install/micro_ros_msgs:/home/huy/install/dynamixel_sdk_examples:/home/huy/install/dynamixel_sdk_custom_interfaces:/home/huy/install/dynamixel_sdk:/home/huy/install/aws_robomaker_small_warehouse_world:/home/huy/install/turtlebot3_teleop:/home/huy/install/turtlebot3_navigation2:/home/huy/install/turtlebot3_example:/home/huy/install/turtlebot3_manipulation_gazebo:/home/huy/install/turtlebot3_description:/home/huy/install/turtlebot3_cartographer:/home/huy/install/openslam_gmapping:/opt/ros/humble LD_LIBRARY_PATH=/home/huy/ur3_llm_ws/install/ur_robot_driver/lib:/home/huy/ur3_llm_ws/install/ur_controllers/lib:/home/huy/ur3_llm_ws/install/ur_dashboard_msgs/lib:/home/huy/xecuahuy_ws/install/openslam_gmapping/lib:/home/huy/install/turtlebot3_msgs/lib:/home/huy/install/openslam_gmapping/lib:/home/huy/install/micro_ros_agent/lib:/home/huy/install/micro_ros_msgs/lib:/home/huy/install/dynamixel_sdk_custom_interfaces/lib:/home/huy/install/dynamixel_sdk/lib:/usr/lib/x86_64-linux-gnu/gazebo-11/plugins:/opt/ros/humble/opt/rviz_ogre_vendor/lib:/opt/ros/humble/lib/x86_64-linux-gnu:/opt/ros/humble/lib:/usr/lib/x86_64-linux-gnu/gazebo-11/plugins:/usr/lib/x86_64-linux-gnu/gazebo-11/plugins:/usr/lib/x86_64-linux-gnu/gazebo-11/plugins:/usr/lib/x86_64-linux-gnu/gazebo-11/plugins:/usr/lib/x86_64-linux-gnu/gazebo-11/plugins:/usr/lib/x86_64-linux-gnu/gazebo-11/plugins PATH=/home/huy/ur3_llm_ws/install/ur_robot_driver/bin:${PATH} PS1=${debian_chroot:+($debian_chroot)}\[\033[01;32m\]\u@\h\[\033[00m\]:\[\033[01;34m\]\w\[\033[00m\]\$ PYTHONPATH=/home/huy/ur3_llm_ws/install/ur_robot_driver/local/lib/python3.10/dist-packages:/home/huy/ur3_llm_ws/install/ur_dashboard_msgs/local/lib/python3.10/dist-packages:${PYTHONPATH} /usr/bin/cmake /home/huy/ur3_llm_ws/src/Universal_Robots_ROS2_Driver/ur_calibration -DAMENT_CMAKE_SYMLINK_INSTALL=1 -DCMAKE_INSTALL_PREFIX=/home/huy/ur3_llm_ws/install/ur_calibration
[82.242s] DEBUG:colcon.colcon_core.event_handler.log_command:Invoked command in '/home/huy/ur3_llm_ws/build/ur_calibration' returned '0': AMENT_PREFIX_PATH=/home/huy/ur3_llm_ws/install/ur_robot_driver:/home/huy/ur3_llm_ws/install/ur_controllers:/home/huy/ur3_llm_ws/install/ur_dashboard_msgs:${AMENT_PREFIX_PATH} CMAKE_PREFIX_PATH=/home/huy/ur3_llm_ws/install/ur_robot_driver:/home/huy/ur3_llm_ws/install/ur_controllers:/home/huy/ur3_llm_ws/install/ur_dashboard_msgs:/home/huy/ros2_ws/install/ur_simulation_gz:/home/huy/ros2_ws/install/ur_letter_writer:/home/huy/xecuahuy_ws/install/xecuahuy:/home/huy/xecuahuy_ws/install/slam_gmapping:/home/huy/xecuahuy_ws/install/openslam_gmapping:/home/huy/xecuahuy_ws/install/aws_robomaker_small_warehouse_world:/home/huy/install/xecuahuy:/home/huy/install/turtlebot3:/home/huy/install/turtlebot3_simulations:/home/huy/install/turtlebot3_bringup:/home/huy/install/turtlebot3_node:/home/huy/install/turtlebot3_fake_node:/home/huy/install/turtlebot3_msgs:/home/huy/install/turtlebot3_gazebo:/home/huy/install/slam_gmapping:/home/huy/install/micro_ros_setup:/home/huy/install/micro_ros_agent:/home/huy/install/micro_ros_msgs:/home/huy/install/dynamixel_sdk_examples:/home/huy/install/dynamixel_sdk_custom_interfaces:/home/huy/install/dynamixel_sdk:/home/huy/install/aws_robomaker_small_warehouse_world:/home/huy/install/turtlebot3_teleop:/home/huy/install/turtlebot3_navigation2:/home/huy/install/turtlebot3_example:/home/huy/install/turtlebot3_manipulation_gazebo:/home/huy/install/turtlebot3_description:/home/huy/install/turtlebot3_cartographer:/home/huy/install/openslam_gmapping:/opt/ros/humble LD_LIBRARY_PATH=/home/huy/ur3_llm_ws/install/ur_robot_driver/lib:/home/huy/ur3_llm_ws/install/ur_controllers/lib:/home/huy/ur3_llm_ws/install/ur_dashboard_msgs/lib:/home/huy/xecuahuy_ws/install/openslam_gmapping/lib:/home/huy/install/turtlebot3_msgs/lib:/home/huy/install/openslam_gmapping/lib:/home/huy/install/micro_ros_agent/lib:/home/huy/install/micro_ros_msgs/lib:/home/huy/install/dynamixel_sdk_custom_interfaces/lib:/home/huy/install/dynamixel_sdk/lib:/usr/lib/x86_64-linux-gnu/gazebo-11/plugins:/opt/ros/humble/opt/rviz_ogre_vendor/lib:/opt/ros/humble/lib/x86_64-linux-gnu:/opt/ros/humble/lib:/usr/lib/x86_64-linux-gnu/gazebo-11/plugins:/usr/lib/x86_64-linux-gnu/gazebo-11/plugins:/usr/lib/x86_64-linux-gnu/gazebo-11/plugins:/usr/lib/x86_64-linux-gnu/gazebo-11/plugins:/usr/lib/x86_64-linux-gnu/gazebo-11/plugins:/usr/lib/x86_64-linux-gnu/gazebo-11/plugins PATH=/home/huy/ur3_llm_ws/install/ur_robot_driver/bin:${PATH} PS1=${debian_chroot:+($debian_chroot)}\[\033[01;32m\]\u@\h\[\033[00m\]:\[\033[01;34m\]\w\[\033[00m\]\$ PYTHONPATH=/home/huy/ur3_llm_ws/install/ur_robot_driver/local/lib/python3.10/dist-packages:/home/huy/ur3_llm_ws/install/ur_dashboard_msgs/local/lib/python3.10/dist-packages:${PYTHONPATH} /usr/bin/cmake /home/huy/ur3_llm_ws/src/Universal_Robots_ROS2_Driver/ur_calibration -DAMENT_CMAKE_SYMLINK_INSTALL=1 -DCMAKE_INSTALL_PREFIX=/home/huy/ur3_llm_ws/install/ur_calibration
[82.243s] DEBUG:colcon.colcon_core.event_handler.log_command:Invoking command in '/home/huy/ur3_llm_ws/build/ur_calibration': AMENT_PREFIX_PATH=/home/huy/ur3_llm_ws/install/ur_robot_driver:/home/huy/ur3_llm_ws/install/ur_controllers:/home/huy/ur3_llm_ws/install/ur_dashboard_msgs:${AMENT_PREFIX_PATH} CMAKE_PREFIX_PATH=/home/huy/ur3_llm_ws/install/ur_robot_driver:/home/huy/ur3_llm_ws/install/ur_controllers:/home/huy/ur3_llm_ws/install/ur_dashboard_msgs:/home/huy/ros2_ws/install/ur_simulation_gz:/home/huy/ros2_ws/install/ur_letter_writer:/home/huy/xecuahuy_ws/install/xecuahuy:/home/huy/xecuahuy_ws/install/slam_gmapping:/home/huy/xecuahuy_ws/install/openslam_gmapping:/home/huy/xecuahuy_ws/install/aws_robomaker_small_warehouse_world:/home/huy/install/xecuahuy:/home/huy/install/turtlebot3:/home/huy/install/turtlebot3_simulations:/home/huy/install/turtlebot3_bringup:/home/huy/install/turtlebot3_node:/home/huy/install/turtlebot3_fake_node:/home/huy/install/turtlebot3_msgs:/home/huy/install/turtlebot3_gazebo:/home/huy/install/slam_gmapping:/home/huy/install/micro_ros_setup:/home/huy/install/micro_ros_agent:/home/huy/install/micro_ros_msgs:/home/huy/install/dynamixel_sdk_examples:/home/huy/install/dynamixel_sdk_custom_interfaces:/home/huy/install/dynamixel_sdk:/home/huy/install/aws_robomaker_small_warehouse_world:/home/huy/install/turtlebot3_teleop:/home/huy/install/turtlebot3_navigation2:/home/huy/install/turtlebot3_example:/home/huy/install/turtlebot3_manipulation_gazebo:/home/huy/install/turtlebot3_description:/home/huy/install/turtlebot3_cartographer:/home/huy/install/openslam_gmapping:/opt/ros/humble LD_LIBRARY_PATH=/home/huy/ur3_llm_ws/install/ur_robot_driver/lib:/home/huy/ur3_llm_ws/install/ur_controllers/lib:/home/huy/ur3_llm_ws/install/ur_dashboard_msgs/lib:/home/huy/xecuahuy_ws/install/openslam_gmapping/lib:/home/huy/install/turtlebot3_msgs/lib:/home/huy/install/openslam_gmapping/lib:/home/huy/install/micro_ros_agent/lib:/home/huy/install/micro_ros_msgs/lib:/home/huy/install/dynamixel_sdk_custom_interfaces/lib:/home/huy/install/dynamixel_sdk/lib:/usr/lib/x86_64-linux-gnu/gazebo-11/plugins:/opt/ros/humble/opt/rviz_ogre_vendor/lib:/opt/ros/humble/lib/x86_64-linux-gnu:/opt/ros/humble/lib:/usr/lib/x86_64-linux-gnu/gazebo-11/plugins:/usr/lib/x86_64-linux-gnu/gazebo-11/plugins:/usr/lib/x86_64-linux-gnu/gazebo-11/plugins:/usr/lib/x86_64-linux-gnu/gazebo-11/plugins:/usr/lib/x86_64-linux-gnu/gazebo-11/plugins:/usr/lib/x86_64-linux-gnu/gazebo-11/plugins PATH=/home/huy/ur3_llm_ws/install/ur_robot_driver/bin:${PATH} PS1=${debian_chroot:+($debian_chroot)}\[\033[01;32m\]\u@\h\[\033[00m\]:\[\033[01;34m\]\w\[\033[00m\]\$ PYTHONPATH=/home/huy/ur3_llm_ws/install/ur_robot_driver/local/lib/python3.10/dist-packages:/home/huy/ur3_llm_ws/install/ur_dashboard_msgs/local/lib/python3.10/dist-packages:${PYTHONPATH} /usr/bin/cmake --build /home/huy/ur3_llm_ws/build/ur_calibration -- -j12 -l12
[105.633s] DEBUG:colcon.colcon_core.event_handler.log_command:Invoked command in '/home/huy/ur3_llm_ws/build/ur_calibration' returned '0': AMENT_PREFIX_PATH=/home/huy/ur3_llm_ws/install/ur_robot_driver:/home/huy/ur3_llm_ws/install/ur_controllers:/home/huy/ur3_llm_ws/install/ur_dashboard_msgs:${AMENT_PREFIX_PATH} CMAKE_PREFIX_PATH=/home/huy/ur3_llm_ws/install/ur_robot_driver:/home/huy/ur3_llm_ws/install/ur_controllers:/home/huy/ur3_llm_ws/install/ur_dashboard_msgs:/home/huy/ros2_ws/install/ur_simulation_gz:/home/huy/ros2_ws/install/ur_letter_writer:/home/huy/xecuahuy_ws/install/xecuahuy:/home/huy/xecuahuy_ws/install/slam_gmapping:/home/huy/xecuahuy_ws/install/openslam_gmapping:/home/huy/xecuahuy_ws/install/aws_robomaker_small_warehouse_world:/home/huy/install/xecuahuy:/home/huy/install/turtlebot3:/home/huy/install/turtlebot3_simulations:/home/huy/install/turtlebot3_bringup:/home/huy/install/turtlebot3_node:/home/huy/install/turtlebot3_fake_node:/home/huy/install/turtlebot3_msgs:/home/huy/install/turtlebot3_gazebo:/home/huy/install/slam_gmapping:/home/huy/install/micro_ros_setup:/home/huy/install/micro_ros_agent:/home/huy/install/micro_ros_msgs:/home/huy/install/dynamixel_sdk_examples:/home/huy/install/dynamixel_sdk_custom_interfaces:/home/huy/install/dynamixel_sdk:/home/huy/install/aws_robomaker_small_warehouse_world:/home/huy/install/turtlebot3_teleop:/home/huy/install/turtlebot3_navigation2:/home/huy/install/turtlebot3_example:/home/huy/install/turtlebot3_manipulation_gazebo:/home/huy/install/turtlebot3_description:/home/huy/install/turtlebot3_cartographer:/home/huy/install/openslam_gmapping:/opt/ros/humble LD_LIBRARY_PATH=/home/huy/ur3_llm_ws/install/ur_robot_driver/lib:/home/huy/ur3_llm_ws/install/ur_controllers/lib:/home/huy/ur3_llm_ws/install/ur_dashboard_msgs/lib:/home/huy/xecuahuy_ws/install/openslam_gmapping/lib:/home/huy/install/turtlebot3_msgs/lib:/home/huy/install/openslam_gmapping/lib:/home/huy/install/micro_ros_agent/lib:/home/huy/install/micro_ros_msgs/lib:/home/huy/install/dynamixel_sdk_custom_interfaces/lib:/home/huy/install/dynamixel_sdk/lib:/usr/lib/x86_64-linux-gnu/gazebo-11/plugins:/opt/ros/humble/opt/rviz_ogre_vendor/lib:/opt/ros/humble/lib/x86_64-linux-gnu:/opt/ros/humble/lib:/usr/lib/x86_64-linux-gnu/gazebo-11/plugins:/usr/lib/x86_64-linux-gnu/gazebo-11/plugins:/usr/lib/x86_64-linux-gnu/gazebo-11/plugins:/usr/lib/x86_64-linux-gnu/gazebo-11/plugins:/usr/lib/x86_64-linux-gnu/gazebo-11/plugins:/usr/lib/x86_64-linux-gnu/gazebo-11/plugins PATH=/home/huy/ur3_llm_ws/install/ur_robot_driver/bin:${PATH} PS1=${debian_chroot:+($debian_chroot)}\[\033[01;32m\]\u@\h\[\033[00m\]:\[\033[01;34m\]\w\[\033[00m\]\$ PYTHONPATH=/home/huy/ur3_llm_ws/install/ur_robot_driver/local/lib/python3.10/dist-packages:/home/huy/ur3_llm_ws/install/ur_dashboard_msgs/local/lib/python3.10/dist-packages:${PYTHONPATH} /usr/bin/cmake --build /home/huy/ur3_llm_ws/build/ur_calibration -- -j12 -l12
[105.637s] DEBUG:colcon.colcon_core.event_handler.log_command:Invoking command in '/home/huy/ur3_llm_ws/build/ur_calibration': AMENT_PREFIX_PATH=/home/huy/ur3_llm_ws/install/ur_robot_driver:/home/huy/ur3_llm_ws/install/ur_controllers:/home/huy/ur3_llm_ws/install/ur_dashboard_msgs:${AMENT_PREFIX_PATH} CMAKE_PREFIX_PATH=/home/huy/ur3_llm_ws/install/ur_robot_driver:/home/huy/ur3_llm_ws/install/ur_controllers:/home/huy/ur3_llm_ws/install/ur_dashboard_msgs:/home/huy/ros2_ws/install/ur_simulation_gz:/home/huy/ros2_ws/install/ur_letter_writer:/home/huy/xecuahuy_ws/install/xecuahuy:/home/huy/xecuahuy_ws/install/slam_gmapping:/home/huy/xecuahuy_ws/install/openslam_gmapping:/home/huy/xecuahuy_ws/install/aws_robomaker_small_warehouse_world:/home/huy/install/xecuahuy:/home/huy/install/turtlebot3:/home/huy/install/turtlebot3_simulations:/home/huy/install/turtlebot3_bringup:/home/huy/install/turtlebot3_node:/home/huy/install/turtlebot3_fake_node:/home/huy/install/turtlebot3_msgs:/home/huy/install/turtlebot3_gazebo:/home/huy/install/slam_gmapping:/home/huy/install/micro_ros_setup:/home/huy/install/micro_ros_agent:/home/huy/install/micro_ros_msgs:/home/huy/install/dynamixel_sdk_examples:/home/huy/install/dynamixel_sdk_custom_interfaces:/home/huy/install/dynamixel_sdk:/home/huy/install/aws_robomaker_small_warehouse_world:/home/huy/install/turtlebot3_teleop:/home/huy/install/turtlebot3_navigation2:/home/huy/install/turtlebot3_example:/home/huy/install/turtlebot3_manipulation_gazebo:/home/huy/install/turtlebot3_description:/home/huy/install/turtlebot3_cartographer:/home/huy/install/openslam_gmapping:/opt/ros/humble LD_LIBRARY_PATH=/home/huy/ur3_llm_ws/install/ur_robot_driver/lib:/home/huy/ur3_llm_ws/install/ur_controllers/lib:/home/huy/ur3_llm_ws/install/ur_dashboard_msgs/lib:/home/huy/xecuahuy_ws/install/openslam_gmapping/lib:/home/huy/install/turtlebot3_msgs/lib:/home/huy/install/openslam_gmapping/lib:/home/huy/install/micro_ros_agent/lib:/home/huy/install/micro_ros_msgs/lib:/home/huy/install/dynamixel_sdk_custom_interfaces/lib:/home/huy/install/dynamixel_sdk/lib:/usr/lib/x86_64-linux-gnu/gazebo-11/plugins:/opt/ros/humble/opt/rviz_ogre_vendor/lib:/opt/ros/humble/lib/x86_64-linux-gnu:/opt/ros/humble/lib:/usr/lib/x86_64-linux-gnu/gazebo-11/plugins:/usr/lib/x86_64-linux-gnu/gazebo-11/plugins:/usr/lib/x86_64-linux-gnu/gazebo-11/plugins:/usr/lib/x86_64-linux-gnu/gazebo-11/plugins:/usr/lib/x86_64-linux-gnu/gazebo-11/plugins:/usr/lib/x86_64-linux-gnu/gazebo-11/plugins PATH=/home/huy/ur3_llm_ws/install/ur_robot_driver/bin:${PATH} PS1=${debian_chroot:+($debian_chroot)}\[\033[01;32m\]\u@\h\[\033[00m\]:\[\033[01;34m\]\w\[\033[00m\]\$ PYTHONPATH=/home/huy/ur3_llm_ws/install/ur_robot_driver/local/lib/python3.10/dist-packages:/home/huy/ur3_llm_ws/install/ur_dashboard_msgs/local/lib/python3.10/dist-packages:${PYTHONPATH} /usr/bin/cmake --install /home/huy/ur3_llm_ws/build/ur_calibration
[106.647s] Level 1:colcon.colcon_core.environment:create_environment_scripts_only(ur_calibration)
[106.647s] Level 1:colcon.colcon_core.environment:checking '/home/huy/ur3_llm_ws/install/ur_calibration' for CMake module files
[106.647s] DEBUG:colcon.colcon_core.event_handler.log_command:Invoked command in '/home/huy/ur3_llm_ws/build/ur_calibration' returned '0': AMENT_PREFIX_PATH=/home/huy/ur3_llm_ws/install/ur_robot_driver:/home/huy/ur3_llm_ws/install/ur_controllers:/home/huy/ur3_llm_ws/install/ur_dashboard_msgs:${AMENT_PREFIX_PATH} CMAKE_PREFIX_PATH=/home/huy/ur3_llm_ws/install/ur_robot_driver:/home/huy/ur3_llm_ws/install/ur_controllers:/home/huy/ur3_llm_ws/install/ur_dashboard_msgs:/home/huy/ros2_ws/install/ur_simulation_gz:/home/huy/ros2_ws/install/ur_letter_writer:/home/huy/xecuahuy_ws/install/xecuahuy:/home/huy/xecuahuy_ws/install/slam_gmapping:/home/huy/xecuahuy_ws/install/openslam_gmapping:/home/huy/xecuahuy_ws/install/aws_robomaker_small_warehouse_world:/home/huy/install/xecuahuy:/home/huy/install/turtlebot3:/home/huy/install/turtlebot3_simulations:/home/huy/install/turtlebot3_bringup:/home/huy/install/turtlebot3_node:/home/huy/install/turtlebot3_fake_node:/home/huy/install/turtlebot3_msgs:/home/huy/install/turtlebot3_gazebo:/home/huy/install/slam_gmapping:/home/huy/install/micro_ros_setup:/home/huy/install/micro_ros_agent:/home/huy/install/micro_ros_msgs:/home/huy/install/dynamixel_sdk_examples:/home/huy/install/dynamixel_sdk_custom_interfaces:/home/huy/install/dynamixel_sdk:/home/huy/install/aws_robomaker_small_warehouse_world:/home/huy/install/turtlebot3_teleop:/home/huy/install/turtlebot3_navigation2:/home/huy/install/turtlebot3_example:/home/huy/install/turtlebot3_manipulation_gazebo:/home/huy/install/turtlebot3_description:/home/huy/install/turtlebot3_cartographer:/home/huy/install/openslam_gmapping:/opt/ros/humble LD_LIBRARY_PATH=/home/huy/ur3_llm_ws/install/ur_robot_driver/lib:/home/huy/ur3_llm_ws/install/ur_controllers/lib:/home/huy/ur3_llm_ws/install/ur_dashboard_msgs/lib:/home/huy/xecuahuy_ws/install/openslam_gmapping/lib:/home/huy/install/turtlebot3_msgs/lib:/home/huy/install/openslam_gmapping/lib:/home/huy/install/micro_ros_agent/lib:/home/huy/install/micro_ros_msgs/lib:/home/huy/install/dynamixel_sdk_custom_interfaces/lib:/home/huy/install/dynamixel_sdk/lib:/usr/lib/x86_64-linux-gnu/gazebo-11/plugins:/opt/ros/humble/opt/rviz_ogre_vendor/lib:/opt/ros/humble/lib/x86_64-linux-gnu:/opt/ros/humble/lib:/usr/lib/x86_64-linux-gnu/gazebo-11/plugins:/usr/lib/x86_64-linux-gnu/gazebo-11/plugins:/usr/lib/x86_64-linux-gnu/gazebo-11/plugins:/usr/lib/x86_64-linux-gnu/gazebo-11/plugins:/usr/lib/x86_64-linux-gnu/gazebo-11/plugins:/usr/lib/x86_64-linux-gnu/gazebo-11/plugins PATH=/home/huy/ur3_llm_ws/install/ur_robot_driver/bin:${PATH} PS1=${debian_chroot:+($debian_chroot)}\[\033[01;32m\]\u@\h\[\033[00m\]:\[\033[01;34m\]\w\[\033[00m\]\$ PYTHONPATH=/home/huy/ur3_llm_ws/install/ur_robot_driver/local/lib/python3.10/dist-packages:/home/huy/ur3_llm_ws/install/ur_dashboard_msgs/local/lib/python3.10/dist-packages:${PYTHONPATH} /usr/bin/cmake --install /home/huy/ur3_llm_ws/build/ur_calibration
[106.648s] Level 1:colcon.colcon_core.environment:checking '/home/huy/ur3_llm_ws/install/ur_calibration' for CMake config files
[106.648s] Level 1:colcon.colcon_core.shell:create_environment_hook('ur_calibration', 'cmake_prefix_path')
[106.648s] INFO:colcon.colcon_core.shell:Creating environment hook '/home/huy/ur3_llm_ws/install/ur_calibration/share/ur_calibration/hook/cmake_prefix_path.ps1'
[106.649s] INFO:colcon.colcon_core.shell:Creating environment descriptor '/home/huy/ur3_llm_ws/install/ur_calibration/share/ur_calibration/hook/cmake_prefix_path.dsv'
[106.649s] INFO:colcon.colcon_core.shell:Creating environment hook '/home/huy/ur3_llm_ws/install/ur_calibration/share/ur_calibration/hook/cmake_prefix_path.sh'
[106.649s] Level 1:colcon.colcon_core.environment:checking '/home/huy/ur3_llm_ws/install/ur_calibration/lib'
[106.649s] Level 1:colcon.colcon_core.environment:checking '/home/huy/ur3_llm_ws/install/ur_calibration/bin'
[106.649s] Level 1:colcon.colcon_core.environment:checking '/home/huy/ur3_llm_ws/install/ur_calibration/lib/pkgconfig/ur_calibration.pc'
[106.649s] Level 1:colcon.colcon_core.environment:checking '/home/huy/ur3_llm_ws/install/ur_calibration/lib/python3.10/site-packages'
[106.649s] Level 1:colcon.colcon_core.environment:checking '/home/huy/ur3_llm_ws/install/ur_calibration/bin'
[106.650s] INFO:colcon.colcon_core.shell:Creating package script '/home/huy/ur3_llm_ws/install/ur_calibration/share/ur_calibration/package.ps1'
[106.650s] INFO:colcon.colcon_core.shell:Creating package descriptor '/home/huy/ur3_llm_ws/install/ur_calibration/share/ur_calibration/package.dsv'
[106.650s] INFO:colcon.colcon_core.shell:Creating package script '/home/huy/ur3_llm_ws/install/ur_calibration/share/ur_calibration/package.sh'
[106.650s] INFO:colcon.colcon_core.shell:Creating package script '/home/huy/ur3_llm_ws/install/ur_calibration/share/ur_calibration/package.bash'
[106.650s] INFO:colcon.colcon_core.shell:Creating package script '/home/huy/ur3_llm_ws/install/ur_calibration/share/ur_calibration/package.zsh'
[106.651s] Level 1:colcon.colcon_core.environment:create_file_with_runtime_dependencies(/home/huy/ur3_llm_ws/install/ur_calibration/share/colcon-core/packages/ur_calibration)
[106.651s] Level 1:colcon.colcon_core.environment:create_environment_scripts_only(ur_calibration)
[106.651s] Level 1:colcon.colcon_core.environment:checking '/home/huy/ur3_llm_ws/install/ur_calibration' for CMake module files
[106.651s] Level 1:colcon.colcon_core.environment:checking '/home/huy/ur3_llm_ws/install/ur_calibration' for CMake config files
[106.651s] Level 1:colcon.colcon_core.shell:create_environment_hook('ur_calibration', 'cmake_prefix_path')
[106.651s] INFO:colcon.colcon_core.shell:Creating environment hook '/home/huy/ur3_llm_ws/install/ur_calibration/share/ur_calibration/hook/cmake_prefix_path.ps1'
[106.693s] INFO:colcon.colcon_core.shell:Creating environment descriptor '/home/huy/ur3_llm_ws/install/ur_calibration/share/ur_calibration/hook/cmake_prefix_path.dsv'
[106.717s] INFO:colcon.colcon_core.shell:Creating environment hook '/home/huy/ur3_llm_ws/install/ur_calibration/share/ur_calibration/hook/cmake_prefix_path.sh'
[106.741s] Level 1:colcon.colcon_core.environment:checking '/home/huy/ur3_llm_ws/install/ur_calibration/lib'
[106.741s] Level 1:colcon.colcon_core.environment:checking '/home/huy/ur3_llm_ws/install/ur_calibration/bin'
[106.741s] Level 1:colcon.colcon_core.environment:checking '/home/huy/ur3_llm_ws/install/ur_calibration/lib/pkgconfig/ur_calibration.pc'
[106.742s] Level 1:colcon.colcon_core.environment:checking '/home/huy/ur3_llm_ws/install/ur_calibration/lib/python3.10/site-packages'
[106.743s] Level 1:colcon.colcon_core.environment:checking '/home/huy/ur3_llm_ws/install/ur_calibration/bin'
[106.744s] INFO:colcon.colcon_core.shell:Creating package script '/home/huy/ur3_llm_ws/install/ur_calibration/share/ur_calibration/package.ps1'
[106.769s] INFO:colcon.colcon_core.shell:Creating package descriptor '/home/huy/ur3_llm_ws/install/ur_calibration/share/ur_calibration/package.dsv'
[106.857s] INFO:colcon.colcon_core.shell:Creating package script '/home/huy/ur3_llm_ws/install/ur_calibration/share/ur_calibration/package.sh'
[106.873s] INFO:colcon.colcon_core.shell:Creating package script '/home/huy/ur3_llm_ws/install/ur_calibration/share/ur_calibration/package.bash'
[106.977s] INFO:colcon.colcon_core.shell:Creating package script '/home/huy/ur3_llm_ws/install/ur_calibration/share/ur_calibration/package.zsh'
[107.081s] Level 1:colcon.colcon_core.environment:create_file_with_runtime_dependencies(/home/huy/ur3_llm_ws/install/ur_calibration/share/colcon-core/packages/ur_calibration)
[107.082s] INFO:colcon.colcon_ros.task.ament_cmake.build:Building ROS package in '/home/huy/ur3_llm_ws/src/Universal_Robots_ROS2_Driver/ur' with build type 'ament_cmake'
[107.083s] INFO:colcon.colcon_cmake.task.cmake.build:Building CMake package in '/home/huy/ur3_llm_ws/src/Universal_Robots_ROS2_Driver/ur'
[107.084s] INFO:colcon.colcon_core.shell:Skip shell extension 'powershell' for command environment: Not usable outside of PowerShell
[107.084s] DEBUG:colcon.colcon_core.shell:Skip shell extension 'dsv' for command environment
[108.016s] DEBUG:colcon.colcon_core.event_handler.log_command:Invoking command in '/home/huy/ur3_llm_ws/build/ur': AMENT_PREFIX_PATH=/home/huy/ur3_llm_ws/install/ur_calibration:/home/huy/ur3_llm_ws/install/ur_robot_driver:/home/huy/ur3_llm_ws/install/ur_controllers:/home/huy/ur3_llm_ws/install/ur_moveit_config:/home/huy/ur3_llm_ws/install/ur_dashboard_msgs:${AMENT_PREFIX_PATH} CMAKE_PREFIX_PATH=/home/huy/ur3_llm_ws/install/ur_calibration:/home/huy/ur3_llm_ws/install/ur_robot_driver:/home/huy/ur3_llm_ws/install/ur_controllers:/home/huy/ur3_llm_ws/install/ur_moveit_config:/home/huy/ur3_llm_ws/install/ur_dashboard_msgs:/home/huy/ros2_ws/install/ur_simulation_gz:/home/huy/ros2_ws/install/ur_letter_writer:/home/huy/xecuahuy_ws/install/xecuahuy:/home/huy/xecuahuy_ws/install/slam_gmapping:/home/huy/xecuahuy_ws/install/openslam_gmapping:/home/huy/xecuahuy_ws/install/aws_robomaker_small_warehouse_world:/home/huy/install/xecuahuy:/home/huy/install/turtlebot3:/home/huy/install/turtlebot3_simulations:/home/huy/install/turtlebot3_bringup:/home/huy/install/turtlebot3_node:/home/huy/install/turtlebot3_fake_node:/home/huy/install/turtlebot3_msgs:/home/huy/install/turtlebot3_gazebo:/home/huy/install/slam_gmapping:/home/huy/install/micro_ros_setup:/home/huy/install/micro_ros_agent:/home/huy/install/micro_ros_msgs:/home/huy/install/dynamixel_sdk_examples:/home/huy/install/dynamixel_sdk_custom_interfaces:/home/huy/install/dynamixel_sdk:/home/huy/install/aws_robomaker_small_warehouse_world:/home/huy/install/turtlebot3_teleop:/home/huy/install/turtlebot3_navigation2:/home/huy/install/turtlebot3_example:/home/huy/install/turtlebot3_manipulation_gazebo:/home/huy/install/turtlebot3_description:/home/huy/install/turtlebot3_cartographer:/home/huy/install/openslam_gmapping:/opt/ros/humble LD_LIBRARY_PATH=/home/huy/ur3_llm_ws/install/ur_robot_driver/lib:/home/huy/ur3_llm_ws/install/ur_controllers/lib:/home/huy/ur3_llm_ws/install/ur_dashboard_msgs/lib:/home/huy/xecuahuy_ws/install/openslam_gmapping/lib:/home/huy/install/turtlebot3_msgs/lib:/home/huy/install/openslam_gmapping/lib:/home/huy/install/micro_ros_agent/lib:/home/huy/install/micro_ros_msgs/lib:/home/huy/install/dynamixel_sdk_custom_interfaces/lib:/home/huy/install/dynamixel_sdk/lib:/usr/lib/x86_64-linux-gnu/gazebo-11/plugins:/opt/ros/humble/opt/rviz_ogre_vendor/lib:/opt/ros/humble/lib/x86_64-linux-gnu:/opt/ros/humble/lib:/usr/lib/x86_64-linux-gnu/gazebo-11/plugins:/usr/lib/x86_64-linux-gnu/gazebo-11/plugins:/usr/lib/x86_64-linux-gnu/gazebo-11/plugins:/usr/lib/x86_64-linux-gnu/gazebo-11/plugins:/usr/lib/x86_64-linux-gnu/gazebo-11/plugins:/usr/lib/x86_64-linux-gnu/gazebo-11/plugins PATH=/home/huy/ur3_llm_ws/install/ur_robot_driver/bin:${PATH} PS1=${debian_chroot:+($debian_chroot)}\[\033[01;32m\]\u@\h\[\033[00m\]:\[\033[01;34m\]\w\[\033[00m\]\$ PYTHONPATH=/home/huy/ur3_llm_ws/install/ur_robot_driver/local/lib/python3.10/dist-packages:/home/huy/ur3_llm_ws/install/ur_moveit_config/local/lib/python3.10/dist-packages:/home/huy/ur3_llm_ws/install/ur_dashboard_msgs/local/lib/python3.10/dist-packages:${PYTHONPATH} /usr/bin/cmake /home/huy/ur3_llm_ws/src/Universal_Robots_ROS2_Driver/ur -DAMENT_CMAKE_SYMLINK_INSTALL=1 -DCMAKE_INSTALL_PREFIX=/home/huy/ur3_llm_ws/install/ur
[112.726s] DEBUG:colcon.colcon_core.event_handler.log_command:Invoked command in '/home/huy/ur3_llm_ws/build/ur' returned '0': AMENT_PREFIX_PATH=/home/huy/ur3_llm_ws/install/ur_calibration:/home/huy/ur3_llm_ws/install/ur_robot_driver:/home/huy/ur3_llm_ws/install/ur_controllers:/home/huy/ur3_llm_ws/install/ur_moveit_config:/home/huy/ur3_llm_ws/install/ur_dashboard_msgs:${AMENT_PREFIX_PATH} CMAKE_PREFIX_PATH=/home/huy/ur3_llm_ws/install/ur_calibration:/home/huy/ur3_llm_ws/install/ur_robot_driver:/home/huy/ur3_llm_ws/install/ur_controllers:/home/huy/ur3_llm_ws/install/ur_moveit_config:/home/huy/ur3_llm_ws/install/ur_dashboard_msgs:/home/huy/ros2_ws/install/ur_simulation_gz:/home/huy/ros2_ws/install/ur_letter_writer:/home/huy/xecuahuy_ws/install/xecuahuy:/home/huy/xecuahuy_ws/install/slam_gmapping:/home/huy/xecuahuy_ws/install/openslam_gmapping:/home/huy/xecuahuy_ws/install/aws_robomaker_small_warehouse_world:/home/huy/install/xecuahuy:/home/huy/install/turtlebot3:/home/huy/install/turtlebot3_simulations:/home/huy/install/turtlebot3_bringup:/home/huy/install/turtlebot3_node:/home/huy/install/turtlebot3_fake_node:/home/huy/install/turtlebot3_msgs:/home/huy/install/turtlebot3_gazebo:/home/huy/install/slam_gmapping:/home/huy/install/micro_ros_setup:/home/huy/install/micro_ros_agent:/home/huy/install/micro_ros_msgs:/home/huy/install/dynamixel_sdk_examples:/home/huy/install/dynamixel_sdk_custom_interfaces:/home/huy/install/dynamixel_sdk:/home/huy/install/aws_robomaker_small_warehouse_world:/home/huy/install/turtlebot3_teleop:/home/huy/install/turtlebot3_navigation2:/home/huy/install/turtlebot3_example:/home/huy/install/turtlebot3_manipulation_gazebo:/home/huy/install/turtlebot3_description:/home/huy/install/turtlebot3_cartographer:/home/huy/install/openslam_gmapping:/opt/ros/humble LD_LIBRARY_PATH=/home/huy/ur3_llm_ws/install/ur_robot_driver/lib:/home/huy/ur3_llm_ws/install/ur_controllers/lib:/home/huy/ur3_llm_ws/install/ur_dashboard_msgs/lib:/home/huy/xecuahuy_ws/install/openslam_gmapping/lib:/home/huy/install/turtlebot3_msgs/lib:/home/huy/install/openslam_gmapping/lib:/home/huy/install/micro_ros_agent/lib:/home/huy/install/micro_ros_msgs/lib:/home/huy/install/dynamixel_sdk_custom_interfaces/lib:/home/huy/install/dynamixel_sdk/lib:/usr/lib/x86_64-linux-gnu/gazebo-11/plugins:/opt/ros/humble/opt/rviz_ogre_vendor/lib:/opt/ros/humble/lib/x86_64-linux-gnu:/opt/ros/humble/lib:/usr/lib/x86_64-linux-gnu/gazebo-11/plugins:/usr/lib/x86_64-linux-gnu/gazebo-11/plugins:/usr/lib/x86_64-linux-gnu/gazebo-11/plugins:/usr/lib/x86_64-linux-gnu/gazebo-11/plugins:/usr/lib/x86_64-linux-gnu/gazebo-11/plugins:/usr/lib/x86_64-linux-gnu/gazebo-11/plugins PATH=/home/huy/ur3_llm_ws/install/ur_robot_driver/bin:${PATH} PS1=${debian_chroot:+($debian_chroot)}\[\033[01;32m\]\u@\h\[\033[00m\]:\[\033[01;34m\]\w\[\033[00m\]\$ PYTHONPATH=/home/huy/ur3_llm_ws/install/ur_robot_driver/local/lib/python3.10/dist-packages:/home/huy/ur3_llm_ws/install/ur_moveit_config/local/lib/python3.10/dist-packages:/home/huy/ur3_llm_ws/install/ur_dashboard_msgs/local/lib/python3.10/dist-packages:${PYTHONPATH} /usr/bin/cmake /home/huy/ur3_llm_ws/src/Universal_Robots_ROS2_Driver/ur -DAMENT_CMAKE_SYMLINK_INSTALL=1 -DCMAKE_INSTALL_PREFIX=/home/huy/ur3_llm_ws/install/ur
[112.729s] DEBUG:colcon.colcon_core.event_handler.log_command:Invoking command in '/home/huy/ur3_llm_ws/build/ur': AMENT_PREFIX_PATH=/home/huy/ur3_llm_ws/install/ur_calibration:/home/huy/ur3_llm_ws/install/ur_robot_driver:/home/huy/ur3_llm_ws/install/ur_controllers:/home/huy/ur3_llm_ws/install/ur_moveit_config:/home/huy/ur3_llm_ws/install/ur_dashboard_msgs:${AMENT_PREFIX_PATH} CMAKE_PREFIX_PATH=/home/huy/ur3_llm_ws/install/ur_calibration:/home/huy/ur3_llm_ws/install/ur_robot_driver:/home/huy/ur3_llm_ws/install/ur_controllers:/home/huy/ur3_llm_ws/install/ur_moveit_config:/home/huy/ur3_llm_ws/install/ur_dashboard_msgs:/home/huy/ros2_ws/install/ur_simulation_gz:/home/huy/ros2_ws/install/ur_letter_writer:/home/huy/xecuahuy_ws/install/xecuahuy:/home/huy/xecuahuy_ws/install/slam_gmapping:/home/huy/xecuahuy_ws/install/openslam_gmapping:/home/huy/xecuahuy_ws/install/aws_robomaker_small_warehouse_world:/home/huy/install/xecuahuy:/home/huy/install/turtlebot3:/home/huy/install/turtlebot3_simulations:/home/huy/install/turtlebot3_bringup:/home/huy/install/turtlebot3_node:/home/huy/install/turtlebot3_fake_node:/home/huy/install/turtlebot3_msgs:/home/huy/install/turtlebot3_gazebo:/home/huy/install/slam_gmapping:/home/huy/install/micro_ros_setup:/home/huy/install/micro_ros_agent:/home/huy/install/micro_ros_msgs:/home/huy/install/dynamixel_sdk_examples:/home/huy/install/dynamixel_sdk_custom_interfaces:/home/huy/install/dynamixel_sdk:/home/huy/install/aws_robomaker_small_warehouse_world:/home/huy/install/turtlebot3_teleop:/home/huy/install/turtlebot3_navigation2:/home/huy/install/turtlebot3_example:/home/huy/install/turtlebot3_manipulation_gazebo:/home/huy/install/turtlebot3_description:/home/huy/install/turtlebot3_cartographer:/home/huy/install/openslam_gmapping:/opt/ros/humble LD_LIBRARY_PATH=/home/huy/ur3_llm_ws/install/ur_robot_driver/lib:/home/huy/ur3_llm_ws/install/ur_controllers/lib:/home/huy/ur3_llm_ws/install/ur_dashboard_msgs/lib:/home/huy/xecuahuy_ws/install/openslam_gmapping/lib:/home/huy/install/turtlebot3_msgs/lib:/home/huy/install/openslam_gmapping/lib:/home/huy/install/micro_ros_agent/lib:/home/huy/install/micro_ros_msgs/lib:/home/huy/install/dynamixel_sdk_custom_interfaces/lib:/home/huy/install/dynamixel_sdk/lib:/usr/lib/x86_64-linux-gnu/gazebo-11/plugins:/opt/ros/humble/opt/rviz_ogre_vendor/lib:/opt/ros/humble/lib/x86_64-linux-gnu:/opt/ros/humble/lib:/usr/lib/x86_64-linux-gnu/gazebo-11/plugins:/usr/lib/x86_64-linux-gnu/gazebo-11/plugins:/usr/lib/x86_64-linux-gnu/gazebo-11/plugins:/usr/lib/x86_64-linux-gnu/gazebo-11/plugins:/usr/lib/x86_64-linux-gnu/gazebo-11/plugins:/usr/lib/x86_64-linux-gnu/gazebo-11/plugins PATH=/home/huy/ur3_llm_ws/install/ur_robot_driver/bin:${PATH} PS1=${debian_chroot:+($debian_chroot)}\[\033[01;32m\]\u@\h\[\033[00m\]:\[\033[01;34m\]\w\[\033[00m\]\$ PYTHONPATH=/home/huy/ur3_llm_ws/install/ur_robot_driver/local/lib/python3.10/dist-packages:/home/huy/ur3_llm_ws/install/ur_moveit_config/local/lib/python3.10/dist-packages:/home/huy/ur3_llm_ws/install/ur_dashboard_msgs/local/lib/python3.10/dist-packages:${PYTHONPATH} /usr/bin/cmake --build /home/huy/ur3_llm_ws/build/ur -- -j12 -l12
[112.771s] DEBUG:colcon.colcon_core.event_handler.log_command:Invoked command in '/home/huy/ur3_llm_ws/build/ur' returned '0': AMENT_PREFIX_PATH=/home/huy/ur3_llm_ws/install/ur_calibration:/home/huy/ur3_llm_ws/install/ur_robot_driver:/home/huy/ur3_llm_ws/install/ur_controllers:/home/huy/ur3_llm_ws/install/ur_moveit_config:/home/huy/ur3_llm_ws/install/ur_dashboard_msgs:${AMENT_PREFIX_PATH} CMAKE_PREFIX_PATH=/home/huy/ur3_llm_ws/install/ur_calibration:/home/huy/ur3_llm_ws/install/ur_robot_driver:/home/huy/ur3_llm_ws/install/ur_controllers:/home/huy/ur3_llm_ws/install/ur_moveit_config:/home/huy/ur3_llm_ws/install/ur_dashboard_msgs:/home/huy/ros2_ws/install/ur_simulation_gz:/home/huy/ros2_ws/install/ur_letter_writer:/home/huy/xecuahuy_ws/install/xecuahuy:/home/huy/xecuahuy_ws/install/slam_gmapping:/home/huy/xecuahuy_ws/install/openslam_gmapping:/home/huy/xecuahuy_ws/install/aws_robomaker_small_warehouse_world:/home/huy/install/xecuahuy:/home/huy/install/turtlebot3:/home/huy/install/turtlebot3_simulations:/home/huy/install/turtlebot3_bringup:/home/huy/install/turtlebot3_node:/home/huy/install/turtlebot3_fake_node:/home/huy/install/turtlebot3_msgs:/home/huy/install/turtlebot3_gazebo:/home/huy/install/slam_gmapping:/home/huy/install/micro_ros_setup:/home/huy/install/micro_ros_agent:/home/huy/install/micro_ros_msgs:/home/huy/install/dynamixel_sdk_examples:/home/huy/install/dynamixel_sdk_custom_interfaces:/home/huy/install/dynamixel_sdk:/home/huy/install/aws_robomaker_small_warehouse_world:/home/huy/install/turtlebot3_teleop:/home/huy/install/turtlebot3_navigation2:/home/huy/install/turtlebot3_example:/home/huy/install/turtlebot3_manipulation_gazebo:/home/huy/install/turtlebot3_description:/home/huy/install/turtlebot3_cartographer:/home/huy/install/openslam_gmapping:/opt/ros/humble LD_LIBRARY_PATH=/home/huy/ur3_llm_ws/install/ur_robot_driver/lib:/home/huy/ur3_llm_ws/install/ur_controllers/lib:/home/huy/ur3_llm_ws/install/ur_dashboard_msgs/lib:/home/huy/xecuahuy_ws/install/openslam_gmapping/lib:/home/huy/install/turtlebot3_msgs/lib:/home/huy/install/openslam_gmapping/lib:/home/huy/install/micro_ros_agent/lib:/home/huy/install/micro_ros_msgs/lib:/home/huy/install/dynamixel_sdk_custom_interfaces/lib:/home/huy/install/dynamixel_sdk/lib:/usr/lib/x86_64-linux-gnu/gazebo-11/plugins:/opt/ros/humble/opt/rviz_ogre_vendor/lib:/opt/ros/humble/lib/x86_64-linux-gnu:/opt/ros/humble/lib:/usr/lib/x86_64-linux-gnu/gazebo-11/plugins:/usr/lib/x86_64-linux-gnu/gazebo-11/plugins:/usr/lib/x86_64-linux-gnu/gazebo-11/plugins:/usr/lib/x86_64-linux-gnu/gazebo-11/plugins:/usr/lib/x86_64-linux-gnu/gazebo-11/plugins:/usr/lib/x86_64-linux-gnu/gazebo-11/plugins PATH=/home/huy/ur3_llm_ws/install/ur_robot_driver/bin:${PATH} PS1=${debian_chroot:+($debian_chroot)}\[\033[01;32m\]\u@\h\[\033[00m\]:\[\033[01;34m\]\w\[\033[00m\]\$ PYTHONPATH=/home/huy/ur3_llm_ws/install/ur_robot_driver/local/lib/python3.10/dist-packages:/home/huy/ur3_llm_ws/install/ur_moveit_config/local/lib/python3.10/dist-packages:/home/huy/ur3_llm_ws/install/ur_dashboard_msgs/local/lib/python3.10/dist-packages:${PYTHONPATH} /usr/bin/cmake --build /home/huy/ur3_llm_ws/build/ur -- -j12 -l12
[112.772s] DEBUG:colcon.colcon_core.event_handler.log_command:Invoking command in '/home/huy/ur3_llm_ws/build/ur': AMENT_PREFIX_PATH=/home/huy/ur3_llm_ws/install/ur_calibration:/home/huy/ur3_llm_ws/install/ur_robot_driver:/home/huy/ur3_llm_ws/install/ur_controllers:/home/huy/ur3_llm_ws/install/ur_moveit_config:/home/huy/ur3_llm_ws/install/ur_dashboard_msgs:${AMENT_PREFIX_PATH} CMAKE_PREFIX_PATH=/home/huy/ur3_llm_ws/install/ur_calibration:/home/huy/ur3_llm_ws/install/ur_robot_driver:/home/huy/ur3_llm_ws/install/ur_controllers:/home/huy/ur3_llm_ws/install/ur_moveit_config:/home/huy/ur3_llm_ws/install/ur_dashboard_msgs:/home/huy/ros2_ws/install/ur_simulation_gz:/home/huy/ros2_ws/install/ur_letter_writer:/home/huy/xecuahuy_ws/install/xecuahuy:/home/huy/xecuahuy_ws/install/slam_gmapping:/home/huy/xecuahuy_ws/install/openslam_gmapping:/home/huy/xecuahuy_ws/install/aws_robomaker_small_warehouse_world:/home/huy/install/xecuahuy:/home/huy/install/turtlebot3:/home/huy/install/turtlebot3_simulations:/home/huy/install/turtlebot3_bringup:/home/huy/install/turtlebot3_node:/home/huy/install/turtlebot3_fake_node:/home/huy/install/turtlebot3_msgs:/home/huy/install/turtlebot3_gazebo:/home/huy/install/slam_gmapping:/home/huy/install/micro_ros_setup:/home/huy/install/micro_ros_agent:/home/huy/install/micro_ros_msgs:/home/huy/install/dynamixel_sdk_examples:/home/huy/install/dynamixel_sdk_custom_interfaces:/home/huy/install/dynamixel_sdk:/home/huy/install/aws_robomaker_small_warehouse_world:/home/huy/install/turtlebot3_teleop:/home/huy/install/turtlebot3_navigation2:/home/huy/install/turtlebot3_example:/home/huy/install/turtlebot3_manipulation_gazebo:/home/huy/install/turtlebot3_description:/home/huy/install/turtlebot3_cartographer:/home/huy/install/openslam_gmapping:/opt/ros/humble LD_LIBRARY_PATH=/home/huy/ur3_llm_ws/install/ur_robot_driver/lib:/home/huy/ur3_llm_ws/install/ur_controllers/lib:/home/huy/ur3_llm_ws/install/ur_dashboard_msgs/lib:/home/huy/xecuahuy_ws/install/openslam_gmapping/lib:/home/huy/install/turtlebot3_msgs/lib:/home/huy/install/openslam_gmapping/lib:/home/huy/install/micro_ros_agent/lib:/home/huy/install/micro_ros_msgs/lib:/home/huy/install/dynamixel_sdk_custom_interfaces/lib:/home/huy/install/dynamixel_sdk/lib:/usr/lib/x86_64-linux-gnu/gazebo-11/plugins:/opt/ros/humble/opt/rviz_ogre_vendor/lib:/opt/ros/humble/lib/x86_64-linux-gnu:/opt/ros/humble/lib:/usr/lib/x86_64-linux-gnu/gazebo-11/plugins:/usr/lib/x86_64-linux-gnu/gazebo-11/plugins:/usr/lib/x86_64-linux-gnu/gazebo-11/plugins:/usr/lib/x86_64-linux-gnu/gazebo-11/plugins:/usr/lib/x86_64-linux-gnu/gazebo-11/plugins:/usr/lib/x86_64-linux-gnu/gazebo-11/plugins PATH=/home/huy/ur3_llm_ws/install/ur_robot_driver/bin:${PATH} PS1=${debian_chroot:+($debian_chroot)}\[\033[01;32m\]\u@\h\[\033[00m\]:\[\033[01;34m\]\w\[\033[00m\]\$ PYTHONPATH=/home/huy/ur3_llm_ws/install/ur_robot_driver/local/lib/python3.10/dist-packages:/home/huy/ur3_llm_ws/install/ur_moveit_config/local/lib/python3.10/dist-packages:/home/huy/ur3_llm_ws/install/ur_dashboard_msgs/local/lib/python3.10/dist-packages:${PYTHONPATH} /usr/bin/cmake --install /home/huy/ur3_llm_ws/build/ur
[112.887s] Level 1:colcon.colcon_core.environment:create_environment_scripts_only(ur)
[112.887s] Level 1:colcon.colcon_core.environment:checking '/home/huy/ur3_llm_ws/install/ur' for CMake module files
[112.888s] DEBUG:colcon.colcon_core.event_handler.log_command:Invoked command in '/home/huy/ur3_llm_ws/build/ur' returned '0': AMENT_PREFIX_PATH=/home/huy/ur3_llm_ws/install/ur_calibration:/home/huy/ur3_llm_ws/install/ur_robot_driver:/home/huy/ur3_llm_ws/install/ur_controllers:/home/huy/ur3_llm_ws/install/ur_moveit_config:/home/huy/ur3_llm_ws/install/ur_dashboard_msgs:${AMENT_PREFIX_PATH} CMAKE_PREFIX_PATH=/home/huy/ur3_llm_ws/install/ur_calibration:/home/huy/ur3_llm_ws/install/ur_robot_driver:/home/huy/ur3_llm_ws/install/ur_controllers:/home/huy/ur3_llm_ws/install/ur_moveit_config:/home/huy/ur3_llm_ws/install/ur_dashboard_msgs:/home/huy/ros2_ws/install/ur_simulation_gz:/home/huy/ros2_ws/install/ur_letter_writer:/home/huy/xecuahuy_ws/install/xecuahuy:/home/huy/xecuahuy_ws/install/slam_gmapping:/home/huy/xecuahuy_ws/install/openslam_gmapping:/home/huy/xecuahuy_ws/install/aws_robomaker_small_warehouse_world:/home/huy/install/xecuahuy:/home/huy/install/turtlebot3:/home/huy/install/turtlebot3_simulations:/home/huy/install/turtlebot3_bringup:/home/huy/install/turtlebot3_node:/home/huy/install/turtlebot3_fake_node:/home/huy/install/turtlebot3_msgs:/home/huy/install/turtlebot3_gazebo:/home/huy/install/slam_gmapping:/home/huy/install/micro_ros_setup:/home/huy/install/micro_ros_agent:/home/huy/install/micro_ros_msgs:/home/huy/install/dynamixel_sdk_examples:/home/huy/install/dynamixel_sdk_custom_interfaces:/home/huy/install/dynamixel_sdk:/home/huy/install/aws_robomaker_small_warehouse_world:/home/huy/install/turtlebot3_teleop:/home/huy/install/turtlebot3_navigation2:/home/huy/install/turtlebot3_example:/home/huy/install/turtlebot3_manipulation_gazebo:/home/huy/install/turtlebot3_description:/home/huy/install/turtlebot3_cartographer:/home/huy/install/openslam_gmapping:/opt/ros/humble LD_LIBRARY_PATH=/home/huy/ur3_llm_ws/install/ur_robot_driver/lib:/home/huy/ur3_llm_ws/install/ur_controllers/lib:/home/huy/ur3_llm_ws/install/ur_dashboard_msgs/lib:/home/huy/xecuahuy_ws/install/openslam_gmapping/lib:/home/huy/install/turtlebot3_msgs/lib:/home/huy/install/openslam_gmapping/lib:/home/huy/install/micro_ros_agent/lib:/home/huy/install/micro_ros_msgs/lib:/home/huy/install/dynamixel_sdk_custom_interfaces/lib:/home/huy/install/dynamixel_sdk/lib:/usr/lib/x86_64-linux-gnu/gazebo-11/plugins:/opt/ros/humble/opt/rviz_ogre_vendor/lib:/opt/ros/humble/lib/x86_64-linux-gnu:/opt/ros/humble/lib:/usr/lib/x86_64-linux-gnu/gazebo-11/plugins:/usr/lib/x86_64-linux-gnu/gazebo-11/plugins:/usr/lib/x86_64-linux-gnu/gazebo-11/plugins:/usr/lib/x86_64-linux-gnu/gazebo-11/plugins:/usr/lib/x86_64-linux-gnu/gazebo-11/plugins:/usr/lib/x86_64-linux-gnu/gazebo-11/plugins PATH=/home/huy/ur3_llm_ws/install/ur_robot_driver/bin:${PATH} PS1=${debian_chroot:+($debian_chroot)}\[\033[01;32m\]\u@\h\[\033[00m\]:\[\033[01;34m\]\w\[\033[00m\]\$ PYTHONPATH=/home/huy/ur3_llm_ws/install/ur_robot_driver/local/lib/python3.10/dist-packages:/home/huy/ur3_llm_ws/install/ur_moveit_config/local/lib/python3.10/dist-packages:/home/huy/ur3_llm_ws/install/ur_dashboard_msgs/local/lib/python3.10/dist-packages:${PYTHONPATH} /usr/bin/cmake --install /home/huy/ur3_llm_ws/build/ur
[112.889s] Level 1:colcon.colcon_core.environment:checking '/home/huy/ur3_llm_ws/install/ur' for CMake config files
[112.889s] Level 1:colcon.colcon_core.shell:create_environment_hook('ur', 'cmake_prefix_path')
[112.890s] INFO:colcon.colcon_core.shell:Creating environment hook '/home/huy/ur3_llm_ws/install/ur/share/ur/hook/cmake_prefix_path.ps1'
[112.890s] INFO:colcon.colcon_core.shell:Creating environment descriptor '/home/huy/ur3_llm_ws/install/ur/share/ur/hook/cmake_prefix_path.dsv'
[112.890s] INFO:colcon.colcon_core.shell:Creating environment hook '/home/huy/ur3_llm_ws/install/ur/share/ur/hook/cmake_prefix_path.sh'
[112.891s] Level 1:colcon.colcon_core.environment:checking '/home/huy/ur3_llm_ws/install/ur/bin'
[112.891s] Level 1:colcon.colcon_core.environment:checking '/home/huy/ur3_llm_ws/install/ur/lib/pkgconfig/ur.pc'
[112.891s] Level 1:colcon.colcon_core.environment:checking '/home/huy/ur3_llm_ws/install/ur/lib/python3.10/site-packages'
[112.891s] Level 1:colcon.colcon_core.environment:checking '/home/huy/ur3_llm_ws/install/ur/bin'
[112.892s] INFO:colcon.colcon_core.shell:Creating package script '/home/huy/ur3_llm_ws/install/ur/share/ur/package.ps1'
[112.892s] INFO:colcon.colcon_core.shell:Creating package descriptor '/home/huy/ur3_llm_ws/install/ur/share/ur/package.dsv'
[112.892s] INFO:colcon.colcon_core.shell:Creating package script '/home/huy/ur3_llm_ws/install/ur/share/ur/package.sh'
[112.892s] INFO:colcon.colcon_core.shell:Creating package script '/home/huy/ur3_llm_ws/install/ur/share/ur/package.bash'
[112.893s] INFO:colcon.colcon_core.shell:Creating package script '/home/huy/ur3_llm_ws/install/ur/share/ur/package.zsh'
[112.893s] Level 1:colcon.colcon_core.environment:create_file_with_runtime_dependencies(/home/huy/ur3_llm_ws/install/ur/share/colcon-core/packages/ur)
[112.893s] Level 1:colcon.colcon_core.environment:create_environment_scripts_only(ur)
[112.893s] Level 1:colcon.colcon_core.environment:checking '/home/huy/ur3_llm_ws/install/ur' for CMake module files
[112.893s] Level 1:colcon.colcon_core.environment:checking '/home/huy/ur3_llm_ws/install/ur' for CMake config files
[112.894s] Level 1:colcon.colcon_core.shell:create_environment_hook('ur', 'cmake_prefix_path')
[112.894s] INFO:colcon.colcon_core.shell:Creating environment hook '/home/huy/ur3_llm_ws/install/ur/share/ur/hook/cmake_prefix_path.ps1'
[112.910s] INFO:colcon.colcon_core.shell:Creating environment descriptor '/home/huy/ur3_llm_ws/install/ur/share/ur/hook/cmake_prefix_path.dsv'
[112.934s] INFO:colcon.colcon_core.shell:Creating environment hook '/home/huy/ur3_llm_ws/install/ur/share/ur/hook/cmake_prefix_path.sh'
[112.958s] Level 1:colcon.colcon_core.environment:checking '/home/huy/ur3_llm_ws/install/ur/bin'
[112.959s] Level 1:colcon.colcon_core.environment:checking '/home/huy/ur3_llm_ws/install/ur/lib/pkgconfig/ur.pc'
[112.959s] Level 1:colcon.colcon_core.environment:checking '/home/huy/ur3_llm_ws/install/ur/lib/python3.10/site-packages'
[112.960s] Level 1:colcon.colcon_core.environment:checking '/home/huy/ur3_llm_ws/install/ur/bin'
[112.961s] INFO:colcon.colcon_core.shell:Creating package script '/home/huy/ur3_llm_ws/install/ur/share/ur/package.ps1'
[112.983s] INFO:colcon.colcon_core.shell:Creating package descriptor '/home/huy/ur3_llm_ws/install/ur/share/ur/package.dsv'
[113.007s] INFO:colcon.colcon_core.shell:Creating package script '/home/huy/ur3_llm_ws/install/ur/share/ur/package.sh'
[113.032s] INFO:colcon.colcon_core.shell:Creating package script '/home/huy/ur3_llm_ws/install/ur/share/ur/package.bash'
[113.079s] INFO:colcon.colcon_core.shell:Creating package script '/home/huy/ur3_llm_ws/install/ur/share/ur/package.zsh'
[113.104s] Level 1:colcon.colcon_core.environment:create_file_with_runtime_dependencies(/home/huy/ur3_llm_ws/install/ur/share/colcon-core/packages/ur)
[113.126s] DEBUG:colcon.colcon_parallel_executor.executor.parallel:closing loop
[113.127s] DEBUG:colcon.colcon_parallel_executor.executor.parallel:loop closed
[113.127s] DEBUG:colcon.colcon_parallel_executor.executor.parallel:run_until_complete finished with '0'
[113.128s] DEBUG:colcon.colcon_core.event_reactor:joining thread
[113.492s] INFO:colcon.colcon_core.plugin_system:Skipping extension 'colcon_notification.desktop_notification.terminal_notifier': Not used on non-Darwin systems
[113.492s] INFO:colcon.colcon_core.plugin_system:Skipping extension 'colcon_notification.desktop_notification.win32': Not used on non-Windows systems
[113.492s] INFO:colcon.colcon_notification.desktop_notification:Sending desktop notification using 'notify2'
[113.507s] DEBUG:colcon.colcon_core.event_reactor:joined thread
[113.507s] INFO:colcon.colcon_core.shell:Creating prefix script '/home/huy/ur3_llm_ws/install/local_setup.ps1'
[113.533s] INFO:colcon.colcon_core.shell:Creating prefix util module '/home/huy/ur3_llm_ws/install/_local_setup_util_ps1.py'
[113.580s] INFO:colcon.colcon_core.shell:Creating prefix chain script '/home/huy/ur3_llm_ws/install/setup.ps1'
[113.625s] INFO:colcon.colcon_core.shell:Creating prefix script '/home/huy/ur3_llm_ws/install/local_setup.sh'
[113.671s] INFO:colcon.colcon_core.shell:Creating prefix util module '/home/huy/ur3_llm_ws/install/_local_setup_util_sh.py'
[113.672s] INFO:colcon.colcon_core.shell:Creating prefix chain script '/home/huy/ur3_llm_ws/install/setup.sh'
[113.719s] INFO:colcon.colcon_core.shell:Creating prefix script '/home/huy/ur3_llm_ws/install/local_setup.bash'
[114.153s] INFO:colcon.colcon_core.shell:Creating prefix chain script '/home/huy/ur3_llm_ws/install/setup.bash'
[114.246s] INFO:colcon.colcon_core.shell:Creating prefix script '/home/huy/ur3_llm_ws/install/local_setup.zsh'
[114.272s] INFO:colcon.colcon_core.shell:Creating prefix chain script '/home/huy/ur3_llm_ws/install/setup.zsh'
