[0.022s] Invoking command in '/home/huy/ur3_llm_ws/build/ur_dashboard_msgs': CMAKE_PREFIX_PATH=${CMAKE_PREFIX_PATH}:/home/huy/install/turtlebot3_teleop:/home/huy/install/turtlebot3_navigation2:/home/huy/install/turtlebot3_example:/home/huy/install/turtlebot3_manipulation_gazebo:/home/huy/install/turtlebot3_description:/home/huy/install/turtlebot3_cartographer:/home/huy/install/openslam_gmapping:/opt/ros/humble PS1=${debian_chroot:+($debian_chroot)}\[\033[01;32m\]\u@\h\[\033[00m\]:\[\033[01;34m\]\w\[\033[00m\]\$ /usr/bin/cmake --build /home/huy/ur3_llm_ws/build/ur_dashboard_msgs -- -j12 -l12
[0.092s] [  1%] Built target ur_dashboard_msgs__rs
[0.098s] [  1%] Built target ur_dashboard_msgs__cpp
[0.098s] [35m[1mConsolidate compiler generated dependencies of target ur_dashboard_msgs__rosidl_generator_c[0m
[0.098s] [  1%] Built target ament_cmake_python_symlink_ur_dashboard_msgs
[0.122s] [ 13%] Built target ur_dashboard_msgs__rosidl_generator_c
[0.128s] [35m[1mConsolidate compiler generated dependencies of target ur_dashboard_msgs__rosidl_typesupport_cpp[0m
[0.129s] [35m[1mConsolidate compiler generated dependencies of target ur_dashboard_msgs__rosidl_typesupport_introspection_cpp[0m
[0.143s] [35m[1mConsolidate compiler generated dependencies of target ur_dashboard_msgs__rosidl_typesupport_fastrtps_cpp[0m
[0.153s] [35m[1mConsolidate compiler generated dependencies of target ur_dashboard_msgs__rosidl_typesupport_c[0m
[0.158s] [35m[1mConsolidate compiler generated dependencies of target ur_dashboard_msgs__rosidl_typesupport_introspection_c[0m
[0.164s] [35m[1mConsolidate compiler generated dependencies of target ur_dashboard_msgs__rosidl_typesupport_fastrtps_c[0m
[0.167s] [ 25%] Built target ur_dashboard_msgs__rosidl_typesupport_introspection_cpp
[0.172s] [ 37%] Built target ur_dashboard_msgs__rosidl_typesupport_cpp
[0.174s] [ 49%] Built target ur_dashboard_msgs__rosidl_typesupport_c
[0.180s] [ 61%] Built target ur_dashboard_msgs__rosidl_typesupport_introspection_c
[0.187s] [ 73%] Built target ur_dashboard_msgs__rosidl_typesupport_fastrtps_cpp
[0.195s] [ 85%] Built target ur_dashboard_msgs__rosidl_typesupport_fastrtps_c
[0.217s] [ 85%] Built target ur_dashboard_msgs
[0.243s] [ 85%] Built target ur_dashboard_msgs__py
[0.268s] [35m[1mConsolidate compiler generated dependencies of target ur_dashboard_msgs__rosidl_generator_py[0m
[0.305s] [ 97%] Built target ur_dashboard_msgs__rosidl_generator_py
[0.319s] [35m[1mConsolidate compiler generated dependencies of target ur_dashboard_msgs__rosidl_typesupport_c__pyext[0m
[0.321s] [35m[1mConsolidate compiler generated dependencies of target ur_dashboard_msgs__rosidl_typesupport_introspection_c__pyext[0m
[0.321s] [35m[1mConsolidate compiler generated dependencies of target ur_dashboard_msgs__rosidl_typesupport_fastrtps_c__pyext[0m
[0.333s] [ 98%] Built target ur_dashboard_msgs__rosidl_typesupport_c__pyext
[0.337s] [ 99%] Built target ur_dashboard_msgs__rosidl_typesupport_fastrtps_c__pyext
[0.338s] [100%] Built target ur_dashboard_msgs__rosidl_typesupport_introspection_c__pyext
[0.372s] running egg_info
[0.373s] writing ur_dashboard_msgs.egg-info/PKG-INFO
[0.373s] writing dependency_links to ur_dashboard_msgs.egg-info/dependency_links.txt
[0.373s] writing top-level names to ur_dashboard_msgs.egg-info/top_level.txt
[0.377s] reading manifest file 'ur_dashboard_msgs.egg-info/SOURCES.txt'
[0.378s] writing manifest file 'ur_dashboard_msgs.egg-info/SOURCES.txt'
[0.408s] [100%] Built target ament_cmake_python_build_ur_dashboard_msgs_egg
[0.420s] Invoked command in '/home/huy/ur3_llm_ws/build/ur_dashboard_msgs' returned '0': CMAKE_PREFIX_PATH=${CMAKE_PREFIX_PATH}:/home/huy/install/turtlebot3_teleop:/home/huy/install/turtlebot3_navigation2:/home/huy/install/turtlebot3_example:/home/huy/install/turtlebot3_manipulation_gazebo:/home/huy/install/turtlebot3_description:/home/huy/install/turtlebot3_cartographer:/home/huy/install/openslam_gmapping:/opt/ros/humble PS1=${debian_chroot:+($debian_chroot)}\[\033[01;32m\]\u@\h\[\033[00m\]:\[\033[01;34m\]\w\[\033[00m\]\$ /usr/bin/cmake --build /home/huy/ur3_llm_ws/build/ur_dashboard_msgs -- -j12 -l12
[0.422s] Invoking command in '/home/huy/ur3_llm_ws/build/ur_dashboard_msgs': CMAKE_PREFIX_PATH=${CMAKE_PREFIX_PATH}:/home/huy/install/turtlebot3_teleop:/home/huy/install/turtlebot3_navigation2:/home/huy/install/turtlebot3_example:/home/huy/install/turtlebot3_manipulation_gazebo:/home/huy/install/turtlebot3_description:/home/huy/install/turtlebot3_cartographer:/home/huy/install/openslam_gmapping:/opt/ros/humble PS1=${debian_chroot:+($debian_chroot)}\[\033[01;32m\]\u@\h\[\033[00m\]:\[\033[01;34m\]\w\[\033[00m\]\$ /usr/bin/cmake --install /home/huy/ur3_llm_ws/build/ur_dashboard_msgs
[0.431s] -- Install configuration: ""
[0.432s] -- Execute custom install script
[0.432s] -- Up-to-date symlink: /home/huy/ur3_llm_ws/install/ur_dashboard_msgs/share/ament_index/resource_index/rosidl_interfaces/ur_dashboard_msgs
[0.433s] -- Up-to-date symlink: /home/huy/ur3_llm_ws/install/ur_dashboard_msgs/include/ur_dashboard_msgs/ur_dashboard_msgs/action/detail/set_mode__functions.h
[0.433s] -- Up-to-date symlink: /home/huy/ur3_llm_ws/install/ur_dashboard_msgs/include/ur_dashboard_msgs/ur_dashboard_msgs/action/detail/set_mode__struct.h
[0.433s] -- Up-to-date symlink: /home/huy/ur3_llm_ws/install/ur_dashboard_msgs/include/ur_dashboard_msgs/ur_dashboard_msgs/action/detail/set_mode__type_support.h
[0.434s] -- Up-to-date symlink: /home/huy/ur3_llm_ws/install/ur_dashboard_msgs/include/ur_dashboard_msgs/ur_dashboard_msgs/action/set_mode.h
[0.434s] -- Up-to-date symlink: /home/huy/ur3_llm_ws/install/ur_dashboard_msgs/include/ur_dashboard_msgs/ur_dashboard_msgs/msg/detail/operational_mode__functions.h
[0.434s] -- Up-to-date symlink: /home/huy/ur3_llm_ws/install/ur_dashboard_msgs/include/ur_dashboard_msgs/ur_dashboard_msgs/msg/detail/operational_mode__struct.h
[0.434s] -- Up-to-date symlink: /home/huy/ur3_llm_ws/install/ur_dashboard_msgs/include/ur_dashboard_msgs/ur_dashboard_msgs/msg/detail/operational_mode__type_support.h
[0.434s] -- Up-to-date symlink: /home/huy/ur3_llm_ws/install/ur_dashboard_msgs/include/ur_dashboard_msgs/ur_dashboard_msgs/msg/detail/program_information__functions.h
[0.434s] -- Up-to-date symlink: /home/huy/ur3_llm_ws/install/ur_dashboard_msgs/include/ur_dashboard_msgs/ur_dashboard_msgs/msg/detail/program_information__struct.h
[0.434s] -- Up-to-date symlink: /home/huy/ur3_llm_ws/install/ur_dashboard_msgs/include/ur_dashboard_msgs/ur_dashboard_msgs/msg/detail/program_information__type_support.h
[0.435s] -- Up-to-date symlink: /home/huy/ur3_llm_ws/install/ur_dashboard_msgs/include/ur_dashboard_msgs/ur_dashboard_msgs/msg/detail/program_state__functions.h
[0.435s] -- Up-to-date symlink: /home/huy/ur3_llm_ws/install/ur_dashboard_msgs/include/ur_dashboard_msgs/ur_dashboard_msgs/msg/detail/program_state__struct.h
[0.435s] -- Up-to-date symlink: /home/huy/ur3_llm_ws/install/ur_dashboard_msgs/include/ur_dashboard_msgs/ur_dashboard_msgs/msg/detail/program_state__type_support.h
[0.435s] -- Up-to-date symlink: /home/huy/ur3_llm_ws/install/ur_dashboard_msgs/include/ur_dashboard_msgs/ur_dashboard_msgs/msg/detail/robot_mode__functions.h
[0.435s] -- Up-to-date symlink: /home/huy/ur3_llm_ws/install/ur_dashboard_msgs/include/ur_dashboard_msgs/ur_dashboard_msgs/msg/detail/robot_mode__struct.h
[0.435s] -- Up-to-date symlink: /home/huy/ur3_llm_ws/install/ur_dashboard_msgs/include/ur_dashboard_msgs/ur_dashboard_msgs/msg/detail/robot_mode__type_support.h
[0.435s] -- Up-to-date symlink: /home/huy/ur3_llm_ws/install/ur_dashboard_msgs/include/ur_dashboard_msgs/ur_dashboard_msgs/msg/detail/safety_mode__functions.h
[0.435s] -- Up-to-date symlink: /home/huy/ur3_llm_ws/install/ur_dashboard_msgs/include/ur_dashboard_msgs/ur_dashboard_msgs/msg/detail/safety_mode__struct.h
[0.435s] -- Up-to-date symlink: /home/huy/ur3_llm_ws/install/ur_dashboard_msgs/include/ur_dashboard_msgs/ur_dashboard_msgs/msg/detail/safety_mode__type_support.h
[0.435s] -- Up-to-date symlink: /home/huy/ur3_llm_ws/install/ur_dashboard_msgs/include/ur_dashboard_msgs/ur_dashboard_msgs/msg/detail/safety_status__functions.h
[0.435s] -- Up-to-date symlink: /home/huy/ur3_llm_ws/install/ur_dashboard_msgs/include/ur_dashboard_msgs/ur_dashboard_msgs/msg/detail/safety_status__struct.h
[0.435s] -- Up-to-date symlink: /home/huy/ur3_llm_ws/install/ur_dashboard_msgs/include/ur_dashboard_msgs/ur_dashboard_msgs/msg/detail/safety_status__type_support.h
[0.435s] -- Up-to-date symlink: /home/huy/ur3_llm_ws/install/ur_dashboard_msgs/include/ur_dashboard_msgs/ur_dashboard_msgs/msg/detail/user_role__functions.h
[0.435s] -- Up-to-date symlink: /home/huy/ur3_llm_ws/install/ur_dashboard_msgs/include/ur_dashboard_msgs/ur_dashboard_msgs/msg/detail/user_role__struct.h
[0.435s] -- Up-to-date symlink: /home/huy/ur3_llm_ws/install/ur_dashboard_msgs/include/ur_dashboard_msgs/ur_dashboard_msgs/msg/detail/user_role__type_support.h
[0.435s] -- Up-to-date symlink: /home/huy/ur3_llm_ws/install/ur_dashboard_msgs/include/ur_dashboard_msgs/ur_dashboard_msgs/msg/detail/version_information__functions.h
[0.435s] -- Up-to-date symlink: /home/huy/ur3_llm_ws/install/ur_dashboard_msgs/include/ur_dashboard_msgs/ur_dashboard_msgs/msg/detail/version_information__struct.h
[0.435s] -- Up-to-date symlink: /home/huy/ur3_llm_ws/install/ur_dashboard_msgs/include/ur_dashboard_msgs/ur_dashboard_msgs/msg/detail/version_information__type_support.h
[0.435s] -- Up-to-date symlink: /home/huy/ur3_llm_ws/install/ur_dashboard_msgs/include/ur_dashboard_msgs/ur_dashboard_msgs/msg/operational_mode.h
[0.435s] -- Up-to-date symlink: /home/huy/ur3_llm_ws/install/ur_dashboard_msgs/include/ur_dashboard_msgs/ur_dashboard_msgs/msg/program_information.h
[0.435s] -- Up-to-date symlink: /home/huy/ur3_llm_ws/install/ur_dashboard_msgs/include/ur_dashboard_msgs/ur_dashboard_msgs/msg/program_state.h
[0.435s] -- Up-to-date symlink: /home/huy/ur3_llm_ws/install/ur_dashboard_msgs/include/ur_dashboard_msgs/ur_dashboard_msgs/msg/robot_mode.h
[0.435s] -- Up-to-date symlink: /home/huy/ur3_llm_ws/install/ur_dashboard_msgs/include/ur_dashboard_msgs/ur_dashboard_msgs/msg/rosidl_generator_c__visibility_control.h
[0.435s] -- Up-to-date symlink: /home/huy/ur3_llm_ws/install/ur_dashboard_msgs/include/ur_dashboard_msgs/ur_dashboard_msgs/msg/safety_mode.h
[0.435s] -- Up-to-date symlink: /home/huy/ur3_llm_ws/install/ur_dashboard_msgs/include/ur_dashboard_msgs/ur_dashboard_msgs/msg/safety_status.h
[0.436s] -- Up-to-date symlink: /home/huy/ur3_llm_ws/install/ur_dashboard_msgs/include/ur_dashboard_msgs/ur_dashboard_msgs/msg/user_role.h
[0.436s] -- Up-to-date symlink: /home/huy/ur3_llm_ws/install/ur_dashboard_msgs/include/ur_dashboard_msgs/ur_dashboard_msgs/msg/version_information.h
[0.436s] -- Up-to-date symlink: /home/huy/ur3_llm_ws/install/ur_dashboard_msgs/include/ur_dashboard_msgs/ur_dashboard_msgs/srv/add_to_log.h
[0.436s] -- Up-to-date symlink: /home/huy/ur3_llm_ws/install/ur_dashboard_msgs/include/ur_dashboard_msgs/ur_dashboard_msgs/srv/detail/add_to_log__functions.h
[0.436s] -- Up-to-date symlink: /home/huy/ur3_llm_ws/install/ur_dashboard_msgs/include/ur_dashboard_msgs/ur_dashboard_msgs/srv/detail/add_to_log__struct.h
[0.436s] -- Up-to-date symlink: /home/huy/ur3_llm_ws/install/ur_dashboard_msgs/include/ur_dashboard_msgs/ur_dashboard_msgs/srv/detail/add_to_log__type_support.h
[0.436s] -- Up-to-date symlink: /home/huy/ur3_llm_ws/install/ur_dashboard_msgs/include/ur_dashboard_msgs/ur_dashboard_msgs/srv/detail/download_program__functions.h
[0.436s] -- Up-to-date symlink: /home/huy/ur3_llm_ws/install/ur_dashboard_msgs/include/ur_dashboard_msgs/ur_dashboard_msgs/srv/detail/download_program__struct.h
[0.436s] -- Up-to-date symlink: /home/huy/ur3_llm_ws/install/ur_dashboard_msgs/include/ur_dashboard_msgs/ur_dashboard_msgs/srv/detail/download_program__type_support.h
[0.436s] -- Up-to-date symlink: /home/huy/ur3_llm_ws/install/ur_dashboard_msgs/include/ur_dashboard_msgs/ur_dashboard_msgs/srv/detail/download_support_file__functions.h
[0.436s] -- Up-to-date symlink: /home/huy/ur3_llm_ws/install/ur_dashboard_msgs/include/ur_dashboard_msgs/ur_dashboard_msgs/srv/detail/download_support_file__struct.h
[0.437s] -- Up-to-date symlink: /home/huy/ur3_llm_ws/install/ur_dashboard_msgs/include/ur_dashboard_msgs/ur_dashboard_msgs/srv/detail/download_support_file__type_support.h
[0.437s] -- Up-to-date symlink: /home/huy/ur3_llm_ws/install/ur_dashboard_msgs/include/ur_dashboard_msgs/ur_dashboard_msgs/srv/detail/generate_flight_report__functions.h
[0.437s] -- Up-to-date symlink: /home/huy/ur3_llm_ws/install/ur_dashboard_msgs/include/ur_dashboard_msgs/ur_dashboard_msgs/srv/detail/generate_flight_report__struct.h
[0.437s] -- Up-to-date symlink: /home/huy/ur3_llm_ws/install/ur_dashboard_msgs/include/ur_dashboard_msgs/ur_dashboard_msgs/srv/detail/generate_flight_report__type_support.h
[0.437s] -- Up-to-date symlink: /home/huy/ur3_llm_ws/install/ur_dashboard_msgs/include/ur_dashboard_msgs/ur_dashboard_msgs/srv/detail/generate_support_file__functions.h
[0.437s] -- Up-to-date symlink: /home/huy/ur3_llm_ws/install/ur_dashboard_msgs/include/ur_dashboard_msgs/ur_dashboard_msgs/srv/detail/generate_support_file__struct.h
[0.437s] -- Up-to-date symlink: /home/huy/ur3_llm_ws/install/ur_dashboard_msgs/include/ur_dashboard_msgs/ur_dashboard_msgs/srv/detail/generate_support_file__type_support.h
[0.437s] -- Up-to-date symlink: /home/huy/ur3_llm_ws/install/ur_dashboard_msgs/include/ur_dashboard_msgs/ur_dashboard_msgs/srv/detail/get_loaded_program__functions.h
[0.437s] -- Up-to-date symlink: /home/huy/ur3_llm_ws/install/ur_dashboard_msgs/include/ur_dashboard_msgs/ur_dashboard_msgs/srv/detail/get_loaded_program__struct.h
[0.437s] -- Up-to-date symlink: /home/huy/ur3_llm_ws/install/ur_dashboard_msgs/include/ur_dashboard_msgs/ur_dashboard_msgs/srv/detail/get_loaded_program__type_support.h
[0.437s] -- Up-to-date symlink: /home/huy/ur3_llm_ws/install/ur_dashboard_msgs/include/ur_dashboard_msgs/ur_dashboard_msgs/srv/detail/get_operational_mode__functions.h
[0.437s] -- Up-to-date symlink: /home/huy/ur3_llm_ws/install/ur_dashboard_msgs/include/ur_dashboard_msgs/ur_dashboard_msgs/srv/detail/get_operational_mode__struct.h
[0.437s] -- Up-to-date symlink: /home/huy/ur3_llm_ws/install/ur_dashboard_msgs/include/ur_dashboard_msgs/ur_dashboard_msgs/srv/detail/get_operational_mode__type_support.h
[0.437s] -- Up-to-date symlink: /home/huy/ur3_llm_ws/install/ur_dashboard_msgs/include/ur_dashboard_msgs/ur_dashboard_msgs/srv/detail/get_poly_scope_version__functions.h
[0.437s] -- Up-to-date symlink: /home/huy/ur3_llm_ws/install/ur_dashboard_msgs/include/ur_dashboard_msgs/ur_dashboard_msgs/srv/detail/get_poly_scope_version__struct.h
[0.438s] -- Up-to-date symlink: /home/huy/ur3_llm_ws/install/ur_dashboard_msgs/include/ur_dashboard_msgs/ur_dashboard_msgs/srv/detail/get_poly_scope_version__type_support.h
[0.438s] -- Up-to-date symlink: /home/huy/ur3_llm_ws/install/ur_dashboard_msgs/include/ur_dashboard_msgs/ur_dashboard_msgs/srv/detail/get_program_state__functions.h
[0.438s] -- Up-to-date symlink: /home/huy/ur3_llm_ws/install/ur_dashboard_msgs/include/ur_dashboard_msgs/ur_dashboard_msgs/srv/detail/get_program_state__struct.h
[0.438s] -- Up-to-date symlink: /home/huy/ur3_llm_ws/install/ur_dashboard_msgs/include/ur_dashboard_msgs/ur_dashboard_msgs/srv/detail/get_program_state__type_support.h
[0.438s] -- Up-to-date symlink: /home/huy/ur3_llm_ws/install/ur_dashboard_msgs/include/ur_dashboard_msgs/ur_dashboard_msgs/srv/detail/get_programs__functions.h
[0.438s] -- Up-to-date symlink: /home/huy/ur3_llm_ws/install/ur_dashboard_msgs/include/ur_dashboard_msgs/ur_dashboard_msgs/srv/detail/get_programs__struct.h
[0.438s] -- Up-to-date symlink: /home/huy/ur3_llm_ws/install/ur_dashboard_msgs/include/ur_dashboard_msgs/ur_dashboard_msgs/srv/detail/get_programs__type_support.h
[0.438s] -- Up-to-date symlink: /home/huy/ur3_llm_ws/install/ur_dashboard_msgs/include/ur_dashboard_msgs/ur_dashboard_msgs/srv/detail/get_robot_mode__functions.h
[0.438s] -- Up-to-date symlink: /home/huy/ur3_llm_ws/install/ur_dashboard_msgs/include/ur_dashboard_msgs/ur_dashboard_msgs/srv/detail/get_robot_mode__struct.h
[0.438s] -- Up-to-date symlink: /home/huy/ur3_llm_ws/install/ur_dashboard_msgs/include/ur_dashboard_msgs/ur_dashboard_msgs/srv/detail/get_robot_mode__type_support.h
[0.438s] -- Up-to-date symlink: /home/huy/ur3_llm_ws/install/ur_dashboard_msgs/include/ur_dashboard_msgs/ur_dashboard_msgs/srv/detail/get_robot_model__functions.h
[0.438s] -- Up-to-date symlink: /home/huy/ur3_llm_ws/install/ur_dashboard_msgs/include/ur_dashboard_msgs/ur_dashboard_msgs/srv/detail/get_robot_model__struct.h
[0.438s] -- Up-to-date symlink: /home/huy/ur3_llm_ws/install/ur_dashboard_msgs/include/ur_dashboard_msgs/ur_dashboard_msgs/srv/detail/get_robot_model__type_support.h
[0.438s] -- Up-to-date symlink: /home/huy/ur3_llm_ws/install/ur_dashboard_msgs/include/ur_dashboard_msgs/ur_dashboard_msgs/srv/detail/get_safety_mode__functions.h
[0.438s] -- Up-to-date symlink: /home/huy/ur3_llm_ws/install/ur_dashboard_msgs/include/ur_dashboard_msgs/ur_dashboard_msgs/srv/detail/get_safety_mode__struct.h
[0.438s] -- Up-to-date symlink: /home/huy/ur3_llm_ws/install/ur_dashboard_msgs/include/ur_dashboard_msgs/ur_dashboard_msgs/srv/detail/get_safety_mode__type_support.h
[0.439s] -- Up-to-date symlink: /home/huy/ur3_llm_ws/install/ur_dashboard_msgs/include/ur_dashboard_msgs/ur_dashboard_msgs/srv/detail/get_safety_status__functions.h
[0.439s] -- Up-to-date symlink: /home/huy/ur3_llm_ws/install/ur_dashboard_msgs/include/ur_dashboard_msgs/ur_dashboard_msgs/srv/detail/get_safety_status__struct.h
[0.439s] -- Up-to-date symlink: /home/huy/ur3_llm_ws/install/ur_dashboard_msgs/include/ur_dashboard_msgs/ur_dashboard_msgs/srv/detail/get_safety_status__type_support.h
[0.439s] -- Up-to-date symlink: /home/huy/ur3_llm_ws/install/ur_dashboard_msgs/include/ur_dashboard_msgs/ur_dashboard_msgs/srv/detail/get_serial_number__functions.h
[0.439s] -- Up-to-date symlink: /home/huy/ur3_llm_ws/install/ur_dashboard_msgs/include/ur_dashboard_msgs/ur_dashboard_msgs/srv/detail/get_serial_number__struct.h
[0.439s] -- Up-to-date symlink: /home/huy/ur3_llm_ws/install/ur_dashboard_msgs/include/ur_dashboard_msgs/ur_dashboard_msgs/srv/detail/get_serial_number__type_support.h
[0.439s] -- Up-to-date symlink: /home/huy/ur3_llm_ws/install/ur_dashboard_msgs/include/ur_dashboard_msgs/ur_dashboard_msgs/srv/detail/get_user_role__functions.h
[0.439s] -- Up-to-date symlink: /home/huy/ur3_llm_ws/install/ur_dashboard_msgs/include/ur_dashboard_msgs/ur_dashboard_msgs/srv/detail/get_user_role__struct.h
[0.439s] -- Up-to-date symlink: /home/huy/ur3_llm_ws/install/ur_dashboard_msgs/include/ur_dashboard_msgs/ur_dashboard_msgs/srv/detail/get_user_role__type_support.h
[0.439s] -- Up-to-date symlink: /home/huy/ur3_llm_ws/install/ur_dashboard_msgs/include/ur_dashboard_msgs/ur_dashboard_msgs/srv/detail/is_in_remote_control__functions.h
[0.439s] -- Up-to-date symlink: /home/huy/ur3_llm_ws/install/ur_dashboard_msgs/include/ur_dashboard_msgs/ur_dashboard_msgs/srv/detail/is_in_remote_control__struct.h
[0.439s] -- Up-to-date symlink: /home/huy/ur3_llm_ws/install/ur_dashboard_msgs/include/ur_dashboard_msgs/ur_dashboard_msgs/srv/detail/is_in_remote_control__type_support.h
[0.439s] -- Up-to-date symlink: /home/huy/ur3_llm_ws/install/ur_dashboard_msgs/include/ur_dashboard_msgs/ur_dashboard_msgs/srv/detail/is_program_running__functions.h
[0.439s] -- Up-to-date symlink: /home/huy/ur3_llm_ws/install/ur_dashboard_msgs/include/ur_dashboard_msgs/ur_dashboard_msgs/srv/detail/is_program_running__struct.h
[0.439s] -- Up-to-date symlink: /home/huy/ur3_llm_ws/install/ur_dashboard_msgs/include/ur_dashboard_msgs/ur_dashboard_msgs/srv/detail/is_program_running__type_support.h
[0.439s] -- Up-to-date symlink: /home/huy/ur3_llm_ws/install/ur_dashboard_msgs/include/ur_dashboard_msgs/ur_dashboard_msgs/srv/detail/is_program_saved__functions.h
[0.440s] -- Up-to-date symlink: /home/huy/ur3_llm_ws/install/ur_dashboard_msgs/include/ur_dashboard_msgs/ur_dashboard_msgs/srv/detail/is_program_saved__struct.h
[0.440s] -- Up-to-date symlink: /home/huy/ur3_llm_ws/install/ur_dashboard_msgs/include/ur_dashboard_msgs/ur_dashboard_msgs/srv/detail/is_program_saved__type_support.h
[0.440s] -- Up-to-date symlink: /home/huy/ur3_llm_ws/install/ur_dashboard_msgs/include/ur_dashboard_msgs/ur_dashboard_msgs/srv/detail/load__functions.h
[0.440s] -- Up-to-date symlink: /home/huy/ur3_llm_ws/install/ur_dashboard_msgs/include/ur_dashboard_msgs/ur_dashboard_msgs/srv/detail/load__struct.h
[0.440s] -- Up-to-date symlink: /home/huy/ur3_llm_ws/install/ur_dashboard_msgs/include/ur_dashboard_msgs/ur_dashboard_msgs/srv/detail/load__type_support.h
[0.440s] -- Up-to-date symlink: /home/huy/ur3_llm_ws/install/ur_dashboard_msgs/include/ur_dashboard_msgs/ur_dashboard_msgs/srv/detail/popup__functions.h
[0.440s] -- Up-to-date symlink: /home/huy/ur3_llm_ws/install/ur_dashboard_msgs/include/ur_dashboard_msgs/ur_dashboard_msgs/srv/detail/popup__struct.h
[0.440s] -- Up-to-date symlink: /home/huy/ur3_llm_ws/install/ur_dashboard_msgs/include/ur_dashboard_msgs/ur_dashboard_msgs/srv/detail/popup__type_support.h
[0.440s] -- Up-to-date symlink: /home/huy/ur3_llm_ws/install/ur_dashboard_msgs/include/ur_dashboard_msgs/ur_dashboard_msgs/srv/detail/raw_request__functions.h
[0.440s] -- Up-to-date symlink: /home/huy/ur3_llm_ws/install/ur_dashboard_msgs/include/ur_dashboard_msgs/ur_dashboard_msgs/srv/detail/raw_request__struct.h
[0.440s] -- Up-to-date symlink: /home/huy/ur3_llm_ws/install/ur_dashboard_msgs/include/ur_dashboard_msgs/ur_dashboard_msgs/srv/detail/raw_request__type_support.h
[0.440s] -- Up-to-date symlink: /home/huy/ur3_llm_ws/install/ur_dashboard_msgs/include/ur_dashboard_msgs/ur_dashboard_msgs/srv/detail/set_operational_mode__functions.h
[0.440s] -- Up-to-date symlink: /home/huy/ur3_llm_ws/install/ur_dashboard_msgs/include/ur_dashboard_msgs/ur_dashboard_msgs/srv/detail/set_operational_mode__struct.h
[0.440s] -- Up-to-date symlink: /home/huy/ur3_llm_ws/install/ur_dashboard_msgs/include/ur_dashboard_msgs/ur_dashboard_msgs/srv/detail/set_operational_mode__type_support.h
[0.441s] -- Up-to-date symlink: /home/huy/ur3_llm_ws/install/ur_dashboard_msgs/include/ur_dashboard_msgs/ur_dashboard_msgs/srv/detail/set_user_role__functions.h
[0.441s] -- Up-to-date symlink: /home/huy/ur3_llm_ws/install/ur_dashboard_msgs/include/ur_dashboard_msgs/ur_dashboard_msgs/srv/detail/set_user_role__struct.h
[0.441s] -- Up-to-date symlink: /home/huy/ur3_llm_ws/install/ur_dashboard_msgs/include/ur_dashboard_msgs/ur_dashboard_msgs/srv/detail/set_user_role__type_support.h
[0.441s] -- Up-to-date symlink: /home/huy/ur3_llm_ws/install/ur_dashboard_msgs/include/ur_dashboard_msgs/ur_dashboard_msgs/srv/detail/upload_program__functions.h
[0.441s] -- Up-to-date symlink: /home/huy/ur3_llm_ws/install/ur_dashboard_msgs/include/ur_dashboard_msgs/ur_dashboard_msgs/srv/detail/upload_program__struct.h
[0.441s] -- Up-to-date symlink: /home/huy/ur3_llm_ws/install/ur_dashboard_msgs/include/ur_dashboard_msgs/ur_dashboard_msgs/srv/detail/upload_program__type_support.h
[0.441s] -- Up-to-date symlink: /home/huy/ur3_llm_ws/install/ur_dashboard_msgs/include/ur_dashboard_msgs/ur_dashboard_msgs/srv/download_program.h
[0.441s] -- Up-to-date symlink: /home/huy/ur3_llm_ws/install/ur_dashboard_msgs/include/ur_dashboard_msgs/ur_dashboard_msgs/srv/download_support_file.h
[0.441s] -- Up-to-date symlink: /home/huy/ur3_llm_ws/install/ur_dashboard_msgs/include/ur_dashboard_msgs/ur_dashboard_msgs/srv/generate_flight_report.h
[0.441s] -- Up-to-date symlink: /home/huy/ur3_llm_ws/install/ur_dashboard_msgs/include/ur_dashboard_msgs/ur_dashboard_msgs/srv/generate_support_file.h
[0.441s] -- Up-to-date symlink: /home/huy/ur3_llm_ws/install/ur_dashboard_msgs/include/ur_dashboard_msgs/ur_dashboard_msgs/srv/get_loaded_program.h
[0.441s] -- Up-to-date symlink: /home/huy/ur3_llm_ws/install/ur_dashboard_msgs/include/ur_dashboard_msgs/ur_dashboard_msgs/srv/get_operational_mode.h
[0.441s] -- Up-to-date symlink: /home/huy/ur3_llm_ws/install/ur_dashboard_msgs/include/ur_dashboard_msgs/ur_dashboard_msgs/srv/get_poly_scope_version.h
[0.441s] -- Up-to-date symlink: /home/huy/ur3_llm_ws/install/ur_dashboard_msgs/include/ur_dashboard_msgs/ur_dashboard_msgs/srv/get_program_state.h
[0.441s] -- Up-to-date symlink: /home/huy/ur3_llm_ws/install/ur_dashboard_msgs/include/ur_dashboard_msgs/ur_dashboard_msgs/srv/get_programs.h
[0.441s] -- Up-to-date symlink: /home/huy/ur3_llm_ws/install/ur_dashboard_msgs/include/ur_dashboard_msgs/ur_dashboard_msgs/srv/get_robot_mode.h
[0.442s] -- Up-to-date symlink: /home/huy/ur3_llm_ws/install/ur_dashboard_msgs/include/ur_dashboard_msgs/ur_dashboard_msgs/srv/get_robot_model.h
[0.442s] -- Up-to-date symlink: /home/huy/ur3_llm_ws/install/ur_dashboard_msgs/include/ur_dashboard_msgs/ur_dashboard_msgs/srv/get_safety_mode.h
[0.442s] -- Up-to-date symlink: /home/huy/ur3_llm_ws/install/ur_dashboard_msgs/include/ur_dashboard_msgs/ur_dashboard_msgs/srv/get_safety_status.h
[0.442s] -- Up-to-date symlink: /home/huy/ur3_llm_ws/install/ur_dashboard_msgs/include/ur_dashboard_msgs/ur_dashboard_msgs/srv/get_serial_number.h
[0.442s] -- Up-to-date symlink: /home/huy/ur3_llm_ws/install/ur_dashboard_msgs/include/ur_dashboard_msgs/ur_dashboard_msgs/srv/get_user_role.h
[0.442s] -- Up-to-date symlink: /home/huy/ur3_llm_ws/install/ur_dashboard_msgs/include/ur_dashboard_msgs/ur_dashboard_msgs/srv/is_in_remote_control.h
[0.442s] -- Up-to-date symlink: /home/huy/ur3_llm_ws/install/ur_dashboard_msgs/include/ur_dashboard_msgs/ur_dashboard_msgs/srv/is_program_running.h
[0.442s] -- Up-to-date symlink: /home/huy/ur3_llm_ws/install/ur_dashboard_msgs/include/ur_dashboard_msgs/ur_dashboard_msgs/srv/is_program_saved.h
[0.442s] -- Up-to-date symlink: /home/huy/ur3_llm_ws/install/ur_dashboard_msgs/include/ur_dashboard_msgs/ur_dashboard_msgs/srv/load.h
[0.443s] -- Up-to-date symlink: /home/huy/ur3_llm_ws/install/ur_dashboard_msgs/include/ur_dashboard_msgs/ur_dashboard_msgs/srv/popup.h
[0.443s] -- Up-to-date symlink: /home/huy/ur3_llm_ws/install/ur_dashboard_msgs/include/ur_dashboard_msgs/ur_dashboard_msgs/srv/raw_request.h
[0.443s] -- Up-to-date symlink: /home/huy/ur3_llm_ws/install/ur_dashboard_msgs/include/ur_dashboard_msgs/ur_dashboard_msgs/srv/set_operational_mode.h
[0.443s] -- Up-to-date symlink: /home/huy/ur3_llm_ws/install/ur_dashboard_msgs/include/ur_dashboard_msgs/ur_dashboard_msgs/srv/set_user_role.h
[0.443s] -- Up-to-date symlink: /home/huy/ur3_llm_ws/install/ur_dashboard_msgs/include/ur_dashboard_msgs/ur_dashboard_msgs/srv/upload_program.h
[0.443s] -- Up-to-date symlink: /home/huy/ur3_llm_ws/install/ur_dashboard_msgs/share/ur_dashboard_msgs/environment/library_path.sh
[0.443s] -- Up-to-date symlink: /home/huy/ur3_llm_ws/install/ur_dashboard_msgs/share/ur_dashboard_msgs/environment/library_path.dsv
[0.444s] -- Up-to-date symlink: /home/huy/ur3_llm_ws/install/ur_dashboard_msgs/include/ur_dashboard_msgs/ur_dashboard_msgs/action/detail/set_mode__rosidl_typesupport_fastrtps_c.h
[0.444s] -- Up-to-date symlink: /home/huy/ur3_llm_ws/install/ur_dashboard_msgs/include/ur_dashboard_msgs/ur_dashboard_msgs/msg/detail/operational_mode__rosidl_typesupport_fastrtps_c.h
[0.445s] -- Up-to-date symlink: /home/huy/ur3_llm_ws/install/ur_dashboard_msgs/include/ur_dashboard_msgs/ur_dashboard_msgs/msg/detail/program_information__rosidl_typesupport_fastrtps_c.h
[0.445s] -- Up-to-date symlink: /home/huy/ur3_llm_ws/install/ur_dashboard_msgs/include/ur_dashboard_msgs/ur_dashboard_msgs/msg/detail/program_state__rosidl_typesupport_fastrtps_c.h
[0.445s] -- Up-to-date symlink: /home/huy/ur3_llm_ws/install/ur_dashboard_msgs/include/ur_dashboard_msgs/ur_dashboard_msgs/msg/detail/robot_mode__rosidl_typesupport_fastrtps_c.h
[0.446s] -- Up-to-date symlink: /home/huy/ur3_llm_ws/install/ur_dashboard_msgs/include/ur_dashboard_msgs/ur_dashboard_msgs/msg/detail/safety_mode__rosidl_typesupport_fastrtps_c.h
[0.446s] -- Up-to-date symlink: /home/huy/ur3_llm_ws/install/ur_dashboard_msgs/include/ur_dashboard_msgs/ur_dashboard_msgs/msg/detail/safety_status__rosidl_typesupport_fastrtps_c.h
[0.446s] -- Up-to-date symlink: /home/huy/ur3_llm_ws/install/ur_dashboard_msgs/include/ur_dashboard_msgs/ur_dashboard_msgs/msg/detail/user_role__rosidl_typesupport_fastrtps_c.h
[0.446s] -- Up-to-date symlink: /home/huy/ur3_llm_ws/install/ur_dashboard_msgs/include/ur_dashboard_msgs/ur_dashboard_msgs/msg/detail/version_information__rosidl_typesupport_fastrtps_c.h
[0.446s] -- Up-to-date symlink: /home/huy/ur3_llm_ws/install/ur_dashboard_msgs/include/ur_dashboard_msgs/ur_dashboard_msgs/msg/rosidl_typesupport_fastrtps_c__visibility_control.h
[0.446s] -- Up-to-date symlink: /home/huy/ur3_llm_ws/install/ur_dashboard_msgs/include/ur_dashboard_msgs/ur_dashboard_msgs/srv/detail/add_to_log__rosidl_typesupport_fastrtps_c.h
[0.446s] -- Up-to-date symlink: /home/huy/ur3_llm_ws/install/ur_dashboard_msgs/include/ur_dashboard_msgs/ur_dashboard_msgs/srv/detail/download_program__rosidl_typesupport_fastrtps_c.h
[0.446s] -- Up-to-date symlink: /home/huy/ur3_llm_ws/install/ur_dashboard_msgs/include/ur_dashboard_msgs/ur_dashboard_msgs/srv/detail/download_support_file__rosidl_typesupport_fastrtps_c.h
[0.446s] -- Up-to-date symlink: /home/huy/ur3_llm_ws/install/ur_dashboard_msgs/include/ur_dashboard_msgs/ur_dashboard_msgs/srv/detail/generate_flight_report__rosidl_typesupport_fastrtps_c.h
[0.446s] -- Up-to-date symlink: /home/huy/ur3_llm_ws/install/ur_dashboard_msgs/include/ur_dashboard_msgs/ur_dashboard_msgs/srv/detail/generate_support_file__rosidl_typesupport_fastrtps_c.h
[0.447s] -- Up-to-date symlink: /home/huy/ur3_llm_ws/install/ur_dashboard_msgs/include/ur_dashboard_msgs/ur_dashboard_msgs/srv/detail/get_loaded_program__rosidl_typesupport_fastrtps_c.h
[0.447s] -- Up-to-date symlink: /home/huy/ur3_llm_ws/install/ur_dashboard_msgs/include/ur_dashboard_msgs/ur_dashboard_msgs/srv/detail/get_operational_mode__rosidl_typesupport_fastrtps_c.h
[0.447s] -- Up-to-date symlink: /home/huy/ur3_llm_ws/install/ur_dashboard_msgs/include/ur_dashboard_msgs/ur_dashboard_msgs/srv/detail/get_poly_scope_version__rosidl_typesupport_fastrtps_c.h
[0.447s] -- Up-to-date symlink: /home/huy/ur3_llm_ws/install/ur_dashboard_msgs/include/ur_dashboard_msgs/ur_dashboard_msgs/srv/detail/get_program_state__rosidl_typesupport_fastrtps_c.h
[0.447s] -- Up-to-date symlink: /home/huy/ur3_llm_ws/install/ur_dashboard_msgs/include/ur_dashboard_msgs/ur_dashboard_msgs/srv/detail/get_programs__rosidl_typesupport_fastrtps_c.h
[0.447s] -- Up-to-date symlink: /home/huy/ur3_llm_ws/install/ur_dashboard_msgs/include/ur_dashboard_msgs/ur_dashboard_msgs/srv/detail/get_robot_mode__rosidl_typesupport_fastrtps_c.h
[0.447s] -- Up-to-date symlink: /home/huy/ur3_llm_ws/install/ur_dashboard_msgs/include/ur_dashboard_msgs/ur_dashboard_msgs/srv/detail/get_robot_model__rosidl_typesupport_fastrtps_c.h
[0.448s] -- Up-to-date symlink: /home/huy/ur3_llm_ws/install/ur_dashboard_msgs/include/ur_dashboard_msgs/ur_dashboard_msgs/srv/detail/get_safety_mode__rosidl_typesupport_fastrtps_c.h
[0.448s] -- Up-to-date symlink: /home/huy/ur3_llm_ws/install/ur_dashboard_msgs/include/ur_dashboard_msgs/ur_dashboard_msgs/srv/detail/get_safety_status__rosidl_typesupport_fastrtps_c.h
[0.448s] -- Up-to-date symlink: /home/huy/ur3_llm_ws/install/ur_dashboard_msgs/include/ur_dashboard_msgs/ur_dashboard_msgs/srv/detail/get_serial_number__rosidl_typesupport_fastrtps_c.h
[0.448s] -- Up-to-date symlink: /home/huy/ur3_llm_ws/install/ur_dashboard_msgs/include/ur_dashboard_msgs/ur_dashboard_msgs/srv/detail/get_user_role__rosidl_typesupport_fastrtps_c.h
[0.448s] -- Up-to-date symlink: /home/huy/ur3_llm_ws/install/ur_dashboard_msgs/include/ur_dashboard_msgs/ur_dashboard_msgs/srv/detail/is_in_remote_control__rosidl_typesupport_fastrtps_c.h
[0.448s] -- Up-to-date symlink: /home/huy/ur3_llm_ws/install/ur_dashboard_msgs/include/ur_dashboard_msgs/ur_dashboard_msgs/srv/detail/is_program_running__rosidl_typesupport_fastrtps_c.h
[0.448s] -- Up-to-date symlink: /home/huy/ur3_llm_ws/install/ur_dashboard_msgs/include/ur_dashboard_msgs/ur_dashboard_msgs/srv/detail/is_program_saved__rosidl_typesupport_fastrtps_c.h
[0.448s] -- Up-to-date symlink: /home/huy/ur3_llm_ws/install/ur_dashboard_msgs/include/ur_dashboard_msgs/ur_dashboard_msgs/srv/detail/load__rosidl_typesupport_fastrtps_c.h
[0.448s] -- Up-to-date symlink: /home/huy/ur3_llm_ws/install/ur_dashboard_msgs/include/ur_dashboard_msgs/ur_dashboard_msgs/srv/detail/popup__rosidl_typesupport_fastrtps_c.h
[0.448s] -- Up-to-date symlink: /home/huy/ur3_llm_ws/install/ur_dashboard_msgs/include/ur_dashboard_msgs/ur_dashboard_msgs/srv/detail/raw_request__rosidl_typesupport_fastrtps_c.h
[0.448s] -- Up-to-date symlink: /home/huy/ur3_llm_ws/install/ur_dashboard_msgs/include/ur_dashboard_msgs/ur_dashboard_msgs/srv/detail/set_operational_mode__rosidl_typesupport_fastrtps_c.h
[0.448s] -- Up-to-date symlink: /home/huy/ur3_llm_ws/install/ur_dashboard_msgs/include/ur_dashboard_msgs/ur_dashboard_msgs/srv/detail/set_user_role__rosidl_typesupport_fastrtps_c.h
[0.449s] -- Up-to-date symlink: /home/huy/ur3_llm_ws/install/ur_dashboard_msgs/include/ur_dashboard_msgs/ur_dashboard_msgs/srv/detail/upload_program__rosidl_typesupport_fastrtps_c.h
[0.449s] -- Up-to-date symlink: /home/huy/ur3_llm_ws/install/ur_dashboard_msgs/include/ur_dashboard_msgs/ur_dashboard_msgs/action/detail/set_mode__rosidl_typesupport_introspection_c.h
[0.449s] -- Up-to-date symlink: /home/huy/ur3_llm_ws/install/ur_dashboard_msgs/include/ur_dashboard_msgs/ur_dashboard_msgs/msg/detail/operational_mode__rosidl_typesupport_introspection_c.h
[0.449s] -- Up-to-date symlink: /home/huy/ur3_llm_ws/install/ur_dashboard_msgs/include/ur_dashboard_msgs/ur_dashboard_msgs/msg/detail/program_information__rosidl_typesupport_introspection_c.h
[0.449s] -- Up-to-date symlink: /home/huy/ur3_llm_ws/install/ur_dashboard_msgs/include/ur_dashboard_msgs/ur_dashboard_msgs/msg/detail/program_state__rosidl_typesupport_introspection_c.h
[0.449s] -- Up-to-date symlink: /home/huy/ur3_llm_ws/install/ur_dashboard_msgs/include/ur_dashboard_msgs/ur_dashboard_msgs/msg/detail/robot_mode__rosidl_typesupport_introspection_c.h
[0.449s] -- Up-to-date symlink: /home/huy/ur3_llm_ws/install/ur_dashboard_msgs/include/ur_dashboard_msgs/ur_dashboard_msgs/msg/detail/safety_mode__rosidl_typesupport_introspection_c.h
[0.449s] -- Up-to-date symlink: /home/huy/ur3_llm_ws/install/ur_dashboard_msgs/include/ur_dashboard_msgs/ur_dashboard_msgs/msg/detail/safety_status__rosidl_typesupport_introspection_c.h
[0.449s] -- Up-to-date symlink: /home/huy/ur3_llm_ws/install/ur_dashboard_msgs/include/ur_dashboard_msgs/ur_dashboard_msgs/msg/detail/user_role__rosidl_typesupport_introspection_c.h
[0.449s] -- Up-to-date symlink: /home/huy/ur3_llm_ws/install/ur_dashboard_msgs/include/ur_dashboard_msgs/ur_dashboard_msgs/msg/detail/version_information__rosidl_typesupport_introspection_c.h
[0.449s] -- Up-to-date symlink: /home/huy/ur3_llm_ws/install/ur_dashboard_msgs/include/ur_dashboard_msgs/ur_dashboard_msgs/msg/rosidl_typesupport_introspection_c__visibility_control.h
[0.449s] -- Up-to-date symlink: /home/huy/ur3_llm_ws/install/ur_dashboard_msgs/include/ur_dashboard_msgs/ur_dashboard_msgs/srv/detail/add_to_log__rosidl_typesupport_introspection_c.h
[0.449s] -- Up-to-date symlink: /home/huy/ur3_llm_ws/install/ur_dashboard_msgs/include/ur_dashboard_msgs/ur_dashboard_msgs/srv/detail/download_program__rosidl_typesupport_introspection_c.h
[0.450s] -- Up-to-date symlink: /home/huy/ur3_llm_ws/install/ur_dashboard_msgs/include/ur_dashboard_msgs/ur_dashboard_msgs/srv/detail/download_support_file__rosidl_typesupport_introspection_c.h
[0.450s] -- Up-to-date symlink: /home/huy/ur3_llm_ws/install/ur_dashboard_msgs/include/ur_dashboard_msgs/ur_dashboard_msgs/srv/detail/generate_flight_report__rosidl_typesupport_introspection_c.h
[0.450s] -- Up-to-date symlink: /home/huy/ur3_llm_ws/install/ur_dashboard_msgs/include/ur_dashboard_msgs/ur_dashboard_msgs/srv/detail/generate_support_file__rosidl_typesupport_introspection_c.h
[0.450s] -- Up-to-date symlink: /home/huy/ur3_llm_ws/install/ur_dashboard_msgs/include/ur_dashboard_msgs/ur_dashboard_msgs/srv/detail/get_loaded_program__rosidl_typesupport_introspection_c.h
[0.450s] -- Up-to-date symlink: /home/huy/ur3_llm_ws/install/ur_dashboard_msgs/include/ur_dashboard_msgs/ur_dashboard_msgs/srv/detail/get_operational_mode__rosidl_typesupport_introspection_c.h
[0.450s] -- Up-to-date symlink: /home/huy/ur3_llm_ws/install/ur_dashboard_msgs/include/ur_dashboard_msgs/ur_dashboard_msgs/srv/detail/get_poly_scope_version__rosidl_typesupport_introspection_c.h
[0.450s] -- Up-to-date symlink: /home/huy/ur3_llm_ws/install/ur_dashboard_msgs/include/ur_dashboard_msgs/ur_dashboard_msgs/srv/detail/get_program_state__rosidl_typesupport_introspection_c.h
[0.450s] -- Up-to-date symlink: /home/huy/ur3_llm_ws/install/ur_dashboard_msgs/include/ur_dashboard_msgs/ur_dashboard_msgs/srv/detail/get_programs__rosidl_typesupport_introspection_c.h
[0.450s] -- Up-to-date symlink: /home/huy/ur3_llm_ws/install/ur_dashboard_msgs/include/ur_dashboard_msgs/ur_dashboard_msgs/srv/detail/get_robot_mode__rosidl_typesupport_introspection_c.h
[0.450s] -- Up-to-date symlink: /home/huy/ur3_llm_ws/install/ur_dashboard_msgs/include/ur_dashboard_msgs/ur_dashboard_msgs/srv/detail/get_robot_model__rosidl_typesupport_introspection_c.h
[0.450s] -- Up-to-date symlink: /home/huy/ur3_llm_ws/install/ur_dashboard_msgs/include/ur_dashboard_msgs/ur_dashboard_msgs/srv/detail/get_safety_mode__rosidl_typesupport_introspection_c.h
[0.450s] -- Up-to-date symlink: /home/huy/ur3_llm_ws/install/ur_dashboard_msgs/include/ur_dashboard_msgs/ur_dashboard_msgs/srv/detail/get_safety_status__rosidl_typesupport_introspection_c.h
[0.450s] -- Up-to-date symlink: /home/huy/ur3_llm_ws/install/ur_dashboard_msgs/include/ur_dashboard_msgs/ur_dashboard_msgs/srv/detail/get_serial_number__rosidl_typesupport_introspection_c.h
[0.450s] -- Up-to-date symlink: /home/huy/ur3_llm_ws/install/ur_dashboard_msgs/include/ur_dashboard_msgs/ur_dashboard_msgs/srv/detail/get_user_role__rosidl_typesupport_introspection_c.h
[0.450s] -- Up-to-date symlink: /home/huy/ur3_llm_ws/install/ur_dashboard_msgs/include/ur_dashboard_msgs/ur_dashboard_msgs/srv/detail/is_in_remote_control__rosidl_typesupport_introspection_c.h
[0.450s] -- Up-to-date symlink: /home/huy/ur3_llm_ws/install/ur_dashboard_msgs/include/ur_dashboard_msgs/ur_dashboard_msgs/srv/detail/is_program_running__rosidl_typesupport_introspection_c.h
[0.450s] -- Up-to-date symlink: /home/huy/ur3_llm_ws/install/ur_dashboard_msgs/include/ur_dashboard_msgs/ur_dashboard_msgs/srv/detail/is_program_saved__rosidl_typesupport_introspection_c.h
[0.450s] -- Up-to-date symlink: /home/huy/ur3_llm_ws/install/ur_dashboard_msgs/include/ur_dashboard_msgs/ur_dashboard_msgs/srv/detail/load__rosidl_typesupport_introspection_c.h
[0.450s] -- Up-to-date symlink: /home/huy/ur3_llm_ws/install/ur_dashboard_msgs/include/ur_dashboard_msgs/ur_dashboard_msgs/srv/detail/popup__rosidl_typesupport_introspection_c.h
[0.450s] -- Up-to-date symlink: /home/huy/ur3_llm_ws/install/ur_dashboard_msgs/include/ur_dashboard_msgs/ur_dashboard_msgs/srv/detail/raw_request__rosidl_typesupport_introspection_c.h
[0.451s] -- Up-to-date symlink: /home/huy/ur3_llm_ws/install/ur_dashboard_msgs/include/ur_dashboard_msgs/ur_dashboard_msgs/srv/detail/set_operational_mode__rosidl_typesupport_introspection_c.h
[0.451s] -- Up-to-date symlink: /home/huy/ur3_llm_ws/install/ur_dashboard_msgs/include/ur_dashboard_msgs/ur_dashboard_msgs/srv/detail/set_user_role__rosidl_typesupport_introspection_c.h
[0.451s] -- Up-to-date symlink: /home/huy/ur3_llm_ws/install/ur_dashboard_msgs/include/ur_dashboard_msgs/ur_dashboard_msgs/srv/detail/upload_program__rosidl_typesupport_introspection_c.h
[0.451s] -- Up-to-date symlink: /home/huy/ur3_llm_ws/install/ur_dashboard_msgs/include/ur_dashboard_msgs/ur_dashboard_msgs/action/detail/set_mode__builder.hpp
[0.451s] -- Up-to-date symlink: /home/huy/ur3_llm_ws/install/ur_dashboard_msgs/include/ur_dashboard_msgs/ur_dashboard_msgs/action/detail/set_mode__struct.hpp
[0.451s] -- Up-to-date symlink: /home/huy/ur3_llm_ws/install/ur_dashboard_msgs/include/ur_dashboard_msgs/ur_dashboard_msgs/action/detail/set_mode__traits.hpp
[0.451s] -- Up-to-date symlink: /home/huy/ur3_llm_ws/install/ur_dashboard_msgs/include/ur_dashboard_msgs/ur_dashboard_msgs/action/detail/set_mode__type_support.hpp
[0.451s] -- Up-to-date symlink: /home/huy/ur3_llm_ws/install/ur_dashboard_msgs/include/ur_dashboard_msgs/ur_dashboard_msgs/action/set_mode.hpp
[0.451s] -- Up-to-date symlink: /home/huy/ur3_llm_ws/install/ur_dashboard_msgs/include/ur_dashboard_msgs/ur_dashboard_msgs/msg/detail/operational_mode__builder.hpp
[0.452s] -- Up-to-date symlink: /home/huy/ur3_llm_ws/install/ur_dashboard_msgs/include/ur_dashboard_msgs/ur_dashboard_msgs/msg/detail/operational_mode__struct.hpp
[0.452s] -- Up-to-date symlink: /home/huy/ur3_llm_ws/install/ur_dashboard_msgs/include/ur_dashboard_msgs/ur_dashboard_msgs/msg/detail/operational_mode__traits.hpp
[0.452s] -- Up-to-date symlink: /home/huy/ur3_llm_ws/install/ur_dashboard_msgs/include/ur_dashboard_msgs/ur_dashboard_msgs/msg/detail/operational_mode__type_support.hpp
[0.452s] -- Up-to-date symlink: /home/huy/ur3_llm_ws/install/ur_dashboard_msgs/include/ur_dashboard_msgs/ur_dashboard_msgs/msg/detail/program_information__builder.hpp
[0.452s] -- Up-to-date symlink: /home/huy/ur3_llm_ws/install/ur_dashboard_msgs/include/ur_dashboard_msgs/ur_dashboard_msgs/msg/detail/program_information__struct.hpp
[0.452s] -- Up-to-date symlink: /home/huy/ur3_llm_ws/install/ur_dashboard_msgs/include/ur_dashboard_msgs/ur_dashboard_msgs/msg/detail/program_information__traits.hpp
[0.452s] -- Up-to-date symlink: /home/huy/ur3_llm_ws/install/ur_dashboard_msgs/include/ur_dashboard_msgs/ur_dashboard_msgs/msg/detail/program_information__type_support.hpp
[0.452s] -- Up-to-date symlink: /home/huy/ur3_llm_ws/install/ur_dashboard_msgs/include/ur_dashboard_msgs/ur_dashboard_msgs/msg/detail/program_state__builder.hpp
[0.452s] -- Up-to-date symlink: /home/huy/ur3_llm_ws/install/ur_dashboard_msgs/include/ur_dashboard_msgs/ur_dashboard_msgs/msg/detail/program_state__struct.hpp
[0.452s] -- Up-to-date symlink: /home/huy/ur3_llm_ws/install/ur_dashboard_msgs/include/ur_dashboard_msgs/ur_dashboard_msgs/msg/detail/program_state__traits.hpp
[0.453s] -- Up-to-date symlink: /home/huy/ur3_llm_ws/install/ur_dashboard_msgs/include/ur_dashboard_msgs/ur_dashboard_msgs/msg/detail/program_state__type_support.hpp
[0.453s] -- Up-to-date symlink: /home/huy/ur3_llm_ws/install/ur_dashboard_msgs/include/ur_dashboard_msgs/ur_dashboard_msgs/msg/detail/robot_mode__builder.hpp
[0.453s] -- Up-to-date symlink: /home/huy/ur3_llm_ws/install/ur_dashboard_msgs/include/ur_dashboard_msgs/ur_dashboard_msgs/msg/detail/robot_mode__struct.hpp
[0.453s] -- Up-to-date symlink: /home/huy/ur3_llm_ws/install/ur_dashboard_msgs/include/ur_dashboard_msgs/ur_dashboard_msgs/msg/detail/robot_mode__traits.hpp
[0.453s] -- Up-to-date symlink: /home/huy/ur3_llm_ws/install/ur_dashboard_msgs/include/ur_dashboard_msgs/ur_dashboard_msgs/msg/detail/robot_mode__type_support.hpp
[0.453s] -- Up-to-date symlink: /home/huy/ur3_llm_ws/install/ur_dashboard_msgs/include/ur_dashboard_msgs/ur_dashboard_msgs/msg/detail/safety_mode__builder.hpp
[0.454s] -- Up-to-date symlink: /home/huy/ur3_llm_ws/install/ur_dashboard_msgs/include/ur_dashboard_msgs/ur_dashboard_msgs/msg/detail/safety_mode__struct.hpp
[0.454s] -- Up-to-date symlink: /home/huy/ur3_llm_ws/install/ur_dashboard_msgs/include/ur_dashboard_msgs/ur_dashboard_msgs/msg/detail/safety_mode__traits.hpp
[0.454s] -- Up-to-date symlink: /home/huy/ur3_llm_ws/install/ur_dashboard_msgs/include/ur_dashboard_msgs/ur_dashboard_msgs/msg/detail/safety_mode__type_support.hpp
[0.454s] -- Up-to-date symlink: /home/huy/ur3_llm_ws/install/ur_dashboard_msgs/include/ur_dashboard_msgs/ur_dashboard_msgs/msg/detail/safety_status__builder.hpp
[0.454s] -- Up-to-date symlink: /home/huy/ur3_llm_ws/install/ur_dashboard_msgs/include/ur_dashboard_msgs/ur_dashboard_msgs/msg/detail/safety_status__struct.hpp
[0.454s] -- Up-to-date symlink: /home/huy/ur3_llm_ws/install/ur_dashboard_msgs/include/ur_dashboard_msgs/ur_dashboard_msgs/msg/detail/safety_status__traits.hpp
[0.454s] -- Up-to-date symlink: /home/huy/ur3_llm_ws/install/ur_dashboard_msgs/include/ur_dashboard_msgs/ur_dashboard_msgs/msg/detail/safety_status__type_support.hpp
[0.454s] -- Up-to-date symlink: /home/huy/ur3_llm_ws/install/ur_dashboard_msgs/include/ur_dashboard_msgs/ur_dashboard_msgs/msg/detail/user_role__builder.hpp
[0.455s] -- Up-to-date symlink: /home/huy/ur3_llm_ws/install/ur_dashboard_msgs/include/ur_dashboard_msgs/ur_dashboard_msgs/msg/detail/user_role__struct.hpp
[0.455s] -- Up-to-date symlink: /home/huy/ur3_llm_ws/install/ur_dashboard_msgs/include/ur_dashboard_msgs/ur_dashboard_msgs/msg/detail/user_role__traits.hpp
[0.455s] -- Up-to-date symlink: /home/huy/ur3_llm_ws/install/ur_dashboard_msgs/include/ur_dashboard_msgs/ur_dashboard_msgs/msg/detail/user_role__type_support.hpp
[0.455s] -- Up-to-date symlink: /home/huy/ur3_llm_ws/install/ur_dashboard_msgs/include/ur_dashboard_msgs/ur_dashboard_msgs/msg/detail/version_information__builder.hpp
[0.455s] -- Up-to-date symlink: /home/huy/ur3_llm_ws/install/ur_dashboard_msgs/include/ur_dashboard_msgs/ur_dashboard_msgs/msg/detail/version_information__struct.hpp
[0.455s] -- Up-to-date symlink: /home/huy/ur3_llm_ws/install/ur_dashboard_msgs/include/ur_dashboard_msgs/ur_dashboard_msgs/msg/detail/version_information__traits.hpp
[0.455s] -- Up-to-date symlink: /home/huy/ur3_llm_ws/install/ur_dashboard_msgs/include/ur_dashboard_msgs/ur_dashboard_msgs/msg/detail/version_information__type_support.hpp
[0.455s] -- Up-to-date symlink: /home/huy/ur3_llm_ws/install/ur_dashboard_msgs/include/ur_dashboard_msgs/ur_dashboard_msgs/msg/operational_mode.hpp
[0.455s] -- Up-to-date symlink: /home/huy/ur3_llm_ws/install/ur_dashboard_msgs/include/ur_dashboard_msgs/ur_dashboard_msgs/msg/program_information.hpp
[0.456s] -- Up-to-date symlink: /home/huy/ur3_llm_ws/install/ur_dashboard_msgs/include/ur_dashboard_msgs/ur_dashboard_msgs/msg/program_state.hpp
[0.456s] -- Up-to-date symlink: /home/huy/ur3_llm_ws/install/ur_dashboard_msgs/include/ur_dashboard_msgs/ur_dashboard_msgs/msg/robot_mode.hpp
[0.456s] -- Up-to-date symlink: /home/huy/ur3_llm_ws/install/ur_dashboard_msgs/include/ur_dashboard_msgs/ur_dashboard_msgs/msg/rosidl_generator_cpp__visibility_control.hpp
[0.456s] -- Up-to-date symlink: /home/huy/ur3_llm_ws/install/ur_dashboard_msgs/include/ur_dashboard_msgs/ur_dashboard_msgs/msg/safety_mode.hpp
[0.456s] -- Up-to-date symlink: /home/huy/ur3_llm_ws/install/ur_dashboard_msgs/include/ur_dashboard_msgs/ur_dashboard_msgs/msg/safety_status.hpp
[0.456s] -- Up-to-date symlink: /home/huy/ur3_llm_ws/install/ur_dashboard_msgs/include/ur_dashboard_msgs/ur_dashboard_msgs/msg/user_role.hpp
[0.456s] -- Up-to-date symlink: /home/huy/ur3_llm_ws/install/ur_dashboard_msgs/include/ur_dashboard_msgs/ur_dashboard_msgs/msg/version_information.hpp
[0.456s] -- Up-to-date symlink: /home/huy/ur3_llm_ws/install/ur_dashboard_msgs/include/ur_dashboard_msgs/ur_dashboard_msgs/srv/add_to_log.hpp
[0.456s] -- Up-to-date symlink: /home/huy/ur3_llm_ws/install/ur_dashboard_msgs/include/ur_dashboard_msgs/ur_dashboard_msgs/srv/detail/add_to_log__builder.hpp
[0.456s] -- Up-to-date symlink: /home/huy/ur3_llm_ws/install/ur_dashboard_msgs/include/ur_dashboard_msgs/ur_dashboard_msgs/srv/detail/add_to_log__struct.hpp
[0.457s] -- Up-to-date symlink: /home/huy/ur3_llm_ws/install/ur_dashboard_msgs/include/ur_dashboard_msgs/ur_dashboard_msgs/srv/detail/add_to_log__traits.hpp
[0.457s] -- Up-to-date symlink: /home/huy/ur3_llm_ws/install/ur_dashboard_msgs/include/ur_dashboard_msgs/ur_dashboard_msgs/srv/detail/add_to_log__type_support.hpp
[0.457s] -- Up-to-date symlink: /home/huy/ur3_llm_ws/install/ur_dashboard_msgs/include/ur_dashboard_msgs/ur_dashboard_msgs/srv/detail/download_program__builder.hpp
[0.457s] -- Up-to-date symlink: /home/huy/ur3_llm_ws/install/ur_dashboard_msgs/include/ur_dashboard_msgs/ur_dashboard_msgs/srv/detail/download_program__struct.hpp
[0.457s] -- Up-to-date symlink: /home/huy/ur3_llm_ws/install/ur_dashboard_msgs/include/ur_dashboard_msgs/ur_dashboard_msgs/srv/detail/download_program__traits.hpp
[0.457s] -- Up-to-date symlink: /home/huy/ur3_llm_ws/install/ur_dashboard_msgs/include/ur_dashboard_msgs/ur_dashboard_msgs/srv/detail/download_program__type_support.hpp
[0.457s] -- Up-to-date symlink: /home/huy/ur3_llm_ws/install/ur_dashboard_msgs/include/ur_dashboard_msgs/ur_dashboard_msgs/srv/detail/download_support_file__builder.hpp
[0.457s] -- Up-to-date symlink: /home/huy/ur3_llm_ws/install/ur_dashboard_msgs/include/ur_dashboard_msgs/ur_dashboard_msgs/srv/detail/download_support_file__struct.hpp
[0.457s] -- Up-to-date symlink: /home/huy/ur3_llm_ws/install/ur_dashboard_msgs/include/ur_dashboard_msgs/ur_dashboard_msgs/srv/detail/download_support_file__traits.hpp
[0.457s] -- Up-to-date symlink: /home/huy/ur3_llm_ws/install/ur_dashboard_msgs/include/ur_dashboard_msgs/ur_dashboard_msgs/srv/detail/download_support_file__type_support.hpp
[0.457s] -- Up-to-date symlink: /home/huy/ur3_llm_ws/install/ur_dashboard_msgs/include/ur_dashboard_msgs/ur_dashboard_msgs/srv/detail/generate_flight_report__builder.hpp
[0.458s] -- Up-to-date symlink: /home/huy/ur3_llm_ws/install/ur_dashboard_msgs/include/ur_dashboard_msgs/ur_dashboard_msgs/srv/detail/generate_flight_report__struct.hpp
[0.458s] -- Up-to-date symlink: /home/huy/ur3_llm_ws/install/ur_dashboard_msgs/include/ur_dashboard_msgs/ur_dashboard_msgs/srv/detail/generate_flight_report__traits.hpp
[0.458s] -- Up-to-date symlink: /home/huy/ur3_llm_ws/install/ur_dashboard_msgs/include/ur_dashboard_msgs/ur_dashboard_msgs/srv/detail/generate_flight_report__type_support.hpp
[0.458s] -- Up-to-date symlink: /home/huy/ur3_llm_ws/install/ur_dashboard_msgs/include/ur_dashboard_msgs/ur_dashboard_msgs/srv/detail/generate_support_file__builder.hpp
[0.458s] -- Up-to-date symlink: /home/huy/ur3_llm_ws/install/ur_dashboard_msgs/include/ur_dashboard_msgs/ur_dashboard_msgs/srv/detail/generate_support_file__struct.hpp
[0.458s] -- Up-to-date symlink: /home/huy/ur3_llm_ws/install/ur_dashboard_msgs/include/ur_dashboard_msgs/ur_dashboard_msgs/srv/detail/generate_support_file__traits.hpp
[0.458s] -- Up-to-date symlink: /home/huy/ur3_llm_ws/install/ur_dashboard_msgs/include/ur_dashboard_msgs/ur_dashboard_msgs/srv/detail/generate_support_file__type_support.hpp
[0.458s] -- Up-to-date symlink: /home/huy/ur3_llm_ws/install/ur_dashboard_msgs/include/ur_dashboard_msgs/ur_dashboard_msgs/srv/detail/get_loaded_program__builder.hpp
[0.458s] -- Up-to-date symlink: /home/huy/ur3_llm_ws/install/ur_dashboard_msgs/include/ur_dashboard_msgs/ur_dashboard_msgs/srv/detail/get_loaded_program__struct.hpp
[0.459s] -- Up-to-date symlink: /home/huy/ur3_llm_ws/install/ur_dashboard_msgs/include/ur_dashboard_msgs/ur_dashboard_msgs/srv/detail/get_loaded_program__traits.hpp
[0.459s] -- Up-to-date symlink: /home/huy/ur3_llm_ws/install/ur_dashboard_msgs/include/ur_dashboard_msgs/ur_dashboard_msgs/srv/detail/get_loaded_program__type_support.hpp
[0.459s] -- Up-to-date symlink: /home/huy/ur3_llm_ws/install/ur_dashboard_msgs/include/ur_dashboard_msgs/ur_dashboard_msgs/srv/detail/get_operational_mode__builder.hpp
[0.459s] -- Up-to-date symlink: /home/huy/ur3_llm_ws/install/ur_dashboard_msgs/include/ur_dashboard_msgs/ur_dashboard_msgs/srv/detail/get_operational_mode__struct.hpp
[0.459s] -- Up-to-date symlink: /home/huy/ur3_llm_ws/install/ur_dashboard_msgs/include/ur_dashboard_msgs/ur_dashboard_msgs/srv/detail/get_operational_mode__traits.hpp
[0.459s] -- Up-to-date symlink: /home/huy/ur3_llm_ws/install/ur_dashboard_msgs/include/ur_dashboard_msgs/ur_dashboard_msgs/srv/detail/get_operational_mode__type_support.hpp
[0.459s] -- Up-to-date symlink: /home/huy/ur3_llm_ws/install/ur_dashboard_msgs/include/ur_dashboard_msgs/ur_dashboard_msgs/srv/detail/get_poly_scope_version__builder.hpp
[0.459s] -- Up-to-date symlink: /home/huy/ur3_llm_ws/install/ur_dashboard_msgs/include/ur_dashboard_msgs/ur_dashboard_msgs/srv/detail/get_poly_scope_version__struct.hpp
[0.460s] -- Up-to-date symlink: /home/huy/ur3_llm_ws/install/ur_dashboard_msgs/include/ur_dashboard_msgs/ur_dashboard_msgs/srv/detail/get_poly_scope_version__traits.hpp
[0.460s] -- Up-to-date symlink: /home/huy/ur3_llm_ws/install/ur_dashboard_msgs/include/ur_dashboard_msgs/ur_dashboard_msgs/srv/detail/get_poly_scope_version__type_support.hpp
[0.460s] -- Up-to-date symlink: /home/huy/ur3_llm_ws/install/ur_dashboard_msgs/include/ur_dashboard_msgs/ur_dashboard_msgs/srv/detail/get_program_state__builder.hpp
[0.460s] -- Up-to-date symlink: /home/huy/ur3_llm_ws/install/ur_dashboard_msgs/include/ur_dashboard_msgs/ur_dashboard_msgs/srv/detail/get_program_state__struct.hpp
[0.460s] -- Up-to-date symlink: /home/huy/ur3_llm_ws/install/ur_dashboard_msgs/include/ur_dashboard_msgs/ur_dashboard_msgs/srv/detail/get_program_state__traits.hpp
[0.460s] -- Up-to-date symlink: /home/huy/ur3_llm_ws/install/ur_dashboard_msgs/include/ur_dashboard_msgs/ur_dashboard_msgs/srv/detail/get_program_state__type_support.hpp
[0.460s] -- Up-to-date symlink: /home/huy/ur3_llm_ws/install/ur_dashboard_msgs/include/ur_dashboard_msgs/ur_dashboard_msgs/srv/detail/get_programs__builder.hpp
[0.460s] -- Up-to-date symlink: /home/huy/ur3_llm_ws/install/ur_dashboard_msgs/include/ur_dashboard_msgs/ur_dashboard_msgs/srv/detail/get_programs__struct.hpp
[0.460s] -- Up-to-date symlink: /home/huy/ur3_llm_ws/install/ur_dashboard_msgs/include/ur_dashboard_msgs/ur_dashboard_msgs/srv/detail/get_programs__traits.hpp
[0.461s] -- Up-to-date symlink: /home/huy/ur3_llm_ws/install/ur_dashboard_msgs/include/ur_dashboard_msgs/ur_dashboard_msgs/srv/detail/get_programs__type_support.hpp
[0.461s] -- Up-to-date symlink: /home/huy/ur3_llm_ws/install/ur_dashboard_msgs/include/ur_dashboard_msgs/ur_dashboard_msgs/srv/detail/get_robot_mode__builder.hpp
[0.461s] -- Up-to-date symlink: /home/huy/ur3_llm_ws/install/ur_dashboard_msgs/include/ur_dashboard_msgs/ur_dashboard_msgs/srv/detail/get_robot_mode__struct.hpp
[0.461s] -- Up-to-date symlink: /home/huy/ur3_llm_ws/install/ur_dashboard_msgs/include/ur_dashboard_msgs/ur_dashboard_msgs/srv/detail/get_robot_mode__traits.hpp
[0.461s] -- Up-to-date symlink: /home/huy/ur3_llm_ws/install/ur_dashboard_msgs/include/ur_dashboard_msgs/ur_dashboard_msgs/srv/detail/get_robot_mode__type_support.hpp
[0.461s] -- Up-to-date symlink: /home/huy/ur3_llm_ws/install/ur_dashboard_msgs/include/ur_dashboard_msgs/ur_dashboard_msgs/srv/detail/get_robot_model__builder.hpp
[0.461s] -- Up-to-date symlink: /home/huy/ur3_llm_ws/install/ur_dashboard_msgs/include/ur_dashboard_msgs/ur_dashboard_msgs/srv/detail/get_robot_model__struct.hpp
[0.461s] -- Up-to-date symlink: /home/huy/ur3_llm_ws/install/ur_dashboard_msgs/include/ur_dashboard_msgs/ur_dashboard_msgs/srv/detail/get_robot_model__traits.hpp
[0.462s] -- Up-to-date symlink: /home/huy/ur3_llm_ws/install/ur_dashboard_msgs/include/ur_dashboard_msgs/ur_dashboard_msgs/srv/detail/get_robot_model__type_support.hpp
[0.462s] -- Up-to-date symlink: /home/huy/ur3_llm_ws/install/ur_dashboard_msgs/include/ur_dashboard_msgs/ur_dashboard_msgs/srv/detail/get_safety_mode__builder.hpp
[0.462s] -- Up-to-date symlink: /home/huy/ur3_llm_ws/install/ur_dashboard_msgs/include/ur_dashboard_msgs/ur_dashboard_msgs/srv/detail/get_safety_mode__struct.hpp
[0.462s] -- Up-to-date symlink: /home/huy/ur3_llm_ws/install/ur_dashboard_msgs/include/ur_dashboard_msgs/ur_dashboard_msgs/srv/detail/get_safety_mode__traits.hpp
[0.462s] -- Up-to-date symlink: /home/huy/ur3_llm_ws/install/ur_dashboard_msgs/include/ur_dashboard_msgs/ur_dashboard_msgs/srv/detail/get_safety_mode__type_support.hpp
[0.462s] -- Up-to-date symlink: /home/huy/ur3_llm_ws/install/ur_dashboard_msgs/include/ur_dashboard_msgs/ur_dashboard_msgs/srv/detail/get_safety_status__builder.hpp
[0.462s] -- Up-to-date symlink: /home/huy/ur3_llm_ws/install/ur_dashboard_msgs/include/ur_dashboard_msgs/ur_dashboard_msgs/srv/detail/get_safety_status__struct.hpp
[0.462s] -- Up-to-date symlink: /home/huy/ur3_llm_ws/install/ur_dashboard_msgs/include/ur_dashboard_msgs/ur_dashboard_msgs/srv/detail/get_safety_status__traits.hpp
[0.462s] -- Up-to-date symlink: /home/huy/ur3_llm_ws/install/ur_dashboard_msgs/include/ur_dashboard_msgs/ur_dashboard_msgs/srv/detail/get_safety_status__type_support.hpp
[0.462s] -- Up-to-date symlink: /home/huy/ur3_llm_ws/install/ur_dashboard_msgs/include/ur_dashboard_msgs/ur_dashboard_msgs/srv/detail/get_serial_number__builder.hpp
[0.462s] -- Up-to-date symlink: /home/huy/ur3_llm_ws/install/ur_dashboard_msgs/include/ur_dashboard_msgs/ur_dashboard_msgs/srv/detail/get_serial_number__struct.hpp
[0.463s] -- Up-to-date symlink: /home/huy/ur3_llm_ws/install/ur_dashboard_msgs/include/ur_dashboard_msgs/ur_dashboard_msgs/srv/detail/get_serial_number__traits.hpp
[0.463s] -- Up-to-date symlink: /home/huy/ur3_llm_ws/install/ur_dashboard_msgs/include/ur_dashboard_msgs/ur_dashboard_msgs/srv/detail/get_serial_number__type_support.hpp
[0.463s] -- Up-to-date symlink: /home/huy/ur3_llm_ws/install/ur_dashboard_msgs/include/ur_dashboard_msgs/ur_dashboard_msgs/srv/detail/get_user_role__builder.hpp
[0.463s] -- Up-to-date symlink: /home/huy/ur3_llm_ws/install/ur_dashboard_msgs/include/ur_dashboard_msgs/ur_dashboard_msgs/srv/detail/get_user_role__struct.hpp
[0.463s] -- Up-to-date symlink: /home/huy/ur3_llm_ws/install/ur_dashboard_msgs/include/ur_dashboard_msgs/ur_dashboard_msgs/srv/detail/get_user_role__traits.hpp
[0.463s] -- Up-to-date symlink: /home/huy/ur3_llm_ws/install/ur_dashboard_msgs/include/ur_dashboard_msgs/ur_dashboard_msgs/srv/detail/get_user_role__type_support.hpp
[0.463s] -- Up-to-date symlink: /home/huy/ur3_llm_ws/install/ur_dashboard_msgs/include/ur_dashboard_msgs/ur_dashboard_msgs/srv/detail/is_in_remote_control__builder.hpp
[0.463s] -- Up-to-date symlink: /home/huy/ur3_llm_ws/install/ur_dashboard_msgs/include/ur_dashboard_msgs/ur_dashboard_msgs/srv/detail/is_in_remote_control__struct.hpp
[0.463s] -- Up-to-date symlink: /home/huy/ur3_llm_ws/install/ur_dashboard_msgs/include/ur_dashboard_msgs/ur_dashboard_msgs/srv/detail/is_in_remote_control__traits.hpp
[0.463s] -- Up-to-date symlink: /home/huy/ur3_llm_ws/install/ur_dashboard_msgs/include/ur_dashboard_msgs/ur_dashboard_msgs/srv/detail/is_in_remote_control__type_support.hpp
[0.464s] -- Up-to-date symlink: /home/huy/ur3_llm_ws/install/ur_dashboard_msgs/include/ur_dashboard_msgs/ur_dashboard_msgs/srv/detail/is_program_running__builder.hpp
[0.464s] -- Up-to-date symlink: /home/huy/ur3_llm_ws/install/ur_dashboard_msgs/include/ur_dashboard_msgs/ur_dashboard_msgs/srv/detail/is_program_running__struct.hpp
[0.464s] -- Up-to-date symlink: /home/huy/ur3_llm_ws/install/ur_dashboard_msgs/include/ur_dashboard_msgs/ur_dashboard_msgs/srv/detail/is_program_running__traits.hpp
[0.464s] -- Up-to-date symlink: /home/huy/ur3_llm_ws/install/ur_dashboard_msgs/include/ur_dashboard_msgs/ur_dashboard_msgs/srv/detail/is_program_running__type_support.hpp
[0.464s] -- Up-to-date symlink: /home/huy/ur3_llm_ws/install/ur_dashboard_msgs/include/ur_dashboard_msgs/ur_dashboard_msgs/srv/detail/is_program_saved__builder.hpp
[0.464s] -- Up-to-date symlink: /home/huy/ur3_llm_ws/install/ur_dashboard_msgs/include/ur_dashboard_msgs/ur_dashboard_msgs/srv/detail/is_program_saved__struct.hpp
[0.464s] -- Up-to-date symlink: /home/huy/ur3_llm_ws/install/ur_dashboard_msgs/include/ur_dashboard_msgs/ur_dashboard_msgs/srv/detail/is_program_saved__traits.hpp
[0.464s] -- Up-to-date symlink: /home/huy/ur3_llm_ws/install/ur_dashboard_msgs/include/ur_dashboard_msgs/ur_dashboard_msgs/srv/detail/is_program_saved__type_support.hpp
[0.464s] -- Up-to-date symlink: /home/huy/ur3_llm_ws/install/ur_dashboard_msgs/include/ur_dashboard_msgs/ur_dashboard_msgs/srv/detail/load__builder.hpp
[0.464s] -- Up-to-date symlink: /home/huy/ur3_llm_ws/install/ur_dashboard_msgs/include/ur_dashboard_msgs/ur_dashboard_msgs/srv/detail/load__struct.hpp
[0.464s] -- Up-to-date symlink: /home/huy/ur3_llm_ws/install/ur_dashboard_msgs/include/ur_dashboard_msgs/ur_dashboard_msgs/srv/detail/load__traits.hpp
[0.465s] -- Up-to-date symlink: /home/huy/ur3_llm_ws/install/ur_dashboard_msgs/include/ur_dashboard_msgs/ur_dashboard_msgs/srv/detail/load__type_support.hpp
[0.465s] -- Up-to-date symlink: /home/huy/ur3_llm_ws/install/ur_dashboard_msgs/include/ur_dashboard_msgs/ur_dashboard_msgs/srv/detail/popup__builder.hpp
[0.465s] -- Up-to-date symlink: /home/huy/ur3_llm_ws/install/ur_dashboard_msgs/include/ur_dashboard_msgs/ur_dashboard_msgs/srv/detail/popup__struct.hpp
[0.465s] -- Up-to-date symlink: /home/huy/ur3_llm_ws/install/ur_dashboard_msgs/include/ur_dashboard_msgs/ur_dashboard_msgs/srv/detail/popup__traits.hpp
[0.465s] -- Up-to-date symlink: /home/huy/ur3_llm_ws/install/ur_dashboard_msgs/include/ur_dashboard_msgs/ur_dashboard_msgs/srv/detail/popup__type_support.hpp
[0.465s] -- Up-to-date symlink: /home/huy/ur3_llm_ws/install/ur_dashboard_msgs/include/ur_dashboard_msgs/ur_dashboard_msgs/srv/detail/raw_request__builder.hpp
[0.465s] -- Up-to-date symlink: /home/huy/ur3_llm_ws/install/ur_dashboard_msgs/include/ur_dashboard_msgs/ur_dashboard_msgs/srv/detail/raw_request__struct.hpp
[0.465s] -- Up-to-date symlink: /home/huy/ur3_llm_ws/install/ur_dashboard_msgs/include/ur_dashboard_msgs/ur_dashboard_msgs/srv/detail/raw_request__traits.hpp
[0.465s] -- Up-to-date symlink: /home/huy/ur3_llm_ws/install/ur_dashboard_msgs/include/ur_dashboard_msgs/ur_dashboard_msgs/srv/detail/raw_request__type_support.hpp
[0.466s] -- Up-to-date symlink: /home/huy/ur3_llm_ws/install/ur_dashboard_msgs/include/ur_dashboard_msgs/ur_dashboard_msgs/srv/detail/set_operational_mode__builder.hpp
[0.466s] -- Up-to-date symlink: /home/huy/ur3_llm_ws/install/ur_dashboard_msgs/include/ur_dashboard_msgs/ur_dashboard_msgs/srv/detail/set_operational_mode__struct.hpp
[0.466s] -- Up-to-date symlink: /home/huy/ur3_llm_ws/install/ur_dashboard_msgs/include/ur_dashboard_msgs/ur_dashboard_msgs/srv/detail/set_operational_mode__traits.hpp
[0.466s] -- Up-to-date symlink: /home/huy/ur3_llm_ws/install/ur_dashboard_msgs/include/ur_dashboard_msgs/ur_dashboard_msgs/srv/detail/set_operational_mode__type_support.hpp
[0.466s] -- Up-to-date symlink: /home/huy/ur3_llm_ws/install/ur_dashboard_msgs/include/ur_dashboard_msgs/ur_dashboard_msgs/srv/detail/set_user_role__builder.hpp
[0.466s] -- Up-to-date symlink: /home/huy/ur3_llm_ws/install/ur_dashboard_msgs/include/ur_dashboard_msgs/ur_dashboard_msgs/srv/detail/set_user_role__struct.hpp
[0.466s] -- Up-to-date symlink: /home/huy/ur3_llm_ws/install/ur_dashboard_msgs/include/ur_dashboard_msgs/ur_dashboard_msgs/srv/detail/set_user_role__traits.hpp
[0.466s] -- Up-to-date symlink: /home/huy/ur3_llm_ws/install/ur_dashboard_msgs/include/ur_dashboard_msgs/ur_dashboard_msgs/srv/detail/set_user_role__type_support.hpp
[0.466s] -- Up-to-date symlink: /home/huy/ur3_llm_ws/install/ur_dashboard_msgs/include/ur_dashboard_msgs/ur_dashboard_msgs/srv/detail/upload_program__builder.hpp
[0.466s] -- Up-to-date symlink: /home/huy/ur3_llm_ws/install/ur_dashboard_msgs/include/ur_dashboard_msgs/ur_dashboard_msgs/srv/detail/upload_program__struct.hpp
[0.466s] -- Up-to-date symlink: /home/huy/ur3_llm_ws/install/ur_dashboard_msgs/include/ur_dashboard_msgs/ur_dashboard_msgs/srv/detail/upload_program__traits.hpp
[0.466s] -- Up-to-date symlink: /home/huy/ur3_llm_ws/install/ur_dashboard_msgs/include/ur_dashboard_msgs/ur_dashboard_msgs/srv/detail/upload_program__type_support.hpp
[0.466s] -- Up-to-date symlink: /home/huy/ur3_llm_ws/install/ur_dashboard_msgs/include/ur_dashboard_msgs/ur_dashboard_msgs/srv/download_program.hpp
[0.466s] -- Up-to-date symlink: /home/huy/ur3_llm_ws/install/ur_dashboard_msgs/include/ur_dashboard_msgs/ur_dashboard_msgs/srv/download_support_file.hpp
[0.467s] -- Up-to-date symlink: /home/huy/ur3_llm_ws/install/ur_dashboard_msgs/include/ur_dashboard_msgs/ur_dashboard_msgs/srv/generate_flight_report.hpp
[0.467s] -- Up-to-date symlink: /home/huy/ur3_llm_ws/install/ur_dashboard_msgs/include/ur_dashboard_msgs/ur_dashboard_msgs/srv/generate_support_file.hpp
[0.467s] -- Up-to-date symlink: /home/huy/ur3_llm_ws/install/ur_dashboard_msgs/include/ur_dashboard_msgs/ur_dashboard_msgs/srv/get_loaded_program.hpp
[0.467s] -- Up-to-date symlink: /home/huy/ur3_llm_ws/install/ur_dashboard_msgs/include/ur_dashboard_msgs/ur_dashboard_msgs/srv/get_operational_mode.hpp
[0.467s] -- Up-to-date symlink: /home/huy/ur3_llm_ws/install/ur_dashboard_msgs/include/ur_dashboard_msgs/ur_dashboard_msgs/srv/get_poly_scope_version.hpp
[0.467s] -- Up-to-date symlink: /home/huy/ur3_llm_ws/install/ur_dashboard_msgs/include/ur_dashboard_msgs/ur_dashboard_msgs/srv/get_program_state.hpp
[0.467s] -- Up-to-date symlink: /home/huy/ur3_llm_ws/install/ur_dashboard_msgs/include/ur_dashboard_msgs/ur_dashboard_msgs/srv/get_programs.hpp
[0.467s] -- Up-to-date symlink: /home/huy/ur3_llm_ws/install/ur_dashboard_msgs/include/ur_dashboard_msgs/ur_dashboard_msgs/srv/get_robot_mode.hpp
[0.467s] -- Up-to-date symlink: /home/huy/ur3_llm_ws/install/ur_dashboard_msgs/include/ur_dashboard_msgs/ur_dashboard_msgs/srv/get_robot_model.hpp
[0.467s] -- Up-to-date symlink: /home/huy/ur3_llm_ws/install/ur_dashboard_msgs/include/ur_dashboard_msgs/ur_dashboard_msgs/srv/get_safety_mode.hpp
[0.467s] -- Up-to-date symlink: /home/huy/ur3_llm_ws/install/ur_dashboard_msgs/include/ur_dashboard_msgs/ur_dashboard_msgs/srv/get_safety_status.hpp
[0.467s] -- Up-to-date symlink: /home/huy/ur3_llm_ws/install/ur_dashboard_msgs/include/ur_dashboard_msgs/ur_dashboard_msgs/srv/get_serial_number.hpp
[0.468s] -- Up-to-date symlink: /home/huy/ur3_llm_ws/install/ur_dashboard_msgs/include/ur_dashboard_msgs/ur_dashboard_msgs/srv/get_user_role.hpp
[0.468s] -- Up-to-date symlink: /home/huy/ur3_llm_ws/install/ur_dashboard_msgs/include/ur_dashboard_msgs/ur_dashboard_msgs/srv/is_in_remote_control.hpp
[0.468s] -- Up-to-date symlink: /home/huy/ur3_llm_ws/install/ur_dashboard_msgs/include/ur_dashboard_msgs/ur_dashboard_msgs/srv/is_program_running.hpp
[0.468s] -- Up-to-date symlink: /home/huy/ur3_llm_ws/install/ur_dashboard_msgs/include/ur_dashboard_msgs/ur_dashboard_msgs/srv/is_program_saved.hpp
[0.468s] -- Up-to-date symlink: /home/huy/ur3_llm_ws/install/ur_dashboard_msgs/include/ur_dashboard_msgs/ur_dashboard_msgs/srv/load.hpp
[0.468s] -- Up-to-date symlink: /home/huy/ur3_llm_ws/install/ur_dashboard_msgs/include/ur_dashboard_msgs/ur_dashboard_msgs/srv/popup.hpp
[0.468s] -- Up-to-date symlink: /home/huy/ur3_llm_ws/install/ur_dashboard_msgs/include/ur_dashboard_msgs/ur_dashboard_msgs/srv/raw_request.hpp
[0.468s] -- Up-to-date symlink: /home/huy/ur3_llm_ws/install/ur_dashboard_msgs/include/ur_dashboard_msgs/ur_dashboard_msgs/srv/set_operational_mode.hpp
[0.468s] -- Up-to-date symlink: /home/huy/ur3_llm_ws/install/ur_dashboard_msgs/include/ur_dashboard_msgs/ur_dashboard_msgs/srv/set_user_role.hpp
[0.468s] -- Up-to-date symlink: /home/huy/ur3_llm_ws/install/ur_dashboard_msgs/include/ur_dashboard_msgs/ur_dashboard_msgs/srv/upload_program.hpp
[0.468s] -- Up-to-date symlink: /home/huy/ur3_llm_ws/install/ur_dashboard_msgs/include/ur_dashboard_msgs/ur_dashboard_msgs/action/detail/set_mode__rosidl_typesupport_fastrtps_cpp.hpp
[0.468s] -- Up-to-date symlink: /home/huy/ur3_llm_ws/install/ur_dashboard_msgs/include/ur_dashboard_msgs/ur_dashboard_msgs/msg/detail/operational_mode__rosidl_typesupport_fastrtps_cpp.hpp
[0.469s] -- Up-to-date symlink: /home/huy/ur3_llm_ws/install/ur_dashboard_msgs/include/ur_dashboard_msgs/ur_dashboard_msgs/msg/detail/program_information__rosidl_typesupport_fastrtps_cpp.hpp
[0.469s] -- Up-to-date symlink: /home/huy/ur3_llm_ws/install/ur_dashboard_msgs/include/ur_dashboard_msgs/ur_dashboard_msgs/msg/detail/program_state__rosidl_typesupport_fastrtps_cpp.hpp
[0.469s] -- Up-to-date symlink: /home/huy/ur3_llm_ws/install/ur_dashboard_msgs/include/ur_dashboard_msgs/ur_dashboard_msgs/msg/detail/robot_mode__rosidl_typesupport_fastrtps_cpp.hpp
[0.469s] -- Up-to-date symlink: /home/huy/ur3_llm_ws/install/ur_dashboard_msgs/include/ur_dashboard_msgs/ur_dashboard_msgs/msg/detail/safety_mode__rosidl_typesupport_fastrtps_cpp.hpp
[0.469s] -- Up-to-date symlink: /home/huy/ur3_llm_ws/install/ur_dashboard_msgs/include/ur_dashboard_msgs/ur_dashboard_msgs/msg/detail/safety_status__rosidl_typesupport_fastrtps_cpp.hpp
[0.469s] -- Up-to-date symlink: /home/huy/ur3_llm_ws/install/ur_dashboard_msgs/include/ur_dashboard_msgs/ur_dashboard_msgs/msg/detail/user_role__rosidl_typesupport_fastrtps_cpp.hpp
[0.469s] -- Up-to-date symlink: /home/huy/ur3_llm_ws/install/ur_dashboard_msgs/include/ur_dashboard_msgs/ur_dashboard_msgs/msg/detail/version_information__rosidl_typesupport_fastrtps_cpp.hpp
[0.469s] -- Up-to-date symlink: /home/huy/ur3_llm_ws/install/ur_dashboard_msgs/include/ur_dashboard_msgs/ur_dashboard_msgs/msg/rosidl_typesupport_fastrtps_cpp__visibility_control.h
[0.469s] -- Up-to-date symlink: /home/huy/ur3_llm_ws/install/ur_dashboard_msgs/include/ur_dashboard_msgs/ur_dashboard_msgs/srv/detail/add_to_log__rosidl_typesupport_fastrtps_cpp.hpp
[0.469s] -- Up-to-date symlink: /home/huy/ur3_llm_ws/install/ur_dashboard_msgs/include/ur_dashboard_msgs/ur_dashboard_msgs/srv/detail/download_program__rosidl_typesupport_fastrtps_cpp.hpp
[0.469s] -- Up-to-date symlink: /home/huy/ur3_llm_ws/install/ur_dashboard_msgs/include/ur_dashboard_msgs/ur_dashboard_msgs/srv/detail/download_support_file__rosidl_typesupport_fastrtps_cpp.hpp
[0.469s] -- Up-to-date symlink: /home/huy/ur3_llm_ws/install/ur_dashboard_msgs/include/ur_dashboard_msgs/ur_dashboard_msgs/srv/detail/generate_flight_report__rosidl_typesupport_fastrtps_cpp.hpp
[0.470s] -- Up-to-date symlink: /home/huy/ur3_llm_ws/install/ur_dashboard_msgs/include/ur_dashboard_msgs/ur_dashboard_msgs/srv/detail/generate_support_file__rosidl_typesupport_fastrtps_cpp.hpp
[0.470s] -- Up-to-date symlink: /home/huy/ur3_llm_ws/install/ur_dashboard_msgs/include/ur_dashboard_msgs/ur_dashboard_msgs/srv/detail/get_loaded_program__rosidl_typesupport_fastrtps_cpp.hpp
[0.470s] -- Up-to-date symlink: /home/huy/ur3_llm_ws/install/ur_dashboard_msgs/include/ur_dashboard_msgs/ur_dashboard_msgs/srv/detail/get_operational_mode__rosidl_typesupport_fastrtps_cpp.hpp
[0.470s] -- Up-to-date symlink: /home/huy/ur3_llm_ws/install/ur_dashboard_msgs/include/ur_dashboard_msgs/ur_dashboard_msgs/srv/detail/get_poly_scope_version__rosidl_typesupport_fastrtps_cpp.hpp
[0.470s] -- Up-to-date symlink: /home/huy/ur3_llm_ws/install/ur_dashboard_msgs/include/ur_dashboard_msgs/ur_dashboard_msgs/srv/detail/get_program_state__rosidl_typesupport_fastrtps_cpp.hpp
[0.470s] -- Up-to-date symlink: /home/huy/ur3_llm_ws/install/ur_dashboard_msgs/include/ur_dashboard_msgs/ur_dashboard_msgs/srv/detail/get_programs__rosidl_typesupport_fastrtps_cpp.hpp
[0.470s] -- Up-to-date symlink: /home/huy/ur3_llm_ws/install/ur_dashboard_msgs/include/ur_dashboard_msgs/ur_dashboard_msgs/srv/detail/get_robot_mode__rosidl_typesupport_fastrtps_cpp.hpp
[0.470s] -- Up-to-date symlink: /home/huy/ur3_llm_ws/install/ur_dashboard_msgs/include/ur_dashboard_msgs/ur_dashboard_msgs/srv/detail/get_robot_model__rosidl_typesupport_fastrtps_cpp.hpp
[0.470s] -- Up-to-date symlink: /home/huy/ur3_llm_ws/install/ur_dashboard_msgs/include/ur_dashboard_msgs/ur_dashboard_msgs/srv/detail/get_safety_mode__rosidl_typesupport_fastrtps_cpp.hpp
[0.471s] -- Up-to-date symlink: /home/huy/ur3_llm_ws/install/ur_dashboard_msgs/include/ur_dashboard_msgs/ur_dashboard_msgs/srv/detail/get_safety_status__rosidl_typesupport_fastrtps_cpp.hpp
[0.471s] -- Up-to-date symlink: /home/huy/ur3_llm_ws/install/ur_dashboard_msgs/include/ur_dashboard_msgs/ur_dashboard_msgs/srv/detail/get_serial_number__rosidl_typesupport_fastrtps_cpp.hpp
[0.471s] -- Up-to-date symlink: /home/huy/ur3_llm_ws/install/ur_dashboard_msgs/include/ur_dashboard_msgs/ur_dashboard_msgs/srv/detail/get_user_role__rosidl_typesupport_fastrtps_cpp.hpp
[0.471s] -- Up-to-date symlink: /home/huy/ur3_llm_ws/install/ur_dashboard_msgs/include/ur_dashboard_msgs/ur_dashboard_msgs/srv/detail/is_in_remote_control__rosidl_typesupport_fastrtps_cpp.hpp
[0.471s] -- Up-to-date symlink: /home/huy/ur3_llm_ws/install/ur_dashboard_msgs/include/ur_dashboard_msgs/ur_dashboard_msgs/srv/detail/is_program_running__rosidl_typesupport_fastrtps_cpp.hpp
[0.471s] -- Up-to-date symlink: /home/huy/ur3_llm_ws/install/ur_dashboard_msgs/include/ur_dashboard_msgs/ur_dashboard_msgs/srv/detail/is_program_saved__rosidl_typesupport_fastrtps_cpp.hpp
[0.471s] -- Up-to-date symlink: /home/huy/ur3_llm_ws/install/ur_dashboard_msgs/include/ur_dashboard_msgs/ur_dashboard_msgs/srv/detail/load__rosidl_typesupport_fastrtps_cpp.hpp
[0.471s] -- Up-to-date symlink: /home/huy/ur3_llm_ws/install/ur_dashboard_msgs/include/ur_dashboard_msgs/ur_dashboard_msgs/srv/detail/popup__rosidl_typesupport_fastrtps_cpp.hpp
[0.471s] -- Up-to-date symlink: /home/huy/ur3_llm_ws/install/ur_dashboard_msgs/include/ur_dashboard_msgs/ur_dashboard_msgs/srv/detail/raw_request__rosidl_typesupport_fastrtps_cpp.hpp
[0.471s] -- Up-to-date symlink: /home/huy/ur3_llm_ws/install/ur_dashboard_msgs/include/ur_dashboard_msgs/ur_dashboard_msgs/srv/detail/set_operational_mode__rosidl_typesupport_fastrtps_cpp.hpp
[0.471s] -- Up-to-date symlink: /home/huy/ur3_llm_ws/install/ur_dashboard_msgs/include/ur_dashboard_msgs/ur_dashboard_msgs/srv/detail/set_user_role__rosidl_typesupport_fastrtps_cpp.hpp
[0.471s] -- Up-to-date symlink: /home/huy/ur3_llm_ws/install/ur_dashboard_msgs/include/ur_dashboard_msgs/ur_dashboard_msgs/srv/detail/upload_program__rosidl_typesupport_fastrtps_cpp.hpp
[0.471s] -- Up-to-date symlink: /home/huy/ur3_llm_ws/install/ur_dashboard_msgs/include/ur_dashboard_msgs/ur_dashboard_msgs/action/detail/set_mode__rosidl_typesupport_introspection_cpp.hpp
[0.471s] -- Up-to-date symlink: /home/huy/ur3_llm_ws/install/ur_dashboard_msgs/include/ur_dashboard_msgs/ur_dashboard_msgs/msg/detail/operational_mode__rosidl_typesupport_introspection_cpp.hpp
[0.471s] -- Up-to-date symlink: /home/huy/ur3_llm_ws/install/ur_dashboard_msgs/include/ur_dashboard_msgs/ur_dashboard_msgs/msg/detail/program_information__rosidl_typesupport_introspection_cpp.hpp
[0.471s] -- Up-to-date symlink: /home/huy/ur3_llm_ws/install/ur_dashboard_msgs/include/ur_dashboard_msgs/ur_dashboard_msgs/msg/detail/program_state__rosidl_typesupport_introspection_cpp.hpp
[0.472s] -- Up-to-date symlink: /home/huy/ur3_llm_ws/install/ur_dashboard_msgs/include/ur_dashboard_msgs/ur_dashboard_msgs/msg/detail/robot_mode__rosidl_typesupport_introspection_cpp.hpp
[0.472s] -- Up-to-date symlink: /home/huy/ur3_llm_ws/install/ur_dashboard_msgs/include/ur_dashboard_msgs/ur_dashboard_msgs/msg/detail/safety_mode__rosidl_typesupport_introspection_cpp.hpp
[0.472s] -- Up-to-date symlink: /home/huy/ur3_llm_ws/install/ur_dashboard_msgs/include/ur_dashboard_msgs/ur_dashboard_msgs/msg/detail/safety_status__rosidl_typesupport_introspection_cpp.hpp
[0.472s] -- Up-to-date symlink: /home/huy/ur3_llm_ws/install/ur_dashboard_msgs/include/ur_dashboard_msgs/ur_dashboard_msgs/msg/detail/user_role__rosidl_typesupport_introspection_cpp.hpp
[0.472s] -- Up-to-date symlink: /home/huy/ur3_llm_ws/install/ur_dashboard_msgs/include/ur_dashboard_msgs/ur_dashboard_msgs/msg/detail/version_information__rosidl_typesupport_introspection_cpp.hpp
[0.473s] -- Up-to-date symlink: /home/huy/ur3_llm_ws/install/ur_dashboard_msgs/include/ur_dashboard_msgs/ur_dashboard_msgs/srv/detail/add_to_log__rosidl_typesupport_introspection_cpp.hpp
[0.473s] -- Up-to-date symlink: /home/huy/ur3_llm_ws/install/ur_dashboard_msgs/include/ur_dashboard_msgs/ur_dashboard_msgs/srv/detail/download_program__rosidl_typesupport_introspection_cpp.hpp
[0.473s] -- Up-to-date symlink: /home/huy/ur3_llm_ws/install/ur_dashboard_msgs/include/ur_dashboard_msgs/ur_dashboard_msgs/srv/detail/download_support_file__rosidl_typesupport_introspection_cpp.hpp
[0.473s] -- Up-to-date symlink: /home/huy/ur3_llm_ws/install/ur_dashboard_msgs/include/ur_dashboard_msgs/ur_dashboard_msgs/srv/detail/generate_flight_report__rosidl_typesupport_introspection_cpp.hpp
[0.473s] -- Up-to-date symlink: /home/huy/ur3_llm_ws/install/ur_dashboard_msgs/include/ur_dashboard_msgs/ur_dashboard_msgs/srv/detail/generate_support_file__rosidl_typesupport_introspection_cpp.hpp
[0.473s] -- Up-to-date symlink: /home/huy/ur3_llm_ws/install/ur_dashboard_msgs/include/ur_dashboard_msgs/ur_dashboard_msgs/srv/detail/get_loaded_program__rosidl_typesupport_introspection_cpp.hpp
[0.473s] -- Up-to-date symlink: /home/huy/ur3_llm_ws/install/ur_dashboard_msgs/include/ur_dashboard_msgs/ur_dashboard_msgs/srv/detail/get_operational_mode__rosidl_typesupport_introspection_cpp.hpp
[0.473s] -- Up-to-date symlink: /home/huy/ur3_llm_ws/install/ur_dashboard_msgs/include/ur_dashboard_msgs/ur_dashboard_msgs/srv/detail/get_poly_scope_version__rosidl_typesupport_introspection_cpp.hpp
[0.473s] -- Up-to-date symlink: /home/huy/ur3_llm_ws/install/ur_dashboard_msgs/include/ur_dashboard_msgs/ur_dashboard_msgs/srv/detail/get_program_state__rosidl_typesupport_introspection_cpp.hpp
[0.473s] -- Up-to-date symlink: /home/huy/ur3_llm_ws/install/ur_dashboard_msgs/include/ur_dashboard_msgs/ur_dashboard_msgs/srv/detail/get_programs__rosidl_typesupport_introspection_cpp.hpp
[0.473s] -- Up-to-date symlink: /home/huy/ur3_llm_ws/install/ur_dashboard_msgs/include/ur_dashboard_msgs/ur_dashboard_msgs/srv/detail/get_robot_mode__rosidl_typesupport_introspection_cpp.hpp
[0.473s] -- Up-to-date symlink: /home/huy/ur3_llm_ws/install/ur_dashboard_msgs/include/ur_dashboard_msgs/ur_dashboard_msgs/srv/detail/get_robot_model__rosidl_typesupport_introspection_cpp.hpp
[0.473s] -- Up-to-date symlink: /home/huy/ur3_llm_ws/install/ur_dashboard_msgs/include/ur_dashboard_msgs/ur_dashboard_msgs/srv/detail/get_safety_mode__rosidl_typesupport_introspection_cpp.hpp
[0.473s] -- Up-to-date symlink: /home/huy/ur3_llm_ws/install/ur_dashboard_msgs/include/ur_dashboard_msgs/ur_dashboard_msgs/srv/detail/get_safety_status__rosidl_typesupport_introspection_cpp.hpp
[0.474s] -- Up-to-date symlink: /home/huy/ur3_llm_ws/install/ur_dashboard_msgs/include/ur_dashboard_msgs/ur_dashboard_msgs/srv/detail/get_serial_number__rosidl_typesupport_introspection_cpp.hpp
[0.474s] -- Up-to-date symlink: /home/huy/ur3_llm_ws/install/ur_dashboard_msgs/include/ur_dashboard_msgs/ur_dashboard_msgs/srv/detail/get_user_role__rosidl_typesupport_introspection_cpp.hpp
[0.474s] -- Up-to-date symlink: /home/huy/ur3_llm_ws/install/ur_dashboard_msgs/include/ur_dashboard_msgs/ur_dashboard_msgs/srv/detail/is_in_remote_control__rosidl_typesupport_introspection_cpp.hpp
[0.474s] -- Up-to-date symlink: /home/huy/ur3_llm_ws/install/ur_dashboard_msgs/include/ur_dashboard_msgs/ur_dashboard_msgs/srv/detail/is_program_running__rosidl_typesupport_introspection_cpp.hpp
[0.474s] -- Up-to-date symlink: /home/huy/ur3_llm_ws/install/ur_dashboard_msgs/include/ur_dashboard_msgs/ur_dashboard_msgs/srv/detail/is_program_saved__rosidl_typesupport_introspection_cpp.hpp
[0.474s] -- Up-to-date symlink: /home/huy/ur3_llm_ws/install/ur_dashboard_msgs/include/ur_dashboard_msgs/ur_dashboard_msgs/srv/detail/load__rosidl_typesupport_introspection_cpp.hpp
[0.474s] -- Up-to-date symlink: /home/huy/ur3_llm_ws/install/ur_dashboard_msgs/include/ur_dashboard_msgs/ur_dashboard_msgs/srv/detail/popup__rosidl_typesupport_introspection_cpp.hpp
[0.474s] -- Up-to-date symlink: /home/huy/ur3_llm_ws/install/ur_dashboard_msgs/include/ur_dashboard_msgs/ur_dashboard_msgs/srv/detail/raw_request__rosidl_typesupport_introspection_cpp.hpp
[0.474s] -- Up-to-date symlink: /home/huy/ur3_llm_ws/install/ur_dashboard_msgs/include/ur_dashboard_msgs/ur_dashboard_msgs/srv/detail/set_operational_mode__rosidl_typesupport_introspection_cpp.hpp
[0.474s] -- Up-to-date symlink: /home/huy/ur3_llm_ws/install/ur_dashboard_msgs/include/ur_dashboard_msgs/ur_dashboard_msgs/srv/detail/set_user_role__rosidl_typesupport_introspection_cpp.hpp
[0.475s] -- Up-to-date symlink: /home/huy/ur3_llm_ws/install/ur_dashboard_msgs/include/ur_dashboard_msgs/ur_dashboard_msgs/srv/detail/upload_program__rosidl_typesupport_introspection_cpp.hpp
[0.475s] -- Up-to-date symlink: /home/huy/ur3_llm_ws/install/ur_dashboard_msgs/share/ur_dashboard_msgs/environment/pythonpath.sh
[0.475s] -- Up-to-date symlink: /home/huy/ur3_llm_ws/install/ur_dashboard_msgs/share/ur_dashboard_msgs/environment/pythonpath.dsv
[0.475s] -- Up-to-date symlink: /home/huy/ur3_llm_ws/install/ur_dashboard_msgs/local/lib/python3.10/dist-packages/ur_dashboard_msgs-2.15.0-py3.10.egg-info/PKG-INFO
[0.475s] -- Up-to-date symlink: /home/huy/ur3_llm_ws/install/ur_dashboard_msgs/local/lib/python3.10/dist-packages/ur_dashboard_msgs-2.15.0-py3.10.egg-info/SOURCES.txt
[0.475s] -- Up-to-date symlink: /home/huy/ur3_llm_ws/install/ur_dashboard_msgs/local/lib/python3.10/dist-packages/ur_dashboard_msgs-2.15.0-py3.10.egg-info/dependency_links.txt
[0.475s] -- Up-to-date symlink: /home/huy/ur3_llm_ws/install/ur_dashboard_msgs/local/lib/python3.10/dist-packages/ur_dashboard_msgs-2.15.0-py3.10.egg-info/top_level.txt
[0.476s] -- Up-to-date symlink: /home/huy/ur3_llm_ws/install/ur_dashboard_msgs/local/lib/python3.10/dist-packages/ur_dashboard_msgs/__init__.py
[0.476s] -- Up-to-date symlink: /home/huy/ur3_llm_ws/install/ur_dashboard_msgs/local/lib/python3.10/dist-packages/ur_dashboard_msgs/_ur_dashboard_msgs_s.ep.rosidl_typesupport_c.c
[0.476s] -- Up-to-date symlink: /home/huy/ur3_llm_ws/install/ur_dashboard_msgs/local/lib/python3.10/dist-packages/ur_dashboard_msgs/_ur_dashboard_msgs_s.ep.rosidl_typesupport_fastrtps_c.c
[0.476s] -- Up-to-date symlink: /home/huy/ur3_llm_ws/install/ur_dashboard_msgs/local/lib/python3.10/dist-packages/ur_dashboard_msgs/_ur_dashboard_msgs_s.ep.rosidl_typesupport_introspection_c.c
[0.476s] -- Up-to-date symlink: /home/huy/ur3_llm_ws/install/ur_dashboard_msgs/local/lib/python3.10/dist-packages/ur_dashboard_msgs/action/__init__.py
[0.476s] -- Up-to-date symlink: /home/huy/ur3_llm_ws/install/ur_dashboard_msgs/local/lib/python3.10/dist-packages/ur_dashboard_msgs/action/_set_mode.py
[0.477s] -- Up-to-date symlink: /home/huy/ur3_llm_ws/install/ur_dashboard_msgs/local/lib/python3.10/dist-packages/ur_dashboard_msgs/action/_set_mode_s.c
[0.477s] -- Up-to-date symlink: /home/huy/ur3_llm_ws/install/ur_dashboard_msgs/local/lib/python3.10/dist-packages/ur_dashboard_msgs/libur_dashboard_msgs__rosidl_generator_py.so
[0.477s] -- Up-to-date symlink: /home/huy/ur3_llm_ws/install/ur_dashboard_msgs/local/lib/python3.10/dist-packages/ur_dashboard_msgs/msg/__init__.py
[0.477s] -- Up-to-date symlink: /home/huy/ur3_llm_ws/install/ur_dashboard_msgs/local/lib/python3.10/dist-packages/ur_dashboard_msgs/msg/_operational_mode.py
[0.477s] -- Up-to-date symlink: /home/huy/ur3_llm_ws/install/ur_dashboard_msgs/local/lib/python3.10/dist-packages/ur_dashboard_msgs/msg/_operational_mode_s.c
[0.477s] -- Up-to-date symlink: /home/huy/ur3_llm_ws/install/ur_dashboard_msgs/local/lib/python3.10/dist-packages/ur_dashboard_msgs/msg/_program_information.py
[0.477s] -- Up-to-date symlink: /home/huy/ur3_llm_ws/install/ur_dashboard_msgs/local/lib/python3.10/dist-packages/ur_dashboard_msgs/msg/_program_information_s.c
[0.477s] -- Up-to-date symlink: /home/huy/ur3_llm_ws/install/ur_dashboard_msgs/local/lib/python3.10/dist-packages/ur_dashboard_msgs/msg/_program_state.py
[0.477s] -- Up-to-date symlink: /home/huy/ur3_llm_ws/install/ur_dashboard_msgs/local/lib/python3.10/dist-packages/ur_dashboard_msgs/msg/_program_state_s.c
[0.477s] -- Up-to-date symlink: /home/huy/ur3_llm_ws/install/ur_dashboard_msgs/local/lib/python3.10/dist-packages/ur_dashboard_msgs/msg/_robot_mode.py
[0.477s] -- Up-to-date symlink: /home/huy/ur3_llm_ws/install/ur_dashboard_msgs/local/lib/python3.10/dist-packages/ur_dashboard_msgs/msg/_robot_mode_s.c
[0.477s] -- Up-to-date symlink: /home/huy/ur3_llm_ws/install/ur_dashboard_msgs/local/lib/python3.10/dist-packages/ur_dashboard_msgs/msg/_safety_mode.py
[0.478s] -- Up-to-date symlink: /home/huy/ur3_llm_ws/install/ur_dashboard_msgs/local/lib/python3.10/dist-packages/ur_dashboard_msgs/msg/_safety_mode_s.c
[0.478s] -- Up-to-date symlink: /home/huy/ur3_llm_ws/install/ur_dashboard_msgs/local/lib/python3.10/dist-packages/ur_dashboard_msgs/msg/_safety_status.py
[0.478s] -- Up-to-date symlink: /home/huy/ur3_llm_ws/install/ur_dashboard_msgs/local/lib/python3.10/dist-packages/ur_dashboard_msgs/msg/_safety_status_s.c
[0.478s] -- Up-to-date symlink: /home/huy/ur3_llm_ws/install/ur_dashboard_msgs/local/lib/python3.10/dist-packages/ur_dashboard_msgs/msg/_user_role.py
[0.478s] -- Up-to-date symlink: /home/huy/ur3_llm_ws/install/ur_dashboard_msgs/local/lib/python3.10/dist-packages/ur_dashboard_msgs/msg/_user_role_s.c
[0.478s] -- Up-to-date symlink: /home/huy/ur3_llm_ws/install/ur_dashboard_msgs/local/lib/python3.10/dist-packages/ur_dashboard_msgs/msg/_version_information.py
[0.478s] -- Up-to-date symlink: /home/huy/ur3_llm_ws/install/ur_dashboard_msgs/local/lib/python3.10/dist-packages/ur_dashboard_msgs/msg/_version_information_s.c
[0.478s] -- Up-to-date symlink: /home/huy/ur3_llm_ws/install/ur_dashboard_msgs/local/lib/python3.10/dist-packages/ur_dashboard_msgs/srv/__init__.py
[0.478s] -- Up-to-date symlink: /home/huy/ur3_llm_ws/install/ur_dashboard_msgs/local/lib/python3.10/dist-packages/ur_dashboard_msgs/srv/_add_to_log.py
[0.478s] -- Up-to-date symlink: /home/huy/ur3_llm_ws/install/ur_dashboard_msgs/local/lib/python3.10/dist-packages/ur_dashboard_msgs/srv/_add_to_log_s.c
[0.478s] -- Up-to-date symlink: /home/huy/ur3_llm_ws/install/ur_dashboard_msgs/local/lib/python3.10/dist-packages/ur_dashboard_msgs/srv/_download_program.py
[0.478s] -- Up-to-date symlink: /home/huy/ur3_llm_ws/install/ur_dashboard_msgs/local/lib/python3.10/dist-packages/ur_dashboard_msgs/srv/_download_program_s.c
[0.478s] -- Up-to-date symlink: /home/huy/ur3_llm_ws/install/ur_dashboard_msgs/local/lib/python3.10/dist-packages/ur_dashboard_msgs/srv/_download_support_file.py
[0.478s] -- Up-to-date symlink: /home/huy/ur3_llm_ws/install/ur_dashboard_msgs/local/lib/python3.10/dist-packages/ur_dashboard_msgs/srv/_download_support_file_s.c
[0.478s] -- Up-to-date symlink: /home/huy/ur3_llm_ws/install/ur_dashboard_msgs/local/lib/python3.10/dist-packages/ur_dashboard_msgs/srv/_generate_flight_report.py
[0.478s] -- Up-to-date symlink: /home/huy/ur3_llm_ws/install/ur_dashboard_msgs/local/lib/python3.10/dist-packages/ur_dashboard_msgs/srv/_generate_flight_report_s.c
[0.478s] -- Up-to-date symlink: /home/huy/ur3_llm_ws/install/ur_dashboard_msgs/local/lib/python3.10/dist-packages/ur_dashboard_msgs/srv/_generate_support_file.py
[0.479s] -- Up-to-date symlink: /home/huy/ur3_llm_ws/install/ur_dashboard_msgs/local/lib/python3.10/dist-packages/ur_dashboard_msgs/srv/_generate_support_file_s.c
[0.479s] -- Up-to-date symlink: /home/huy/ur3_llm_ws/install/ur_dashboard_msgs/local/lib/python3.10/dist-packages/ur_dashboard_msgs/srv/_get_loaded_program.py
[0.479s] -- Up-to-date symlink: /home/huy/ur3_llm_ws/install/ur_dashboard_msgs/local/lib/python3.10/dist-packages/ur_dashboard_msgs/srv/_get_loaded_program_s.c
[0.479s] -- Up-to-date symlink: /home/huy/ur3_llm_ws/install/ur_dashboard_msgs/local/lib/python3.10/dist-packages/ur_dashboard_msgs/srv/_get_operational_mode.py
[0.479s] -- Up-to-date symlink: /home/huy/ur3_llm_ws/install/ur_dashboard_msgs/local/lib/python3.10/dist-packages/ur_dashboard_msgs/srv/_get_operational_mode_s.c
[0.479s] -- Up-to-date symlink: /home/huy/ur3_llm_ws/install/ur_dashboard_msgs/local/lib/python3.10/dist-packages/ur_dashboard_msgs/srv/_get_poly_scope_version.py
[0.479s] -- Up-to-date symlink: /home/huy/ur3_llm_ws/install/ur_dashboard_msgs/local/lib/python3.10/dist-packages/ur_dashboard_msgs/srv/_get_poly_scope_version_s.c
[0.479s] -- Up-to-date symlink: /home/huy/ur3_llm_ws/install/ur_dashboard_msgs/local/lib/python3.10/dist-packages/ur_dashboard_msgs/srv/_get_program_state.py
[0.479s] -- Up-to-date symlink: /home/huy/ur3_llm_ws/install/ur_dashboard_msgs/local/lib/python3.10/dist-packages/ur_dashboard_msgs/srv/_get_program_state_s.c
[0.479s] -- Up-to-date symlink: /home/huy/ur3_llm_ws/install/ur_dashboard_msgs/local/lib/python3.10/dist-packages/ur_dashboard_msgs/srv/_get_programs.py
[0.479s] -- Up-to-date symlink: /home/huy/ur3_llm_ws/install/ur_dashboard_msgs/local/lib/python3.10/dist-packages/ur_dashboard_msgs/srv/_get_programs_s.c
[0.479s] -- Up-to-date symlink: /home/huy/ur3_llm_ws/install/ur_dashboard_msgs/local/lib/python3.10/dist-packages/ur_dashboard_msgs/srv/_get_robot_mode.py
[0.479s] -- Up-to-date symlink: /home/huy/ur3_llm_ws/install/ur_dashboard_msgs/local/lib/python3.10/dist-packages/ur_dashboard_msgs/srv/_get_robot_mode_s.c
[0.480s] -- Up-to-date symlink: /home/huy/ur3_llm_ws/install/ur_dashboard_msgs/local/lib/python3.10/dist-packages/ur_dashboard_msgs/srv/_get_robot_model.py
[0.480s] -- Up-to-date symlink: /home/huy/ur3_llm_ws/install/ur_dashboard_msgs/local/lib/python3.10/dist-packages/ur_dashboard_msgs/srv/_get_robot_model_s.c
[0.480s] -- Up-to-date symlink: /home/huy/ur3_llm_ws/install/ur_dashboard_msgs/local/lib/python3.10/dist-packages/ur_dashboard_msgs/srv/_get_safety_mode.py
[0.480s] -- Up-to-date symlink: /home/huy/ur3_llm_ws/install/ur_dashboard_msgs/local/lib/python3.10/dist-packages/ur_dashboard_msgs/srv/_get_safety_mode_s.c
[0.480s] -- Up-to-date symlink: /home/huy/ur3_llm_ws/install/ur_dashboard_msgs/local/lib/python3.10/dist-packages/ur_dashboard_msgs/srv/_get_safety_status.py
[0.480s] -- Up-to-date symlink: /home/huy/ur3_llm_ws/install/ur_dashboard_msgs/local/lib/python3.10/dist-packages/ur_dashboard_msgs/srv/_get_safety_status_s.c
[0.480s] -- Up-to-date symlink: /home/huy/ur3_llm_ws/install/ur_dashboard_msgs/local/lib/python3.10/dist-packages/ur_dashboard_msgs/srv/_get_serial_number.py
[0.480s] -- Up-to-date symlink: /home/huy/ur3_llm_ws/install/ur_dashboard_msgs/local/lib/python3.10/dist-packages/ur_dashboard_msgs/srv/_get_serial_number_s.c
[0.480s] -- Up-to-date symlink: /home/huy/ur3_llm_ws/install/ur_dashboard_msgs/local/lib/python3.10/dist-packages/ur_dashboard_msgs/srv/_get_user_role.py
[0.481s] -- Up-to-date symlink: /home/huy/ur3_llm_ws/install/ur_dashboard_msgs/local/lib/python3.10/dist-packages/ur_dashboard_msgs/srv/_get_user_role_s.c
[0.481s] -- Up-to-date symlink: /home/huy/ur3_llm_ws/install/ur_dashboard_msgs/local/lib/python3.10/dist-packages/ur_dashboard_msgs/srv/_is_in_remote_control.py
[0.481s] -- Up-to-date symlink: /home/huy/ur3_llm_ws/install/ur_dashboard_msgs/local/lib/python3.10/dist-packages/ur_dashboard_msgs/srv/_is_in_remote_control_s.c
[0.481s] -- Up-to-date symlink: /home/huy/ur3_llm_ws/install/ur_dashboard_msgs/local/lib/python3.10/dist-packages/ur_dashboard_msgs/srv/_is_program_running.py
[0.481s] -- Up-to-date symlink: /home/huy/ur3_llm_ws/install/ur_dashboard_msgs/local/lib/python3.10/dist-packages/ur_dashboard_msgs/srv/_is_program_running_s.c
[0.481s] -- Up-to-date symlink: /home/huy/ur3_llm_ws/install/ur_dashboard_msgs/local/lib/python3.10/dist-packages/ur_dashboard_msgs/srv/_is_program_saved.py
[0.481s] -- Up-to-date symlink: /home/huy/ur3_llm_ws/install/ur_dashboard_msgs/local/lib/python3.10/dist-packages/ur_dashboard_msgs/srv/_is_program_saved_s.c
[0.481s] -- Up-to-date symlink: /home/huy/ur3_llm_ws/install/ur_dashboard_msgs/local/lib/python3.10/dist-packages/ur_dashboard_msgs/srv/_load.py
[0.481s] -- Up-to-date symlink: /home/huy/ur3_llm_ws/install/ur_dashboard_msgs/local/lib/python3.10/dist-packages/ur_dashboard_msgs/srv/_load_s.c
[0.481s] -- Up-to-date symlink: /home/huy/ur3_llm_ws/install/ur_dashboard_msgs/local/lib/python3.10/dist-packages/ur_dashboard_msgs/srv/_popup.py
[0.482s] -- Up-to-date symlink: /home/huy/ur3_llm_ws/install/ur_dashboard_msgs/local/lib/python3.10/dist-packages/ur_dashboard_msgs/srv/_popup_s.c
[0.482s] -- Up-to-date symlink: /home/huy/ur3_llm_ws/install/ur_dashboard_msgs/local/lib/python3.10/dist-packages/ur_dashboard_msgs/srv/_raw_request.py
[0.482s] -- Up-to-date symlink: /home/huy/ur3_llm_ws/install/ur_dashboard_msgs/local/lib/python3.10/dist-packages/ur_dashboard_msgs/srv/_raw_request_s.c
[0.482s] -- Up-to-date symlink: /home/huy/ur3_llm_ws/install/ur_dashboard_msgs/local/lib/python3.10/dist-packages/ur_dashboard_msgs/srv/_set_operational_mode.py
[0.482s] -- Up-to-date symlink: /home/huy/ur3_llm_ws/install/ur_dashboard_msgs/local/lib/python3.10/dist-packages/ur_dashboard_msgs/srv/_set_operational_mode_s.c
[0.482s] -- Up-to-date symlink: /home/huy/ur3_llm_ws/install/ur_dashboard_msgs/local/lib/python3.10/dist-packages/ur_dashboard_msgs/srv/_set_user_role.py
[0.482s] -- Up-to-date symlink: /home/huy/ur3_llm_ws/install/ur_dashboard_msgs/local/lib/python3.10/dist-packages/ur_dashboard_msgs/srv/_set_user_role_s.c
[0.482s] -- Up-to-date symlink: /home/huy/ur3_llm_ws/install/ur_dashboard_msgs/local/lib/python3.10/dist-packages/ur_dashboard_msgs/srv/_upload_program.py
[0.482s] -- Up-to-date symlink: /home/huy/ur3_llm_ws/install/ur_dashboard_msgs/local/lib/python3.10/dist-packages/ur_dashboard_msgs/srv/_upload_program_s.c
[0.482s] -- Up-to-date symlink: /home/huy/ur3_llm_ws/install/ur_dashboard_msgs/local/lib/python3.10/dist-packages/ur_dashboard_msgs/ur_dashboard_msgs_s__rosidl_typesupport_c.cpython-310-x86_64-linux-gnu.so
[0.482s] -- Up-to-date symlink: /home/huy/ur3_llm_ws/install/ur_dashboard_msgs/local/lib/python3.10/dist-packages/ur_dashboard_msgs/ur_dashboard_msgs_s__rosidl_typesupport_fastrtps_c.cpython-310-x86_64-linux-gnu.so
[0.483s] -- Up-to-date symlink: /home/huy/ur3_llm_ws/install/ur_dashboard_msgs/local/lib/python3.10/dist-packages/ur_dashboard_msgs/ur_dashboard_msgs_s__rosidl_typesupport_introspection_c.cpython-310-x86_64-linux-gnu.so
[0.483s] -- Up-to-date symlink: /home/huy/ur3_llm_ws/install/ur_dashboard_msgs/local/lib/python3.10/dist-packages/ur_dashboard_msgs/ur_dashboard_msgs_s__rosidl_typesupport_fastrtps_c.cpython-310-x86_64-linux-gnu.so
[0.483s] -- Up-to-date symlink: /home/huy/ur3_llm_ws/install/ur_dashboard_msgs/local/lib/python3.10/dist-packages/ur_dashboard_msgs/ur_dashboard_msgs_s__rosidl_typesupport_introspection_c.cpython-310-x86_64-linux-gnu.so
[0.483s] -- Up-to-date symlink: /home/huy/ur3_llm_ws/install/ur_dashboard_msgs/local/lib/python3.10/dist-packages/ur_dashboard_msgs/ur_dashboard_msgs_s__rosidl_typesupport_c.cpython-310-x86_64-linux-gnu.so
[0.483s] -- Up-to-date symlink: /home/huy/ur3_llm_ws/install/ur_dashboard_msgs/share/ament_index/resource_index/rust_packages/ur_dashboard_msgs
[0.483s] -- Up-to-date symlink: /home/huy/ur3_llm_ws/install/ur_dashboard_msgs/share/ur_dashboard_msgs/rust/Cargo.toml
[0.483s] -- Up-to-date symlink: /home/huy/ur3_llm_ws/install/ur_dashboard_msgs/share/ur_dashboard_msgs/rust/build.rs
[0.483s] -- Up-to-date symlink: /home/huy/ur3_llm_ws/install/ur_dashboard_msgs/share/ur_dashboard_msgs/rust/src/action.rs
[0.483s] -- Up-to-date symlink: /home/huy/ur3_llm_ws/install/ur_dashboard_msgs/share/ur_dashboard_msgs/rust/src/action/rmw.rs
[0.483s] -- Up-to-date symlink: /home/huy/ur3_llm_ws/install/ur_dashboard_msgs/share/ur_dashboard_msgs/rust/src/lib.rs
[0.483s] -- Up-to-date symlink: /home/huy/ur3_llm_ws/install/ur_dashboard_msgs/share/ur_dashboard_msgs/rust/src/msg.rs
[0.483s] -- Up-to-date symlink: /home/huy/ur3_llm_ws/install/ur_dashboard_msgs/share/ur_dashboard_msgs/rust/src/msg/rmw.rs
[0.483s] -- Up-to-date symlink: /home/huy/ur3_llm_ws/install/ur_dashboard_msgs/share/ur_dashboard_msgs/rust/src/srv.rs
[0.484s] -- Up-to-date symlink: /home/huy/ur3_llm_ws/install/ur_dashboard_msgs/share/ur_dashboard_msgs/rust/src/srv/rmw.rs
[0.484s] -- Up-to-date symlink: /home/huy/ur3_llm_ws/install/ur_dashboard_msgs/share/ur_dashboard_msgs/msg/ProgramInformation.idl
[0.484s] -- Up-to-date symlink: /home/huy/ur3_llm_ws/install/ur_dashboard_msgs/share/ur_dashboard_msgs/msg/ProgramState.idl
[0.484s] -- Up-to-date symlink: /home/huy/ur3_llm_ws/install/ur_dashboard_msgs/share/ur_dashboard_msgs/msg/RobotMode.idl
[0.484s] -- Up-to-date symlink: /home/huy/ur3_llm_ws/install/ur_dashboard_msgs/share/ur_dashboard_msgs/msg/SafetyMode.idl
[0.484s] -- Up-to-date symlink: /home/huy/ur3_llm_ws/install/ur_dashboard_msgs/share/ur_dashboard_msgs/msg/OperationalMode.idl
[0.484s] -- Up-to-date symlink: /home/huy/ur3_llm_ws/install/ur_dashboard_msgs/share/ur_dashboard_msgs/msg/UserRole.idl
[0.484s] -- Up-to-date symlink: /home/huy/ur3_llm_ws/install/ur_dashboard_msgs/share/ur_dashboard_msgs/msg/VersionInformation.idl
[0.484s] -- Up-to-date symlink: /home/huy/ur3_llm_ws/install/ur_dashboard_msgs/share/ur_dashboard_msgs/msg/SafetyStatus.idl
[0.484s] -- Up-to-date symlink: /home/huy/ur3_llm_ws/install/ur_dashboard_msgs/share/ur_dashboard_msgs/srv/AddToLog.idl
[0.484s] -- Up-to-date symlink: /home/huy/ur3_llm_ws/install/ur_dashboard_msgs/share/ur_dashboard_msgs/srv/DownloadProgram.idl
[0.484s] -- Up-to-date symlink: /home/huy/ur3_llm_ws/install/ur_dashboard_msgs/share/ur_dashboard_msgs/srv/DownloadSupportFile.idl
[0.485s] -- Up-to-date symlink: /home/huy/ur3_llm_ws/install/ur_dashboard_msgs/share/ur_dashboard_msgs/srv/GetLoadedProgram.idl
[0.485s] -- Up-to-date symlink: /home/huy/ur3_llm_ws/install/ur_dashboard_msgs/share/ur_dashboard_msgs/srv/GetPrograms.idl
[0.485s] -- Up-to-date symlink: /home/huy/ur3_llm_ws/install/ur_dashboard_msgs/share/ur_dashboard_msgs/srv/GetProgramState.idl
[0.485s] -- Up-to-date symlink: /home/huy/ur3_llm_ws/install/ur_dashboard_msgs/share/ur_dashboard_msgs/srv/GetRobotMode.idl
[0.485s] -- Up-to-date symlink: /home/huy/ur3_llm_ws/install/ur_dashboard_msgs/share/ur_dashboard_msgs/srv/GetSafetyMode.idl
[0.485s] -- Up-to-date symlink: /home/huy/ur3_llm_ws/install/ur_dashboard_msgs/share/ur_dashboard_msgs/srv/IsProgramRunning.idl
[0.485s] -- Up-to-date symlink: /home/huy/ur3_llm_ws/install/ur_dashboard_msgs/share/ur_dashboard_msgs/srv/IsProgramSaved.idl
[0.485s] -- Up-to-date symlink: /home/huy/ur3_llm_ws/install/ur_dashboard_msgs/share/ur_dashboard_msgs/srv/Load.idl
[0.485s] -- Up-to-date symlink: /home/huy/ur3_llm_ws/install/ur_dashboard_msgs/share/ur_dashboard_msgs/srv/Popup.idl
[0.485s] -- Up-to-date symlink: /home/huy/ur3_llm_ws/install/ur_dashboard_msgs/share/ur_dashboard_msgs/srv/RawRequest.idl
[0.486s] -- Up-to-date symlink: /home/huy/ur3_llm_ws/install/ur_dashboard_msgs/share/ur_dashboard_msgs/srv/IsInRemoteControl.idl
[0.486s] -- Up-to-date symlink: /home/huy/ur3_llm_ws/install/ur_dashboard_msgs/share/ur_dashboard_msgs/srv/UploadProgram.idl
[0.486s] -- Up-to-date symlink: /home/huy/ur3_llm_ws/install/ur_dashboard_msgs/share/ur_dashboard_msgs/srv/GetPolyScopeVersion.idl
[0.486s] -- Up-to-date symlink: /home/huy/ur3_llm_ws/install/ur_dashboard_msgs/share/ur_dashboard_msgs/srv/GetSerialNumber.idl
[0.486s] -- Up-to-date symlink: /home/huy/ur3_llm_ws/install/ur_dashboard_msgs/share/ur_dashboard_msgs/srv/GetUserRole.idl
[0.486s] -- Up-to-date symlink: /home/huy/ur3_llm_ws/install/ur_dashboard_msgs/share/ur_dashboard_msgs/srv/SetUserRole.idl
[0.486s] -- Up-to-date symlink: /home/huy/ur3_llm_ws/install/ur_dashboard_msgs/share/ur_dashboard_msgs/srv/SetOperationalMode.idl
[0.486s] -- Up-to-date symlink: /home/huy/ur3_llm_ws/install/ur_dashboard_msgs/share/ur_dashboard_msgs/srv/GetOperationalMode.idl
[0.486s] -- Up-to-date symlink: /home/huy/ur3_llm_ws/install/ur_dashboard_msgs/share/ur_dashboard_msgs/srv/GetRobotModel.idl
[0.487s] -- Up-to-date symlink: /home/huy/ur3_llm_ws/install/ur_dashboard_msgs/share/ur_dashboard_msgs/srv/GetSafetyStatus.idl
[0.487s] -- Up-to-date symlink: /home/huy/ur3_llm_ws/install/ur_dashboard_msgs/share/ur_dashboard_msgs/srv/GenerateFlightReport.idl
[0.487s] -- Up-to-date symlink: /home/huy/ur3_llm_ws/install/ur_dashboard_msgs/share/ur_dashboard_msgs/srv/GenerateSupportFile.idl
[0.487s] -- Up-to-date symlink: /home/huy/ur3_llm_ws/install/ur_dashboard_msgs/share/ur_dashboard_msgs/action/SetMode.idl
[0.487s] -- Up-to-date symlink: /home/huy/ur3_llm_ws/install/ur_dashboard_msgs/share/ur_dashboard_msgs/msg/ProgramInformation.msg
[0.487s] -- Up-to-date symlink: /home/huy/ur3_llm_ws/install/ur_dashboard_msgs/share/ur_dashboard_msgs/msg/ProgramState.msg
[0.487s] -- Up-to-date symlink: /home/huy/ur3_llm_ws/install/ur_dashboard_msgs/share/ur_dashboard_msgs/msg/RobotMode.msg
[0.487s] -- Up-to-date symlink: /home/huy/ur3_llm_ws/install/ur_dashboard_msgs/share/ur_dashboard_msgs/msg/SafetyMode.msg
[0.487s] -- Up-to-date symlink: /home/huy/ur3_llm_ws/install/ur_dashboard_msgs/share/ur_dashboard_msgs/msg/OperationalMode.msg
[0.488s] -- Up-to-date symlink: /home/huy/ur3_llm_ws/install/ur_dashboard_msgs/share/ur_dashboard_msgs/msg/UserRole.msg
[0.488s] -- Up-to-date symlink: /home/huy/ur3_llm_ws/install/ur_dashboard_msgs/share/ur_dashboard_msgs/msg/VersionInformation.msg
[0.488s] -- Up-to-date symlink: /home/huy/ur3_llm_ws/install/ur_dashboard_msgs/share/ur_dashboard_msgs/msg/SafetyStatus.msg
[0.488s] -- Up-to-date symlink: /home/huy/ur3_llm_ws/install/ur_dashboard_msgs/share/ur_dashboard_msgs/srv/AddToLog.srv
[0.488s] -- Up-to-date symlink: /home/huy/ur3_llm_ws/install/ur_dashboard_msgs/share/ur_dashboard_msgs/srv/AddToLog_Request.msg
[0.488s] -- Up-to-date symlink: /home/huy/ur3_llm_ws/install/ur_dashboard_msgs/share/ur_dashboard_msgs/srv/AddToLog_Response.msg
[0.488s] -- Up-to-date symlink: /home/huy/ur3_llm_ws/install/ur_dashboard_msgs/share/ur_dashboard_msgs/srv/DownloadProgram.srv
[0.488s] -- Up-to-date symlink: /home/huy/ur3_llm_ws/install/ur_dashboard_msgs/share/ur_dashboard_msgs/srv/DownloadProgram_Request.msg
[0.488s] -- Up-to-date symlink: /home/huy/ur3_llm_ws/install/ur_dashboard_msgs/share/ur_dashboard_msgs/srv/DownloadProgram_Response.msg
[0.489s] -- Up-to-date symlink: /home/huy/ur3_llm_ws/install/ur_dashboard_msgs/share/ur_dashboard_msgs/srv/DownloadSupportFile.srv
[0.489s] -- Up-to-date symlink: /home/huy/ur3_llm_ws/install/ur_dashboard_msgs/share/ur_dashboard_msgs/srv/DownloadSupportFile_Request.msg
[0.489s] -- Up-to-date symlink: /home/huy/ur3_llm_ws/install/ur_dashboard_msgs/share/ur_dashboard_msgs/srv/DownloadSupportFile_Response.msg
[0.489s] -- Up-to-date symlink: /home/huy/ur3_llm_ws/install/ur_dashboard_msgs/share/ur_dashboard_msgs/srv/GetLoadedProgram.srv
[0.489s] -- Up-to-date symlink: /home/huy/ur3_llm_ws/install/ur_dashboard_msgs/share/ur_dashboard_msgs/srv/GetLoadedProgram_Request.msg
[0.489s] -- Up-to-date symlink: /home/huy/ur3_llm_ws/install/ur_dashboard_msgs/share/ur_dashboard_msgs/srv/GetLoadedProgram_Response.msg
[0.489s] -- Up-to-date symlink: /home/huy/ur3_llm_ws/install/ur_dashboard_msgs/share/ur_dashboard_msgs/srv/GetPrograms.srv
[0.489s] -- Up-to-date symlink: /home/huy/ur3_llm_ws/install/ur_dashboard_msgs/share/ur_dashboard_msgs/srv/GetPrograms_Request.msg
[0.489s] -- Up-to-date symlink: /home/huy/ur3_llm_ws/install/ur_dashboard_msgs/share/ur_dashboard_msgs/srv/GetPrograms_Response.msg
[0.489s] -- Up-to-date symlink: /home/huy/ur3_llm_ws/install/ur_dashboard_msgs/share/ur_dashboard_msgs/srv/GetProgramState.srv
[0.489s] -- Up-to-date symlink: /home/huy/ur3_llm_ws/install/ur_dashboard_msgs/share/ur_dashboard_msgs/srv/GetProgramState_Request.msg
[0.490s] -- Up-to-date symlink: /home/huy/ur3_llm_ws/install/ur_dashboard_msgs/share/ur_dashboard_msgs/srv/GetProgramState_Response.msg
[0.490s] -- Up-to-date symlink: /home/huy/ur3_llm_ws/install/ur_dashboard_msgs/share/ur_dashboard_msgs/srv/GetRobotMode.srv
[0.490s] -- Up-to-date symlink: /home/huy/ur3_llm_ws/install/ur_dashboard_msgs/share/ur_dashboard_msgs/srv/GetRobotMode_Request.msg
[0.490s] -- Up-to-date symlink: /home/huy/ur3_llm_ws/install/ur_dashboard_msgs/share/ur_dashboard_msgs/srv/GetRobotMode_Response.msg
[0.490s] -- Up-to-date symlink: /home/huy/ur3_llm_ws/install/ur_dashboard_msgs/share/ur_dashboard_msgs/srv/GetSafetyMode.srv
[0.490s] -- Up-to-date symlink: /home/huy/ur3_llm_ws/install/ur_dashboard_msgs/share/ur_dashboard_msgs/srv/GetSafetyMode_Request.msg
[0.490s] -- Up-to-date symlink: /home/huy/ur3_llm_ws/install/ur_dashboard_msgs/share/ur_dashboard_msgs/srv/GetSafetyMode_Response.msg
[0.490s] -- Up-to-date symlink: /home/huy/ur3_llm_ws/install/ur_dashboard_msgs/share/ur_dashboard_msgs/srv/IsProgramRunning.srv
[0.490s] -- Up-to-date symlink: /home/huy/ur3_llm_ws/install/ur_dashboard_msgs/share/ur_dashboard_msgs/srv/IsProgramRunning_Request.msg
[0.490s] -- Up-to-date symlink: /home/huy/ur3_llm_ws/install/ur_dashboard_msgs/share/ur_dashboard_msgs/srv/IsProgramRunning_Response.msg
[0.491s] -- Up-to-date symlink: /home/huy/ur3_llm_ws/install/ur_dashboard_msgs/share/ur_dashboard_msgs/srv/IsProgramSaved.srv
[0.491s] -- Up-to-date symlink: /home/huy/ur3_llm_ws/install/ur_dashboard_msgs/share/ur_dashboard_msgs/srv/IsProgramSaved_Request.msg
[0.491s] -- Up-to-date symlink: /home/huy/ur3_llm_ws/install/ur_dashboard_msgs/share/ur_dashboard_msgs/srv/IsProgramSaved_Response.msg
[0.491s] -- Up-to-date symlink: /home/huy/ur3_llm_ws/install/ur_dashboard_msgs/share/ur_dashboard_msgs/srv/Load.srv
[0.491s] -- Up-to-date symlink: /home/huy/ur3_llm_ws/install/ur_dashboard_msgs/share/ur_dashboard_msgs/srv/Load_Request.msg
[0.491s] -- Up-to-date symlink: /home/huy/ur3_llm_ws/install/ur_dashboard_msgs/share/ur_dashboard_msgs/srv/Load_Response.msg
[0.491s] -- Up-to-date symlink: /home/huy/ur3_llm_ws/install/ur_dashboard_msgs/share/ur_dashboard_msgs/srv/Popup.srv
[0.491s] -- Up-to-date symlink: /home/huy/ur3_llm_ws/install/ur_dashboard_msgs/share/ur_dashboard_msgs/srv/Popup_Request.msg
[0.491s] -- Up-to-date symlink: /home/huy/ur3_llm_ws/install/ur_dashboard_msgs/share/ur_dashboard_msgs/srv/Popup_Response.msg
[0.491s] -- Up-to-date symlink: /home/huy/ur3_llm_ws/install/ur_dashboard_msgs/share/ur_dashboard_msgs/srv/RawRequest.srv
[0.491s] -- Up-to-date symlink: /home/huy/ur3_llm_ws/install/ur_dashboard_msgs/share/ur_dashboard_msgs/srv/RawRequest_Request.msg
[0.492s] -- Up-to-date symlink: /home/huy/ur3_llm_ws/install/ur_dashboard_msgs/share/ur_dashboard_msgs/srv/RawRequest_Response.msg
[0.492s] -- Up-to-date symlink: /home/huy/ur3_llm_ws/install/ur_dashboard_msgs/share/ur_dashboard_msgs/srv/IsInRemoteControl.srv
[0.492s] -- Up-to-date symlink: /home/huy/ur3_llm_ws/install/ur_dashboard_msgs/share/ur_dashboard_msgs/srv/IsInRemoteControl_Request.msg
[0.492s] -- Up-to-date symlink: /home/huy/ur3_llm_ws/install/ur_dashboard_msgs/share/ur_dashboard_msgs/srv/IsInRemoteControl_Response.msg
[0.492s] -- Up-to-date symlink: /home/huy/ur3_llm_ws/install/ur_dashboard_msgs/share/ur_dashboard_msgs/srv/UploadProgram.srv
[0.492s] -- Up-to-date symlink: /home/huy/ur3_llm_ws/install/ur_dashboard_msgs/share/ur_dashboard_msgs/srv/UploadProgram_Request.msg
[0.492s] -- Up-to-date symlink: /home/huy/ur3_llm_ws/install/ur_dashboard_msgs/share/ur_dashboard_msgs/srv/UploadProgram_Response.msg
[0.493s] -- Up-to-date symlink: /home/huy/ur3_llm_ws/install/ur_dashboard_msgs/share/ur_dashboard_msgs/srv/GetPolyScopeVersion.srv
[0.493s] -- Up-to-date symlink: /home/huy/ur3_llm_ws/install/ur_dashboard_msgs/share/ur_dashboard_msgs/srv/GetPolyScopeVersion_Request.msg
[0.493s] -- Up-to-date symlink: /home/huy/ur3_llm_ws/install/ur_dashboard_msgs/share/ur_dashboard_msgs/srv/GetPolyScopeVersion_Response.msg
[0.493s] -- Up-to-date symlink: /home/huy/ur3_llm_ws/install/ur_dashboard_msgs/share/ur_dashboard_msgs/srv/GetSerialNumber.srv
[0.493s] -- Up-to-date symlink: /home/huy/ur3_llm_ws/install/ur_dashboard_msgs/share/ur_dashboard_msgs/srv/GetSerialNumber_Request.msg
[0.493s] -- Up-to-date symlink: /home/huy/ur3_llm_ws/install/ur_dashboard_msgs/share/ur_dashboard_msgs/srv/GetSerialNumber_Response.msg
[0.493s] -- Up-to-date symlink: /home/huy/ur3_llm_ws/install/ur_dashboard_msgs/share/ur_dashboard_msgs/srv/GetUserRole.srv
[0.493s] -- Up-to-date symlink: /home/huy/ur3_llm_ws/install/ur_dashboard_msgs/share/ur_dashboard_msgs/srv/GetUserRole_Request.msg
[0.493s] -- Up-to-date symlink: /home/huy/ur3_llm_ws/install/ur_dashboard_msgs/share/ur_dashboard_msgs/srv/GetUserRole_Response.msg
[0.493s] -- Up-to-date symlink: /home/huy/ur3_llm_ws/install/ur_dashboard_msgs/share/ur_dashboard_msgs/srv/SetUserRole.srv
[0.493s] -- Up-to-date symlink: /home/huy/ur3_llm_ws/install/ur_dashboard_msgs/share/ur_dashboard_msgs/srv/SetUserRole_Request.msg
[0.493s] -- Up-to-date symlink: /home/huy/ur3_llm_ws/install/ur_dashboard_msgs/share/ur_dashboard_msgs/srv/SetUserRole_Response.msg
[0.494s] -- Up-to-date symlink: /home/huy/ur3_llm_ws/install/ur_dashboard_msgs/share/ur_dashboard_msgs/srv/SetOperationalMode.srv
[0.494s] -- Up-to-date symlink: /home/huy/ur3_llm_ws/install/ur_dashboard_msgs/share/ur_dashboard_msgs/srv/SetOperationalMode_Request.msg
[0.494s] -- Up-to-date symlink: /home/huy/ur3_llm_ws/install/ur_dashboard_msgs/share/ur_dashboard_msgs/srv/SetOperationalMode_Response.msg
[0.494s] -- Up-to-date symlink: /home/huy/ur3_llm_ws/install/ur_dashboard_msgs/share/ur_dashboard_msgs/srv/GetOperationalMode.srv
[0.494s] -- Up-to-date symlink: /home/huy/ur3_llm_ws/install/ur_dashboard_msgs/share/ur_dashboard_msgs/srv/GetOperationalMode_Request.msg
[0.494s] -- Up-to-date symlink: /home/huy/ur3_llm_ws/install/ur_dashboard_msgs/share/ur_dashboard_msgs/srv/GetOperationalMode_Response.msg
[0.494s] -- Up-to-date symlink: /home/huy/ur3_llm_ws/install/ur_dashboard_msgs/share/ur_dashboard_msgs/srv/GetRobotModel.srv
[0.494s] -- Up-to-date symlink: /home/huy/ur3_llm_ws/install/ur_dashboard_msgs/share/ur_dashboard_msgs/srv/GetRobotModel_Request.msg
[0.495s] -- Up-to-date symlink: /home/huy/ur3_llm_ws/install/ur_dashboard_msgs/share/ur_dashboard_msgs/srv/GetRobotModel_Response.msg
[0.495s] -- Up-to-date symlink: /home/huy/ur3_llm_ws/install/ur_dashboard_msgs/share/ur_dashboard_msgs/srv/GetSafetyStatus.srv
[0.495s] -- Up-to-date symlink: /home/huy/ur3_llm_ws/install/ur_dashboard_msgs/share/ur_dashboard_msgs/srv/GetSafetyStatus_Request.msg
[0.495s] -- Up-to-date symlink: /home/huy/ur3_llm_ws/install/ur_dashboard_msgs/share/ur_dashboard_msgs/srv/GetSafetyStatus_Response.msg
[0.495s] -- Up-to-date symlink: /home/huy/ur3_llm_ws/install/ur_dashboard_msgs/share/ur_dashboard_msgs/srv/GenerateFlightReport.srv
[0.495s] -- Up-to-date symlink: /home/huy/ur3_llm_ws/install/ur_dashboard_msgs/share/ur_dashboard_msgs/srv/GenerateFlightReport_Request.msg
[0.495s] -- Up-to-date symlink: /home/huy/ur3_llm_ws/install/ur_dashboard_msgs/share/ur_dashboard_msgs/srv/GenerateFlightReport_Response.msg
[0.495s] -- Up-to-date symlink: /home/huy/ur3_llm_ws/install/ur_dashboard_msgs/share/ur_dashboard_msgs/srv/GenerateSupportFile.srv
[0.495s] -- Up-to-date symlink: /home/huy/ur3_llm_ws/install/ur_dashboard_msgs/share/ur_dashboard_msgs/srv/GenerateSupportFile_Request.msg
[0.495s] -- Up-to-date symlink: /home/huy/ur3_llm_ws/install/ur_dashboard_msgs/share/ur_dashboard_msgs/srv/GenerateSupportFile_Response.msg
[0.495s] -- Up-to-date symlink: /home/huy/ur3_llm_ws/install/ur_dashboard_msgs/share/ur_dashboard_msgs/action/SetMode.action
[0.496s] -- Up-to-date symlink: /home/huy/ur3_llm_ws/install/ur_dashboard_msgs/share/ament_index/resource_index/package_run_dependencies/ur_dashboard_msgs
[0.496s] -- Up-to-date symlink: /home/huy/ur3_llm_ws/install/ur_dashboard_msgs/share/ament_index/resource_index/parent_prefix_path/ur_dashboard_msgs
[0.496s] -- Up-to-date symlink: /home/huy/ur3_llm_ws/install/ur_dashboard_msgs/share/ur_dashboard_msgs/environment/ament_prefix_path.sh
[0.496s] -- Up-to-date symlink: /home/huy/ur3_llm_ws/install/ur_dashboard_msgs/share/ur_dashboard_msgs/environment/ament_prefix_path.dsv
[0.496s] -- Up-to-date symlink: /home/huy/ur3_llm_ws/install/ur_dashboard_msgs/share/ur_dashboard_msgs/environment/path.sh
[0.496s] -- Up-to-date symlink: /home/huy/ur3_llm_ws/install/ur_dashboard_msgs/share/ur_dashboard_msgs/environment/path.dsv
[0.496s] -- Up-to-date symlink: /home/huy/ur3_llm_ws/install/ur_dashboard_msgs/share/ur_dashboard_msgs/local_setup.bash
[0.496s] -- Up-to-date symlink: /home/huy/ur3_llm_ws/install/ur_dashboard_msgs/share/ur_dashboard_msgs/local_setup.sh
[0.496s] -- Up-to-date symlink: /home/huy/ur3_llm_ws/install/ur_dashboard_msgs/share/ur_dashboard_msgs/local_setup.zsh
[0.496s] -- Up-to-date symlink: /home/huy/ur3_llm_ws/install/ur_dashboard_msgs/share/ur_dashboard_msgs/local_setup.dsv
[0.496s] -- Symlinking: /home/huy/ur3_llm_ws/install/ur_dashboard_msgs/share/ur_dashboard_msgs/package.dsv
[0.504s] -- Up-to-date symlink: /home/huy/ur3_llm_ws/install/ur_dashboard_msgs/share/ament_index/resource_index/packages/ur_dashboard_msgs
[0.504s] -- Up-to-date symlink: /home/huy/ur3_llm_ws/install/ur_dashboard_msgs/share/ur_dashboard_msgs/cmake/rosidl_cmake-extras.cmake
[0.504s] -- Up-to-date symlink: /home/huy/ur3_llm_ws/install/ur_dashboard_msgs/share/ur_dashboard_msgs/cmake/ament_cmake_export_dependencies-extras.cmake
[0.504s] -- Up-to-date symlink: /home/huy/ur3_llm_ws/install/ur_dashboard_msgs/share/ur_dashboard_msgs/cmake/ament_cmake_export_include_directories-extras.cmake
[0.505s] -- Up-to-date symlink: /home/huy/ur3_llm_ws/install/ur_dashboard_msgs/share/ur_dashboard_msgs/cmake/ament_cmake_export_libraries-extras.cmake
[0.505s] -- Up-to-date symlink: /home/huy/ur3_llm_ws/install/ur_dashboard_msgs/share/ur_dashboard_msgs/cmake/ament_cmake_export_targets-extras.cmake
[0.505s] -- Up-to-date symlink: /home/huy/ur3_llm_ws/install/ur_dashboard_msgs/share/ur_dashboard_msgs/cmake/rosidl_cmake_export_typesupport_targets-extras.cmake
[0.505s] -- Up-to-date symlink: /home/huy/ur3_llm_ws/install/ur_dashboard_msgs/share/ur_dashboard_msgs/cmake/rosidl_cmake_export_typesupport_libraries-extras.cmake
[0.505s] -- Up-to-date symlink: /home/huy/ur3_llm_ws/install/ur_dashboard_msgs/share/ur_dashboard_msgs/cmake/ur_dashboard_msgsConfig.cmake
[0.505s] -- Up-to-date symlink: /home/huy/ur3_llm_ws/install/ur_dashboard_msgs/share/ur_dashboard_msgs/cmake/ur_dashboard_msgsConfig-version.cmake
[0.505s] -- Up-to-date symlink: /home/huy/ur3_llm_ws/install/ur_dashboard_msgs/share/ur_dashboard_msgs/package.xml
[0.505s] -- Up-to-date: /home/huy/ur3_llm_ws/install/ur_dashboard_msgs/lib/libur_dashboard_msgs__rosidl_generator_c.so
[0.505s] -- Up-to-date: /home/huy/ur3_llm_ws/install/ur_dashboard_msgs/lib/libur_dashboard_msgs__rosidl_typesupport_fastrtps_c.so
[0.505s] -- Up-to-date: /home/huy/ur3_llm_ws/install/ur_dashboard_msgs/lib/libur_dashboard_msgs__rosidl_typesupport_introspection_c.so
[0.505s] -- Up-to-date: /home/huy/ur3_llm_ws/install/ur_dashboard_msgs/lib/libur_dashboard_msgs__rosidl_typesupport_c.so
[0.506s] -- Up-to-date: /home/huy/ur3_llm_ws/install/ur_dashboard_msgs/lib/libur_dashboard_msgs__rosidl_typesupport_fastrtps_cpp.so
[0.506s] -- Up-to-date: /home/huy/ur3_llm_ws/install/ur_dashboard_msgs/lib/libur_dashboard_msgs__rosidl_typesupport_introspection_cpp.so
[0.506s] -- Up-to-date: /home/huy/ur3_llm_ws/install/ur_dashboard_msgs/lib/libur_dashboard_msgs__rosidl_typesupport_cpp.so
[0.551s] Listing '/home/huy/ur3_llm_ws/install/ur_dashboard_msgs/local/lib/python3.10/dist-packages/ur_dashboard_msgs'...
[0.551s] Listing '/home/huy/ur3_llm_ws/install/ur_dashboard_msgs/local/lib/python3.10/dist-packages/ur_dashboard_msgs/action'...
[0.551s] Listing '/home/huy/ur3_llm_ws/install/ur_dashboard_msgs/local/lib/python3.10/dist-packages/ur_dashboard_msgs/msg'...
[0.551s] Listing '/home/huy/ur3_llm_ws/install/ur_dashboard_msgs/local/lib/python3.10/dist-packages/ur_dashboard_msgs/srv'...
[0.556s] -- Up-to-date: /home/huy/ur3_llm_ws/install/ur_dashboard_msgs/lib/libur_dashboard_msgs__rosidl_generator_py.so
[0.557s] -- Up-to-date: /home/huy/ur3_llm_ws/install/ur_dashboard_msgs/share/ur_dashboard_msgs/cmake/export_ur_dashboard_msgs__rosidl_generator_cExport.cmake
[0.557s] -- Up-to-date: /home/huy/ur3_llm_ws/install/ur_dashboard_msgs/share/ur_dashboard_msgs/cmake/export_ur_dashboard_msgs__rosidl_generator_cExport-noconfig.cmake
[0.557s] -- Up-to-date: /home/huy/ur3_llm_ws/install/ur_dashboard_msgs/share/ur_dashboard_msgs/cmake/export_ur_dashboard_msgs__rosidl_typesupport_fastrtps_cExport.cmake
[0.557s] -- Up-to-date: /home/huy/ur3_llm_ws/install/ur_dashboard_msgs/share/ur_dashboard_msgs/cmake/export_ur_dashboard_msgs__rosidl_typesupport_fastrtps_cExport-noconfig.cmake
[0.557s] -- Up-to-date: /home/huy/ur3_llm_ws/install/ur_dashboard_msgs/share/ur_dashboard_msgs/cmake/ur_dashboard_msgs__rosidl_typesupport_introspection_cExport.cmake
[0.557s] -- Up-to-date: /home/huy/ur3_llm_ws/install/ur_dashboard_msgs/share/ur_dashboard_msgs/cmake/ur_dashboard_msgs__rosidl_typesupport_introspection_cExport-noconfig.cmake
[0.557s] -- Up-to-date: /home/huy/ur3_llm_ws/install/ur_dashboard_msgs/share/ur_dashboard_msgs/cmake/ur_dashboard_msgs__rosidl_typesupport_cExport.cmake
[0.557s] -- Up-to-date: /home/huy/ur3_llm_ws/install/ur_dashboard_msgs/share/ur_dashboard_msgs/cmake/ur_dashboard_msgs__rosidl_typesupport_cExport-noconfig.cmake
[0.557s] -- Up-to-date: /home/huy/ur3_llm_ws/install/ur_dashboard_msgs/share/ur_dashboard_msgs/cmake/export_ur_dashboard_msgs__rosidl_generator_cppExport.cmake
[0.558s] -- Up-to-date: /home/huy/ur3_llm_ws/install/ur_dashboard_msgs/share/ur_dashboard_msgs/cmake/export_ur_dashboard_msgs__rosidl_typesupport_fastrtps_cppExport.cmake
[0.558s] -- Up-to-date: /home/huy/ur3_llm_ws/install/ur_dashboard_msgs/share/ur_dashboard_msgs/cmake/export_ur_dashboard_msgs__rosidl_typesupport_fastrtps_cppExport-noconfig.cmake
[0.558s] -- Up-to-date: /home/huy/ur3_llm_ws/install/ur_dashboard_msgs/share/ur_dashboard_msgs/cmake/ur_dashboard_msgs__rosidl_typesupport_introspection_cppExport.cmake
[0.558s] -- Up-to-date: /home/huy/ur3_llm_ws/install/ur_dashboard_msgs/share/ur_dashboard_msgs/cmake/ur_dashboard_msgs__rosidl_typesupport_introspection_cppExport-noconfig.cmake
[0.558s] -- Up-to-date: /home/huy/ur3_llm_ws/install/ur_dashboard_msgs/share/ur_dashboard_msgs/cmake/ur_dashboard_msgs__rosidl_typesupport_cppExport.cmake
[0.558s] -- Up-to-date: /home/huy/ur3_llm_ws/install/ur_dashboard_msgs/share/ur_dashboard_msgs/cmake/ur_dashboard_msgs__rosidl_typesupport_cppExport-noconfig.cmake
[0.558s] -- Up-to-date: /home/huy/ur3_llm_ws/install/ur_dashboard_msgs/share/ur_dashboard_msgs/cmake/export_ur_dashboard_msgs__rosidl_generator_pyExport.cmake
[0.558s] -- Up-to-date: /home/huy/ur3_llm_ws/install/ur_dashboard_msgs/share/ur_dashboard_msgs/cmake/export_ur_dashboard_msgs__rosidl_generator_pyExport-noconfig.cmake
[0.561s] Invoked command in '/home/huy/ur3_llm_ws/build/ur_dashboard_msgs' returned '0': CMAKE_PREFIX_PATH=${CMAKE_PREFIX_PATH}:/home/huy/install/turtlebot3_teleop:/home/huy/install/turtlebot3_navigation2:/home/huy/install/turtlebot3_example:/home/huy/install/turtlebot3_manipulation_gazebo:/home/huy/install/turtlebot3_description:/home/huy/install/turtlebot3_cartographer:/home/huy/install/openslam_gmapping:/opt/ros/humble PS1=${debian_chroot:+($debian_chroot)}\[\033[01;32m\]\u@\h\[\033[00m\]:\[\033[01;34m\]\w\[\033[00m\]\$ /usr/bin/cmake --install /home/huy/ur3_llm_ws/build/ur_dashboard_msgs
