[0.113s] DEBUG:colcon:Command line arguments: ['/usr/bin/colcon', 'build', '--symlink-install']
[0.113s] DEBUG:colcon:Parsed command line arguments: Namespace(log_base=None, log_level=None, verb_name='build', build_base='build', install_base='install', merge_install=False, symlink_install=True, test_result_base=None, continue_on_error=False, executor='parallel', parallel_workers=12, event_handlers=None, ignore_user_meta=False, metas=['./colcon.meta'], base_paths=['.'], packages_ignore=None, packages_ignore_regex=None, paths=None, packages_up_to=None, packages_up_to_regex=None, packages_above=None, packages_above_and_dependencies=None, packages_above_depth=None, packages_select_by_dep=None, packages_skip_by_dep=None, packages_skip_up_to=None, packages_select_build_failed=False, packages_skip_build_finished=False, packages_select_test_failures=False, packages_skip_test_passed=False, packages_select=None, packages_skip=None, packages_select_regex=None, packages_skip_regex=None, packages_start=None, packages_end=None, allow_overriding=[], cmake_args=None, cmake_target=None, cmake_target_skip_unavailable=False, cmake_clean_cache=False, cmake_clean_first=False, cmake_force_configure=False, ament_cmake_args=None, catkin_cmake_args=None, catkin_skip_building_tests=False, verb_parser=<colcon_defaults.argument_parser.defaults.DefaultArgumentsDecorator object at 0x791bf4e56fe0>, verb_extension=<colcon_core.verb.build.BuildVerb object at 0x791bf4f9c3a0>, main=<bound method BuildVerb.main of <colcon_core.verb.build.BuildVerb object at 0x791bf4f9c3a0>>)
[0.257s] Level 1:colcon.colcon_core.package_discovery:discover_packages(colcon_meta) check parameters
[0.257s] Level 1:colcon.colcon_core.package_discovery:discover_packages(recursive) check parameters
[0.257s] Level 1:colcon.colcon_core.package_discovery:discover_packages(ignore) check parameters
[0.257s] Level 1:colcon.colcon_core.package_discovery:discover_packages(path) check parameters
[0.257s] Level 1:colcon.colcon_core.package_discovery:discover_packages(colcon_meta) discover
[0.257s] Level 1:colcon.colcon_core.package_discovery:discover_packages(recursive) discover
[0.257s] INFO:colcon.colcon_core.package_discovery:Crawling recursively for packages in '/home/huy/ur3_llm_ws'
[0.257s] Level 1:colcon.colcon_core.package_identification:_identify(.) by extensions ['ignore', 'ignore_ament_install']
[0.257s] Level 1:colcon.colcon_core.package_identification:_identify(.) by extension 'ignore'
[0.257s] Level 1:colcon.colcon_core.package_identification:_identify(.) by extension 'ignore_ament_install'
[0.257s] Level 1:colcon.colcon_core.package_identification:_identify(.) by extensions ['colcon_pkg']
[0.258s] Level 1:colcon.colcon_core.package_identification:_identify(.) by extension 'colcon_pkg'
[0.258s] Level 1:colcon.colcon_core.package_identification:_identify(.) by extensions ['colcon_meta']
[0.258s] Level 1:colcon.colcon_core.package_identification:_identify(.) by extension 'colcon_meta'
[0.258s] Level 1:colcon.colcon_core.package_identification:_identify(.) by extensions ['ros']
[0.258s] Level 1:colcon.colcon_core.package_identification:_identify(.) by extension 'ros'
[0.267s] Level 1:colcon.colcon_core.package_identification:_identify(.) by extensions ['cmake', 'python']
[0.267s] Level 1:colcon.colcon_core.package_identification:_identify(.) by extension 'cmake'
[0.267s] Level 1:colcon.colcon_core.package_identification:_identify(.) by extension 'python'
[0.267s] Level 1:colcon.colcon_core.package_identification:_identify(.) by extensions ['python_setup_py']
[0.267s] Level 1:colcon.colcon_core.package_identification:_identify(.) by extension 'python_setup_py'
[0.267s] Level 1:colcon.colcon_core.package_identification:_identify(build) by extensions ['ignore', 'ignore_ament_install']
[0.267s] Level 1:colcon.colcon_core.package_identification:_identify(build) by extension 'ignore'
[0.267s] Level 1:colcon.colcon_core.package_identification:_identify(build) ignored
[0.267s] Level 1:colcon.colcon_core.package_identification:_identify(install) by extensions ['ignore', 'ignore_ament_install']
[0.267s] Level 1:colcon.colcon_core.package_identification:_identify(install) by extension 'ignore'
[0.267s] Level 1:colcon.colcon_core.package_identification:_identify(install) ignored
[0.267s] Level 1:colcon.colcon_core.package_identification:_identify(log) by extensions ['ignore', 'ignore_ament_install']
[0.267s] Level 1:colcon.colcon_core.package_identification:_identify(log) by extension 'ignore'
[0.267s] Level 1:colcon.colcon_core.package_identification:_identify(log) ignored
[0.268s] Level 1:colcon.colcon_core.package_identification:_identify(src) by extensions ['ignore', 'ignore_ament_install']
[0.268s] Level 1:colcon.colcon_core.package_identification:_identify(src) by extension 'ignore'
[0.268s] Level 1:colcon.colcon_core.package_identification:_identify(src) by extension 'ignore_ament_install'
[0.268s] Level 1:colcon.colcon_core.package_identification:_identify(src) by extensions ['colcon_pkg']
[0.268s] Level 1:colcon.colcon_core.package_identification:_identify(src) by extension 'colcon_pkg'
[0.268s] Level 1:colcon.colcon_core.package_identification:_identify(src) by extensions ['colcon_meta']
[0.268s] Level 1:colcon.colcon_core.package_identification:_identify(src) by extension 'colcon_meta'
[0.268s] Level 1:colcon.colcon_core.package_identification:_identify(src) by extensions ['ros']
[0.268s] Level 1:colcon.colcon_core.package_identification:_identify(src) by extension 'ros'
[0.268s] Level 1:colcon.colcon_core.package_identification:_identify(src) by extensions ['cmake', 'python']
[0.268s] Level 1:colcon.colcon_core.package_identification:_identify(src) by extension 'cmake'
[0.268s] Level 1:colcon.colcon_core.package_identification:_identify(src) by extension 'python'
[0.268s] Level 1:colcon.colcon_core.package_identification:_identify(src) by extensions ['python_setup_py']
[0.268s] Level 1:colcon.colcon_core.package_identification:_identify(src) by extension 'python_setup_py'
[0.268s] Level 1:colcon.colcon_core.package_identification:_identify(src/Universal_Robots_ROS2_Driver) by extensions ['ignore', 'ignore_ament_install']
[0.268s] Level 1:colcon.colcon_core.package_identification:_identify(src/Universal_Robots_ROS2_Driver) by extension 'ignore'
[0.268s] Level 1:colcon.colcon_core.package_identification:_identify(src/Universal_Robots_ROS2_Driver) by extension 'ignore_ament_install'
[0.268s] Level 1:colcon.colcon_core.package_identification:_identify(src/Universal_Robots_ROS2_Driver) by extensions ['colcon_pkg']
[0.268s] Level 1:colcon.colcon_core.package_identification:_identify(src/Universal_Robots_ROS2_Driver) by extension 'colcon_pkg'
[0.268s] Level 1:colcon.colcon_core.package_identification:_identify(src/Universal_Robots_ROS2_Driver) by extensions ['colcon_meta']
[0.268s] Level 1:colcon.colcon_core.package_identification:_identify(src/Universal_Robots_ROS2_Driver) by extension 'colcon_meta'
[0.268s] Level 1:colcon.colcon_core.package_identification:_identify(src/Universal_Robots_ROS2_Driver) by extensions ['ros']
[0.268s] Level 1:colcon.colcon_core.package_identification:_identify(src/Universal_Robots_ROS2_Driver) by extension 'ros'
[0.268s] Level 1:colcon.colcon_core.package_identification:_identify(src/Universal_Robots_ROS2_Driver) by extensions ['cmake', 'python']
[0.268s] Level 1:colcon.colcon_core.package_identification:_identify(src/Universal_Robots_ROS2_Driver) by extension 'cmake'
[0.268s] Level 1:colcon.colcon_core.package_identification:_identify(src/Universal_Robots_ROS2_Driver) by extension 'python'
[0.268s] Level 1:colcon.colcon_core.package_identification:_identify(src/Universal_Robots_ROS2_Driver) by extensions ['python_setup_py']
[0.268s] Level 1:colcon.colcon_core.package_identification:_identify(src/Universal_Robots_ROS2_Driver) by extension 'python_setup_py'
[0.268s] Level 1:colcon.colcon_core.package_identification:_identify(src/Universal_Robots_ROS2_Driver/ur) by extensions ['ignore', 'ignore_ament_install']
[0.268s] Level 1:colcon.colcon_core.package_identification:_identify(src/Universal_Robots_ROS2_Driver/ur) by extension 'ignore'
[0.268s] Level 1:colcon.colcon_core.package_identification:_identify(src/Universal_Robots_ROS2_Driver/ur) by extension 'ignore_ament_install'
[0.268s] Level 1:colcon.colcon_core.package_identification:_identify(src/Universal_Robots_ROS2_Driver/ur) by extensions ['colcon_pkg']
[0.268s] Level 1:colcon.colcon_core.package_identification:_identify(src/Universal_Robots_ROS2_Driver/ur) by extension 'colcon_pkg'
[0.269s] Level 1:colcon.colcon_core.package_identification:_identify(src/Universal_Robots_ROS2_Driver/ur) by extensions ['colcon_meta']
[0.269s] Level 1:colcon.colcon_core.package_identification:_identify(src/Universal_Robots_ROS2_Driver/ur) by extension 'colcon_meta'
[0.269s] Level 1:colcon.colcon_core.package_identification:_identify(src/Universal_Robots_ROS2_Driver/ur) by extensions ['ros']
[0.269s] Level 1:colcon.colcon_core.package_identification:_identify(src/Universal_Robots_ROS2_Driver/ur) by extension 'ros'
[0.271s] DEBUG:colcon.colcon_core.package_identification:Package 'src/Universal_Robots_ROS2_Driver/ur' with type 'ros.ament_cmake' and name 'ur'
[0.271s] Level 1:colcon.colcon_core.package_identification:_identify(src/Universal_Robots_ROS2_Driver/ur_bringup) by extensions ['ignore', 'ignore_ament_install']
[0.271s] Level 1:colcon.colcon_core.package_identification:_identify(src/Universal_Robots_ROS2_Driver/ur_bringup) by extension 'ignore'
[0.271s] Level 1:colcon.colcon_core.package_identification:_identify(src/Universal_Robots_ROS2_Driver/ur_bringup) by extension 'ignore_ament_install'
[0.271s] Level 1:colcon.colcon_core.package_identification:_identify(src/Universal_Robots_ROS2_Driver/ur_bringup) by extensions ['colcon_pkg']
[0.271s] Level 1:colcon.colcon_core.package_identification:_identify(src/Universal_Robots_ROS2_Driver/ur_bringup) by extension 'colcon_pkg'
[0.271s] Level 1:colcon.colcon_core.package_identification:_identify(src/Universal_Robots_ROS2_Driver/ur_bringup) by extensions ['colcon_meta']
[0.271s] Level 1:colcon.colcon_core.package_identification:_identify(src/Universal_Robots_ROS2_Driver/ur_bringup) by extension 'colcon_meta'
[0.271s] Level 1:colcon.colcon_core.package_identification:_identify(src/Universal_Robots_ROS2_Driver/ur_bringup) by extensions ['ros']
[0.271s] Level 1:colcon.colcon_core.package_identification:_identify(src/Universal_Robots_ROS2_Driver/ur_bringup) by extension 'ros'
[0.272s] DEBUG:colcon.colcon_core.package_identification:Package 'src/Universal_Robots_ROS2_Driver/ur_bringup' with type 'ros.ament_cmake' and name 'ur_bringup'
[0.272s] Level 1:colcon.colcon_core.package_identification:_identify(src/Universal_Robots_ROS2_Driver/ur_calibration) by extensions ['ignore', 'ignore_ament_install']
[0.273s] Level 1:colcon.colcon_core.package_identification:_identify(src/Universal_Robots_ROS2_Driver/ur_calibration) by extension 'ignore'
[0.273s] Level 1:colcon.colcon_core.package_identification:_identify(src/Universal_Robots_ROS2_Driver/ur_calibration) by extension 'ignore_ament_install'
[0.273s] Level 1:colcon.colcon_core.package_identification:_identify(src/Universal_Robots_ROS2_Driver/ur_calibration) by extensions ['colcon_pkg']
[0.273s] Level 1:colcon.colcon_core.package_identification:_identify(src/Universal_Robots_ROS2_Driver/ur_calibration) by extension 'colcon_pkg'
[0.273s] Level 1:colcon.colcon_core.package_identification:_identify(src/Universal_Robots_ROS2_Driver/ur_calibration) by extensions ['colcon_meta']
[0.273s] Level 1:colcon.colcon_core.package_identification:_identify(src/Universal_Robots_ROS2_Driver/ur_calibration) by extension 'colcon_meta'
[0.273s] Level 1:colcon.colcon_core.package_identification:_identify(src/Universal_Robots_ROS2_Driver/ur_calibration) by extensions ['ros']
[0.273s] Level 1:colcon.colcon_core.package_identification:_identify(src/Universal_Robots_ROS2_Driver/ur_calibration) by extension 'ros'
[0.274s] DEBUG:colcon.colcon_core.package_identification:Package 'src/Universal_Robots_ROS2_Driver/ur_calibration' with type 'ros.ament_cmake' and name 'ur_calibration'
[0.274s] Level 1:colcon.colcon_core.package_identification:_identify(src/Universal_Robots_ROS2_Driver/ur_controllers) by extensions ['ignore', 'ignore_ament_install']
[0.274s] Level 1:colcon.colcon_core.package_identification:_identify(src/Universal_Robots_ROS2_Driver/ur_controllers) by extension 'ignore'
[0.274s] Level 1:colcon.colcon_core.package_identification:_identify(src/Universal_Robots_ROS2_Driver/ur_controllers) by extension 'ignore_ament_install'
[0.274s] Level 1:colcon.colcon_core.package_identification:_identify(src/Universal_Robots_ROS2_Driver/ur_controllers) by extensions ['colcon_pkg']
[0.274s] Level 1:colcon.colcon_core.package_identification:_identify(src/Universal_Robots_ROS2_Driver/ur_controllers) by extension 'colcon_pkg'
[0.274s] Level 1:colcon.colcon_core.package_identification:_identify(src/Universal_Robots_ROS2_Driver/ur_controllers) by extensions ['colcon_meta']
[0.274s] Level 1:colcon.colcon_core.package_identification:_identify(src/Universal_Robots_ROS2_Driver/ur_controllers) by extension 'colcon_meta'
[0.274s] Level 1:colcon.colcon_core.package_identification:_identify(src/Universal_Robots_ROS2_Driver/ur_controllers) by extensions ['ros']
[0.274s] Level 1:colcon.colcon_core.package_identification:_identify(src/Universal_Robots_ROS2_Driver/ur_controllers) by extension 'ros'
[0.276s] DEBUG:colcon.colcon_core.package_identification:Package 'src/Universal_Robots_ROS2_Driver/ur_controllers' with type 'ros.ament_cmake' and name 'ur_controllers'
[0.276s] Level 1:colcon.colcon_core.package_identification:_identify(src/Universal_Robots_ROS2_Driver/ur_dashboard_msgs) by extensions ['ignore', 'ignore_ament_install']
[0.276s] Level 1:colcon.colcon_core.package_identification:_identify(src/Universal_Robots_ROS2_Driver/ur_dashboard_msgs) by extension 'ignore'
[0.276s] Level 1:colcon.colcon_core.package_identification:_identify(src/Universal_Robots_ROS2_Driver/ur_dashboard_msgs) by extension 'ignore_ament_install'
[0.276s] Level 1:colcon.colcon_core.package_identification:_identify(src/Universal_Robots_ROS2_Driver/ur_dashboard_msgs) by extensions ['colcon_pkg']
[0.276s] Level 1:colcon.colcon_core.package_identification:_identify(src/Universal_Robots_ROS2_Driver/ur_dashboard_msgs) by extension 'colcon_pkg'
[0.276s] Level 1:colcon.colcon_core.package_identification:_identify(src/Universal_Robots_ROS2_Driver/ur_dashboard_msgs) by extensions ['colcon_meta']
[0.276s] Level 1:colcon.colcon_core.package_identification:_identify(src/Universal_Robots_ROS2_Driver/ur_dashboard_msgs) by extension 'colcon_meta'
[0.276s] Level 1:colcon.colcon_core.package_identification:_identify(src/Universal_Robots_ROS2_Driver/ur_dashboard_msgs) by extensions ['ros']
[0.276s] Level 1:colcon.colcon_core.package_identification:_identify(src/Universal_Robots_ROS2_Driver/ur_dashboard_msgs) by extension 'ros'
[0.277s] DEBUG:colcon.colcon_core.package_identification:Package 'src/Universal_Robots_ROS2_Driver/ur_dashboard_msgs' with type 'ros.ament_cmake' and name 'ur_dashboard_msgs'
[0.277s] Level 1:colcon.colcon_core.package_identification:_identify(src/Universal_Robots_ROS2_Driver/ur_moveit_config) by extensions ['ignore', 'ignore_ament_install']
[0.277s] Level 1:colcon.colcon_core.package_identification:_identify(src/Universal_Robots_ROS2_Driver/ur_moveit_config) by extension 'ignore'
[0.277s] Level 1:colcon.colcon_core.package_identification:_identify(src/Universal_Robots_ROS2_Driver/ur_moveit_config) by extension 'ignore_ament_install'
[0.277s] Level 1:colcon.colcon_core.package_identification:_identify(src/Universal_Robots_ROS2_Driver/ur_moveit_config) by extensions ['colcon_pkg']
[0.277s] Level 1:colcon.colcon_core.package_identification:_identify(src/Universal_Robots_ROS2_Driver/ur_moveit_config) by extension 'colcon_pkg'
[0.277s] Level 1:colcon.colcon_core.package_identification:_identify(src/Universal_Robots_ROS2_Driver/ur_moveit_config) by extensions ['colcon_meta']
[0.277s] Level 1:colcon.colcon_core.package_identification:_identify(src/Universal_Robots_ROS2_Driver/ur_moveit_config) by extension 'colcon_meta'
[0.277s] Level 1:colcon.colcon_core.package_identification:_identify(src/Universal_Robots_ROS2_Driver/ur_moveit_config) by extensions ['ros']
[0.277s] Level 1:colcon.colcon_core.package_identification:_identify(src/Universal_Robots_ROS2_Driver/ur_moveit_config) by extension 'ros'
[0.279s] DEBUG:colcon.colcon_core.package_identification:Package 'src/Universal_Robots_ROS2_Driver/ur_moveit_config' with type 'ros.ament_cmake' and name 'ur_moveit_config'
[0.279s] Level 1:colcon.colcon_core.package_identification:_identify(src/Universal_Robots_ROS2_Driver/ur_robot_driver) by extensions ['ignore', 'ignore_ament_install']
[0.279s] Level 1:colcon.colcon_core.package_identification:_identify(src/Universal_Robots_ROS2_Driver/ur_robot_driver) by extension 'ignore'
[0.279s] Level 1:colcon.colcon_core.package_identification:_identify(src/Universal_Robots_ROS2_Driver/ur_robot_driver) by extension 'ignore_ament_install'
[0.279s] Level 1:colcon.colcon_core.package_identification:_identify(src/Universal_Robots_ROS2_Driver/ur_robot_driver) by extensions ['colcon_pkg']
[0.279s] Level 1:colcon.colcon_core.package_identification:_identify(src/Universal_Robots_ROS2_Driver/ur_robot_driver) by extension 'colcon_pkg'
[0.279s] Level 1:colcon.colcon_core.package_identification:_identify(src/Universal_Robots_ROS2_Driver/ur_robot_driver) by extensions ['colcon_meta']
[0.279s] Level 1:colcon.colcon_core.package_identification:_identify(src/Universal_Robots_ROS2_Driver/ur_robot_driver) by extension 'colcon_meta'
[0.279s] Level 1:colcon.colcon_core.package_identification:_identify(src/Universal_Robots_ROS2_Driver/ur_robot_driver) by extensions ['ros']
[0.279s] Level 1:colcon.colcon_core.package_identification:_identify(src/Universal_Robots_ROS2_Driver/ur_robot_driver) by extension 'ros'
[0.281s] DEBUG:colcon.colcon_core.package_identification:Package 'src/Universal_Robots_ROS2_Driver/ur_robot_driver' with type 'ros.ament_cmake' and name 'ur_robot_driver'
[0.282s] Level 1:colcon.colcon_core.package_identification:_identify(src/ur3_llm_control) by extensions ['ignore', 'ignore_ament_install']
[0.282s] Level 1:colcon.colcon_core.package_identification:_identify(src/ur3_llm_control) by extension 'ignore'
[0.282s] Level 1:colcon.colcon_core.package_identification:_identify(src/ur3_llm_control) by extension 'ignore_ament_install'
[0.282s] Level 1:colcon.colcon_core.package_identification:_identify(src/ur3_llm_control) by extensions ['colcon_pkg']
[0.282s] Level 1:colcon.colcon_core.package_identification:_identify(src/ur3_llm_control) by extension 'colcon_pkg'
[0.282s] Level 1:colcon.colcon_core.package_identification:_identify(src/ur3_llm_control) by extensions ['colcon_meta']
[0.282s] Level 1:colcon.colcon_core.package_identification:_identify(src/ur3_llm_control) by extension 'colcon_meta'
[0.282s] Level 1:colcon.colcon_core.package_identification:_identify(src/ur3_llm_control) by extensions ['ros']
[0.282s] Level 1:colcon.colcon_core.package_identification:_identify(src/ur3_llm_control) by extension 'ros'
[0.283s] DEBUG:colcon.colcon_core.package_identification:Package 'src/ur3_llm_control' with type 'ros.ament_python' and name 'ur3_llm_control'
[0.283s] Level 1:colcon.colcon_core.package_discovery:discover_packages(recursive) using defaults
[0.283s] Level 1:colcon.colcon_core.package_discovery:discover_packages(ignore) discover
[0.283s] Level 1:colcon.colcon_core.package_discovery:discover_packages(ignore) using defaults
[0.283s] Level 1:colcon.colcon_core.package_discovery:discover_packages(path) discover
[0.283s] Level 1:colcon.colcon_core.package_discovery:discover_packages(path) using defaults
[0.316s] Level 1:colcon.colcon_core.package_discovery:discover_packages(prefix_path) check parameters
[0.316s] Level 1:colcon.colcon_core.package_discovery:discover_packages(prefix_path) discover
[0.318s] WARNING:colcon.colcon_core.prefix_path.colcon:The path '/home/huy/install' in the environment variable COLCON_PREFIX_PATH doesn't exist
[0.318s] WARNING:colcon.colcon_ros.prefix_path.ament:The path '/home/huy/install/xecuahuy' in the environment variable AMENT_PREFIX_PATH doesn't exist
[0.318s] WARNING:colcon.colcon_ros.prefix_path.ament:The path '/home/huy/install/turtlebot3' in the environment variable AMENT_PREFIX_PATH doesn't exist
[0.318s] WARNING:colcon.colcon_ros.prefix_path.ament:The path '/home/huy/install/turtlebot3_teleop' in the environment variable AMENT_PREFIX_PATH doesn't exist
[0.318s] WARNING:colcon.colcon_ros.prefix_path.ament:The path '/home/huy/install/turtlebot3_simulations' in the environment variable AMENT_PREFIX_PATH doesn't exist
[0.318s] WARNING:colcon.colcon_ros.prefix_path.ament:The path '/home/huy/install/turtlebot3_bringup' in the environment variable AMENT_PREFIX_PATH doesn't exist
[0.318s] WARNING:colcon.colcon_ros.prefix_path.ament:The path '/home/huy/install/turtlebot3_node' in the environment variable AMENT_PREFIX_PATH doesn't exist
[0.318s] WARNING:colcon.colcon_ros.prefix_path.ament:The path '/home/huy/install/turtlebot3_navigation2' in the environment variable AMENT_PREFIX_PATH doesn't exist
[0.318s] WARNING:colcon.colcon_ros.prefix_path.ament:The path '/home/huy/install/turtlebot3_fake_node' in the environment variable AMENT_PREFIX_PATH doesn't exist
[0.318s] WARNING:colcon.colcon_ros.prefix_path.ament:The path '/home/huy/install/turtlebot3_example' in the environment variable AMENT_PREFIX_PATH doesn't exist
[0.319s] WARNING:colcon.colcon_ros.prefix_path.ament:The path '/home/huy/install/turtlebot3_msgs' in the environment variable AMENT_PREFIX_PATH doesn't exist
[0.319s] WARNING:colcon.colcon_ros.prefix_path.ament:The path '/home/huy/install/turtlebot3_manipulation_gazebo' in the environment variable AMENT_PREFIX_PATH doesn't exist
[0.319s] WARNING:colcon.colcon_ros.prefix_path.ament:The path '/home/huy/install/turtlebot3_gazebo' in the environment variable AMENT_PREFIX_PATH doesn't exist
[0.319s] WARNING:colcon.colcon_ros.prefix_path.ament:The path '/home/huy/install/turtlebot3_description' in the environment variable AMENT_PREFIX_PATH doesn't exist
[0.319s] WARNING:colcon.colcon_ros.prefix_path.ament:The path '/home/huy/install/turtlebot3_cartographer' in the environment variable AMENT_PREFIX_PATH doesn't exist
[0.319s] WARNING:colcon.colcon_ros.prefix_path.ament:The path '/home/huy/install/slam_gmapping' in the environment variable AMENT_PREFIX_PATH doesn't exist
[0.319s] WARNING:colcon.colcon_ros.prefix_path.ament:The path '/home/huy/install/openslam_gmapping' in the environment variable AMENT_PREFIX_PATH doesn't exist
[0.319s] WARNING:colcon.colcon_ros.prefix_path.ament:The path '/home/huy/install/micro_ros_setup' in the environment variable AMENT_PREFIX_PATH doesn't exist
[0.319s] WARNING:colcon.colcon_ros.prefix_path.ament:The path '/home/huy/install/micro_ros_agent' in the environment variable AMENT_PREFIX_PATH doesn't exist
[0.319s] WARNING:colcon.colcon_ros.prefix_path.ament:The path '/home/huy/install/micro_ros_msgs' in the environment variable AMENT_PREFIX_PATH doesn't exist
[0.319s] WARNING:colcon.colcon_ros.prefix_path.ament:The path '/home/huy/install/dynamixel_sdk_examples' in the environment variable AMENT_PREFIX_PATH doesn't exist
[0.319s] WARNING:colcon.colcon_ros.prefix_path.ament:The path '/home/huy/install/dynamixel_sdk_custom_interfaces' in the environment variable AMENT_PREFIX_PATH doesn't exist
[0.319s] WARNING:colcon.colcon_ros.prefix_path.ament:The path '/home/huy/install/dynamixel_sdk' in the environment variable AMENT_PREFIX_PATH doesn't exist
[0.319s] WARNING:colcon.colcon_ros.prefix_path.ament:The path '/home/huy/install/aws_robomaker_small_warehouse_world' in the environment variable AMENT_PREFIX_PATH doesn't exist
[0.319s] WARNING:colcon.colcon_ros.prefix_path.catkin:The path '/home/huy/install/xecuahuy' in the environment variable CMAKE_PREFIX_PATH doesn't exist
[0.319s] WARNING:colcon.colcon_ros.prefix_path.catkin:The path '/home/huy/install/turtlebot3' in the environment variable CMAKE_PREFIX_PATH doesn't exist
[0.319s] WARNING:colcon.colcon_ros.prefix_path.catkin:The path '/home/huy/install/turtlebot3_simulations' in the environment variable CMAKE_PREFIX_PATH doesn't exist
[0.319s] WARNING:colcon.colcon_ros.prefix_path.catkin:The path '/home/huy/install/turtlebot3_bringup' in the environment variable CMAKE_PREFIX_PATH doesn't exist
[0.319s] WARNING:colcon.colcon_ros.prefix_path.catkin:The path '/home/huy/install/turtlebot3_node' in the environment variable CMAKE_PREFIX_PATH doesn't exist
[0.319s] WARNING:colcon.colcon_ros.prefix_path.catkin:The path '/home/huy/install/turtlebot3_fake_node' in the environment variable CMAKE_PREFIX_PATH doesn't exist
[0.319s] WARNING:colcon.colcon_ros.prefix_path.catkin:The path '/home/huy/install/turtlebot3_msgs' in the environment variable CMAKE_PREFIX_PATH doesn't exist
[0.319s] WARNING:colcon.colcon_ros.prefix_path.catkin:The path '/home/huy/install/turtlebot3_gazebo' in the environment variable CMAKE_PREFIX_PATH doesn't exist
[0.319s] WARNING:colcon.colcon_ros.prefix_path.catkin:The path '/home/huy/install/slam_gmapping' in the environment variable CMAKE_PREFIX_PATH doesn't exist
[0.319s] WARNING:colcon.colcon_ros.prefix_path.catkin:The path '/home/huy/install/micro_ros_setup' in the environment variable CMAKE_PREFIX_PATH doesn't exist
[0.319s] WARNING:colcon.colcon_ros.prefix_path.catkin:The path '/home/huy/install/micro_ros_agent' in the environment variable CMAKE_PREFIX_PATH doesn't exist
[0.319s] WARNING:colcon.colcon_ros.prefix_path.catkin:The path '/home/huy/install/micro_ros_msgs' in the environment variable CMAKE_PREFIX_PATH doesn't exist
[0.319s] WARNING:colcon.colcon_ros.prefix_path.catkin:The path '/home/huy/install/dynamixel_sdk_examples' in the environment variable CMAKE_PREFIX_PATH doesn't exist
[0.319s] WARNING:colcon.colcon_ros.prefix_path.catkin:The path '/home/huy/install/dynamixel_sdk_custom_interfaces' in the environment variable CMAKE_PREFIX_PATH doesn't exist
[0.319s] WARNING:colcon.colcon_ros.prefix_path.catkin:The path '/home/huy/install/dynamixel_sdk' in the environment variable CMAKE_PREFIX_PATH doesn't exist
[0.319s] WARNING:colcon.colcon_ros.prefix_path.catkin:The path '/home/huy/install/aws_robomaker_small_warehouse_world' in the environment variable CMAKE_PREFIX_PATH doesn't exist
[0.320s] DEBUG:colcon.colcon_installed_package_information.package_discovery:Found 7 installed packages in /home/huy/ur3_llm_ws/install
[0.321s] DEBUG:colcon.colcon_installed_package_information.package_discovery:Found 2 installed packages in /home/huy/ros2_ws/install
[0.321s] DEBUG:colcon.colcon_installed_package_information.package_discovery:Found 4 installed packages in /home/huy/xecuahuy_ws/install
[0.322s] DEBUG:colcon.colcon_installed_package_information.package_discovery:Found 492 installed packages in /opt/ros/humble
[0.324s] Level 1:colcon.colcon_core.package_discovery:discover_packages(prefix_path) using defaults
[0.366s] WARNING:colcon.colcon_core.package_selection:Some selected packages are already built in one or more underlay workspaces:
	'ur_moveit_config' is in: /home/huy/ur3_llm_ws/install/ur_moveit_config, /opt/ros/humble
	'ur_controllers' is in: /home/huy/ur3_llm_ws/install/ur_controllers, /opt/ros/humble
If a package in a merged underlay workspace is overridden and it installs headers, then all packages in the overlay must sort their include directories by workspace order. Failure to do so may result in build failures or undefined behavior at run time.
If the overridden package is used by another package in any underlay, then the overriding package in the overlay must be API and ABI compatible or undefined behavior at run time may occur.

If you understand the risks and want to override a package anyways, add the following to the command line:
	--allow-overriding ur_controllers ur_moveit_config

This may be promoted to an error in a future release of colcon-override-check.
[0.367s] Level 5:colcon.colcon_core.verb:set package 'ur3_llm_control' build argument 'cmake_args' from command line to 'None'
[0.367s] Level 5:colcon.colcon_core.verb:set package 'ur3_llm_control' build argument 'cmake_target' from command line to 'None'
[0.367s] Level 5:colcon.colcon_core.verb:set package 'ur3_llm_control' build argument 'cmake_target_skip_unavailable' from command line to 'False'
[0.367s] Level 5:colcon.colcon_core.verb:set package 'ur3_llm_control' build argument 'cmake_clean_cache' from command line to 'False'
[0.367s] Level 5:colcon.colcon_core.verb:set package 'ur3_llm_control' build argument 'cmake_clean_first' from command line to 'False'
[0.367s] Level 5:colcon.colcon_core.verb:set package 'ur3_llm_control' build argument 'cmake_force_configure' from command line to 'False'
[0.367s] Level 5:colcon.colcon_core.verb:set package 'ur3_llm_control' build argument 'ament_cmake_args' from command line to 'None'
[0.367s] Level 5:colcon.colcon_core.verb:set package 'ur3_llm_control' build argument 'catkin_cmake_args' from command line to 'None'
[0.367s] Level 5:colcon.colcon_core.verb:set package 'ur3_llm_control' build argument 'catkin_skip_building_tests' from command line to 'False'
[0.367s] DEBUG:colcon.colcon_core.verb:Building package 'ur3_llm_control' with the following arguments: {'ament_cmake_args': None, 'build_base': '/home/huy/ur3_llm_ws/build/ur3_llm_control', 'catkin_cmake_args': None, 'catkin_skip_building_tests': False, 'cmake_args': None, 'cmake_clean_cache': False, 'cmake_clean_first': False, 'cmake_force_configure': False, 'cmake_target': None, 'cmake_target_skip_unavailable': False, 'install_base': '/home/huy/ur3_llm_ws/install/ur3_llm_control', 'merge_install': False, 'path': '/home/huy/ur3_llm_ws/src/ur3_llm_control', 'symlink_install': True, 'test_result_base': None}
[0.367s] Level 5:colcon.colcon_core.verb:set package 'ur_dashboard_msgs' build argument 'cmake_args' from command line to 'None'
[0.367s] Level 5:colcon.colcon_core.verb:set package 'ur_dashboard_msgs' build argument 'cmake_target' from command line to 'None'
[0.367s] Level 5:colcon.colcon_core.verb:set package 'ur_dashboard_msgs' build argument 'cmake_target_skip_unavailable' from command line to 'False'
[0.367s] Level 5:colcon.colcon_core.verb:set package 'ur_dashboard_msgs' build argument 'cmake_clean_cache' from command line to 'False'
[0.367s] Level 5:colcon.colcon_core.verb:set package 'ur_dashboard_msgs' build argument 'cmake_clean_first' from command line to 'False'
[0.367s] Level 5:colcon.colcon_core.verb:set package 'ur_dashboard_msgs' build argument 'cmake_force_configure' from command line to 'False'
[0.367s] Level 5:colcon.colcon_core.verb:set package 'ur_dashboard_msgs' build argument 'ament_cmake_args' from command line to 'None'
[0.367s] Level 5:colcon.colcon_core.verb:set package 'ur_dashboard_msgs' build argument 'catkin_cmake_args' from command line to 'None'
[0.367s] Level 5:colcon.colcon_core.verb:set package 'ur_dashboard_msgs' build argument 'catkin_skip_building_tests' from command line to 'False'
[0.367s] DEBUG:colcon.colcon_core.verb:Building package 'ur_dashboard_msgs' with the following arguments: {'ament_cmake_args': None, 'build_base': '/home/huy/ur3_llm_ws/build/ur_dashboard_msgs', 'catkin_cmake_args': None, 'catkin_skip_building_tests': False, 'cmake_args': None, 'cmake_clean_cache': False, 'cmake_clean_first': False, 'cmake_force_configure': False, 'cmake_target': None, 'cmake_target_skip_unavailable': False, 'install_base': '/home/huy/ur3_llm_ws/install/ur_dashboard_msgs', 'merge_install': False, 'path': '/home/huy/ur3_llm_ws/src/Universal_Robots_ROS2_Driver/ur_dashboard_msgs', 'symlink_install': True, 'test_result_base': None}
[0.367s] Level 5:colcon.colcon_core.verb:set package 'ur_moveit_config' build argument 'cmake_args' from command line to 'None'
[0.367s] Level 5:colcon.colcon_core.verb:set package 'ur_moveit_config' build argument 'cmake_target' from command line to 'None'
[0.367s] Level 5:colcon.colcon_core.verb:set package 'ur_moveit_config' build argument 'cmake_target_skip_unavailable' from command line to 'False'
[0.368s] Level 5:colcon.colcon_core.verb:set package 'ur_moveit_config' build argument 'cmake_clean_cache' from command line to 'False'
[0.368s] Level 5:colcon.colcon_core.verb:set package 'ur_moveit_config' build argument 'cmake_clean_first' from command line to 'False'
[0.368s] Level 5:colcon.colcon_core.verb:set package 'ur_moveit_config' build argument 'cmake_force_configure' from command line to 'False'
[0.368s] Level 5:colcon.colcon_core.verb:set package 'ur_moveit_config' build argument 'ament_cmake_args' from command line to 'None'
[0.368s] Level 5:colcon.colcon_core.verb:set package 'ur_moveit_config' build argument 'catkin_cmake_args' from command line to 'None'
[0.368s] Level 5:colcon.colcon_core.verb:set package 'ur_moveit_config' build argument 'catkin_skip_building_tests' from command line to 'False'
[0.368s] DEBUG:colcon.colcon_core.verb:Building package 'ur_moveit_config' with the following arguments: {'ament_cmake_args': None, 'build_base': '/home/huy/ur3_llm_ws/build/ur_moveit_config', 'catkin_cmake_args': None, 'catkin_skip_building_tests': False, 'cmake_args': None, 'cmake_clean_cache': False, 'cmake_clean_first': False, 'cmake_force_configure': False, 'cmake_target': None, 'cmake_target_skip_unavailable': False, 'install_base': '/home/huy/ur3_llm_ws/install/ur_moveit_config', 'merge_install': False, 'path': '/home/huy/ur3_llm_ws/src/Universal_Robots_ROS2_Driver/ur_moveit_config', 'symlink_install': True, 'test_result_base': None}
[0.368s] Level 5:colcon.colcon_core.verb:set package 'ur_controllers' build argument 'cmake_args' from command line to 'None'
[0.368s] Level 5:colcon.colcon_core.verb:set package 'ur_controllers' build argument 'cmake_target' from command line to 'None'
[0.368s] Level 5:colcon.colcon_core.verb:set package 'ur_controllers' build argument 'cmake_target_skip_unavailable' from command line to 'False'
[0.368s] Level 5:colcon.colcon_core.verb:set package 'ur_controllers' build argument 'cmake_clean_cache' from command line to 'False'
[0.368s] Level 5:colcon.colcon_core.verb:set package 'ur_controllers' build argument 'cmake_clean_first' from command line to 'False'
[0.368s] Level 5:colcon.colcon_core.verb:set package 'ur_controllers' build argument 'cmake_force_configure' from command line to 'False'
[0.368s] Level 5:colcon.colcon_core.verb:set package 'ur_controllers' build argument 'ament_cmake_args' from command line to 'None'
[0.368s] Level 5:colcon.colcon_core.verb:set package 'ur_controllers' build argument 'catkin_cmake_args' from command line to 'None'
[0.368s] Level 5:colcon.colcon_core.verb:set package 'ur_controllers' build argument 'catkin_skip_building_tests' from command line to 'False'
[0.368s] DEBUG:colcon.colcon_core.verb:Building package 'ur_controllers' with the following arguments: {'ament_cmake_args': None, 'build_base': '/home/huy/ur3_llm_ws/build/ur_controllers', 'catkin_cmake_args': None, 'catkin_skip_building_tests': False, 'cmake_args': None, 'cmake_clean_cache': False, 'cmake_clean_first': False, 'cmake_force_configure': False, 'cmake_target': None, 'cmake_target_skip_unavailable': False, 'install_base': '/home/huy/ur3_llm_ws/install/ur_controllers', 'merge_install': False, 'path': '/home/huy/ur3_llm_ws/src/Universal_Robots_ROS2_Driver/ur_controllers', 'symlink_install': True, 'test_result_base': None}
[0.368s] Level 5:colcon.colcon_core.verb:set package 'ur_bringup' build argument 'cmake_args' from command line to 'None'
[0.368s] Level 5:colcon.colcon_core.verb:set package 'ur_bringup' build argument 'cmake_target' from command line to 'None'
[0.368s] Level 5:colcon.colcon_core.verb:set package 'ur_bringup' build argument 'cmake_target_skip_unavailable' from command line to 'False'
[0.368s] Level 5:colcon.colcon_core.verb:set package 'ur_bringup' build argument 'cmake_clean_cache' from command line to 'False'
[0.368s] Level 5:colcon.colcon_core.verb:set package 'ur_bringup' build argument 'cmake_clean_first' from command line to 'False'
[0.368s] Level 5:colcon.colcon_core.verb:set package 'ur_bringup' build argument 'cmake_force_configure' from command line to 'False'
[0.368s] Level 5:colcon.colcon_core.verb:set package 'ur_bringup' build argument 'ament_cmake_args' from command line to 'None'
[0.368s] Level 5:colcon.colcon_core.verb:set package 'ur_bringup' build argument 'catkin_cmake_args' from command line to 'None'
[0.368s] Level 5:colcon.colcon_core.verb:set package 'ur_bringup' build argument 'catkin_skip_building_tests' from command line to 'False'
[0.368s] DEBUG:colcon.colcon_core.verb:Building package 'ur_bringup' with the following arguments: {'ament_cmake_args': None, 'build_base': '/home/huy/ur3_llm_ws/build/ur_bringup', 'catkin_cmake_args': None, 'catkin_skip_building_tests': False, 'cmake_args': None, 'cmake_clean_cache': False, 'cmake_clean_first': False, 'cmake_force_configure': False, 'cmake_target': None, 'cmake_target_skip_unavailable': False, 'install_base': '/home/huy/ur3_llm_ws/install/ur_bringup', 'merge_install': False, 'path': '/home/huy/ur3_llm_ws/src/Universal_Robots_ROS2_Driver/ur_bringup', 'symlink_install': True, 'test_result_base': None}
[0.369s] Level 5:colcon.colcon_core.verb:set package 'ur_robot_driver' build argument 'cmake_args' from command line to 'None'
[0.369s] Level 5:colcon.colcon_core.verb:set package 'ur_robot_driver' build argument 'cmake_target' from command line to 'None'
[0.369s] Level 5:colcon.colcon_core.verb:set package 'ur_robot_driver' build argument 'cmake_target_skip_unavailable' from command line to 'False'
[0.369s] Level 5:colcon.colcon_core.verb:set package 'ur_robot_driver' build argument 'cmake_clean_cache' from command line to 'False'
[0.369s] Level 5:colcon.colcon_core.verb:set package 'ur_robot_driver' build argument 'cmake_clean_first' from command line to 'False'
[0.369s] Level 5:colcon.colcon_core.verb:set package 'ur_robot_driver' build argument 'cmake_force_configure' from command line to 'False'
[0.369s] Level 5:colcon.colcon_core.verb:set package 'ur_robot_driver' build argument 'ament_cmake_args' from command line to 'None'
[0.369s] Level 5:colcon.colcon_core.verb:set package 'ur_robot_driver' build argument 'catkin_cmake_args' from command line to 'None'
[0.369s] Level 5:colcon.colcon_core.verb:set package 'ur_robot_driver' build argument 'catkin_skip_building_tests' from command line to 'False'
[0.369s] DEBUG:colcon.colcon_core.verb:Building package 'ur_robot_driver' with the following arguments: {'ament_cmake_args': None, 'build_base': '/home/huy/ur3_llm_ws/build/ur_robot_driver', 'catkin_cmake_args': None, 'catkin_skip_building_tests': False, 'cmake_args': None, 'cmake_clean_cache': False, 'cmake_clean_first': False, 'cmake_force_configure': False, 'cmake_target': None, 'cmake_target_skip_unavailable': False, 'install_base': '/home/huy/ur3_llm_ws/install/ur_robot_driver', 'merge_install': False, 'path': '/home/huy/ur3_llm_ws/src/Universal_Robots_ROS2_Driver/ur_robot_driver', 'symlink_install': True, 'test_result_base': None}
[0.369s] Level 5:colcon.colcon_core.verb:set package 'ur_calibration' build argument 'cmake_args' from command line to 'None'
[0.369s] Level 5:colcon.colcon_core.verb:set package 'ur_calibration' build argument 'cmake_target' from command line to 'None'
[0.369s] Level 5:colcon.colcon_core.verb:set package 'ur_calibration' build argument 'cmake_target_skip_unavailable' from command line to 'False'
[0.369s] Level 5:colcon.colcon_core.verb:set package 'ur_calibration' build argument 'cmake_clean_cache' from command line to 'False'
[0.369s] Level 5:colcon.colcon_core.verb:set package 'ur_calibration' build argument 'cmake_clean_first' from command line to 'False'
[0.369s] Level 5:colcon.colcon_core.verb:set package 'ur_calibration' build argument 'cmake_force_configure' from command line to 'False'
[0.369s] Level 5:colcon.colcon_core.verb:set package 'ur_calibration' build argument 'ament_cmake_args' from command line to 'None'
[0.369s] Level 5:colcon.colcon_core.verb:set package 'ur_calibration' build argument 'catkin_cmake_args' from command line to 'None'
[0.369s] Level 5:colcon.colcon_core.verb:set package 'ur_calibration' build argument 'catkin_skip_building_tests' from command line to 'False'
[0.369s] DEBUG:colcon.colcon_core.verb:Building package 'ur_calibration' with the following arguments: {'ament_cmake_args': None, 'build_base': '/home/huy/ur3_llm_ws/build/ur_calibration', 'catkin_cmake_args': None, 'catkin_skip_building_tests': False, 'cmake_args': None, 'cmake_clean_cache': False, 'cmake_clean_first': False, 'cmake_force_configure': False, 'cmake_target': None, 'cmake_target_skip_unavailable': False, 'install_base': '/home/huy/ur3_llm_ws/install/ur_calibration', 'merge_install': False, 'path': '/home/huy/ur3_llm_ws/src/Universal_Robots_ROS2_Driver/ur_calibration', 'symlink_install': True, 'test_result_base': None}
[0.369s] Level 5:colcon.colcon_core.verb:set package 'ur' build argument 'cmake_args' from command line to 'None'
[0.369s] Level 5:colcon.colcon_core.verb:set package 'ur' build argument 'cmake_target' from command line to 'None'
[0.369s] Level 5:colcon.colcon_core.verb:set package 'ur' build argument 'cmake_target_skip_unavailable' from command line to 'False'
[0.370s] Level 5:colcon.colcon_core.verb:set package 'ur' build argument 'cmake_clean_cache' from command line to 'False'
[0.370s] Level 5:colcon.colcon_core.verb:set package 'ur' build argument 'cmake_clean_first' from command line to 'False'
[0.370s] Level 5:colcon.colcon_core.verb:set package 'ur' build argument 'cmake_force_configure' from command line to 'False'
[0.370s] Level 5:colcon.colcon_core.verb:set package 'ur' build argument 'ament_cmake_args' from command line to 'None'
[0.370s] Level 5:colcon.colcon_core.verb:set package 'ur' build argument 'catkin_cmake_args' from command line to 'None'
[0.370s] Level 5:colcon.colcon_core.verb:set package 'ur' build argument 'catkin_skip_building_tests' from command line to 'False'
[0.370s] DEBUG:colcon.colcon_core.verb:Building package 'ur' with the following arguments: {'ament_cmake_args': None, 'build_base': '/home/huy/ur3_llm_ws/build/ur', 'catkin_cmake_args': None, 'catkin_skip_building_tests': False, 'cmake_args': None, 'cmake_clean_cache': False, 'cmake_clean_first': False, 'cmake_force_configure': False, 'cmake_target': None, 'cmake_target_skip_unavailable': False, 'install_base': '/home/huy/ur3_llm_ws/install/ur', 'merge_install': False, 'path': '/home/huy/ur3_llm_ws/src/Universal_Robots_ROS2_Driver/ur', 'symlink_install': True, 'test_result_base': None}
[0.370s] INFO:colcon.colcon_core.executor:Executing jobs using 'parallel' executor
[0.371s] DEBUG:colcon.colcon_parallel_executor.executor.parallel:run_until_complete
[0.371s] INFO:colcon.colcon_ros.task.ament_cmake.build:Building ROS package in '/home/huy/ur3_llm_ws/src/Universal_Robots_ROS2_Driver/ur_dashboard_msgs' with build type 'ament_cmake'
[0.371s] INFO:colcon.colcon_cmake.task.cmake.build:Building CMake package in '/home/huy/ur3_llm_ws/src/Universal_Robots_ROS2_Driver/ur_dashboard_msgs'
[0.374s] INFO:colcon.colcon_core.plugin_system:Skipping extension 'colcon_core.shell.bat': Not used on non-Windows systems
[0.374s] INFO:colcon.colcon_core.shell:Skip shell extension 'powershell' for command environment: Not usable outside of PowerShell
[0.374s] DEBUG:colcon.colcon_core.shell:Skip shell extension 'dsv' for command environment
[0.379s] INFO:colcon.colcon_ros.task.ament_cmake.build:Building ROS package in '/home/huy/ur3_llm_ws/src/Universal_Robots_ROS2_Driver/ur_moveit_config' with build type 'ament_cmake'
[0.379s] INFO:colcon.colcon_cmake.task.cmake.build:Building CMake package in '/home/huy/ur3_llm_ws/src/Universal_Robots_ROS2_Driver/ur_moveit_config'
[0.379s] INFO:colcon.colcon_core.shell:Skip shell extension 'powershell' for command environment: Not usable outside of PowerShell
[0.379s] DEBUG:colcon.colcon_core.shell:Skip shell extension 'dsv' for command environment
[0.383s] INFO:colcon.colcon_ros.task.ament_python.build:Building ROS package in '/home/huy/ur3_llm_ws/src/ur3_llm_control' with build type 'ament_python'
[0.383s] Level 1:colcon.colcon_core.shell:create_environment_hook('ur3_llm_control', 'ament_prefix_path')
[0.383s] INFO:colcon.colcon_core.shell:Creating environment hook '/home/huy/ur3_llm_ws/install/ur3_llm_control/share/ur3_llm_control/hook/ament_prefix_path.ps1'
[0.384s] INFO:colcon.colcon_core.shell:Creating environment descriptor '/home/huy/ur3_llm_ws/install/ur3_llm_control/share/ur3_llm_control/hook/ament_prefix_path.dsv'
[0.385s] INFO:colcon.colcon_core.shell:Creating environment hook '/home/huy/ur3_llm_ws/install/ur3_llm_control/share/ur3_llm_control/hook/ament_prefix_path.sh'
[0.386s] INFO:colcon.colcon_core.shell:Skip shell extension 'powershell' for command environment: Not usable outside of PowerShell
[0.386s] DEBUG:colcon.colcon_core.shell:Skip shell extension 'dsv' for command environment
[0.394s] DEBUG:colcon.colcon_core.event_handler.log_command:Invoking command in '/home/huy/ur3_llm_ws/build/ur_dashboard_msgs': CMAKE_PREFIX_PATH=${CMAKE_PREFIX_PATH}:/home/huy/install/turtlebot3_teleop:/home/huy/install/turtlebot3_navigation2:/home/huy/install/turtlebot3_example:/home/huy/install/turtlebot3_manipulation_gazebo:/home/huy/install/turtlebot3_description:/home/huy/install/turtlebot3_cartographer:/home/huy/install/openslam_gmapping:/opt/ros/humble PS1=${debian_chroot:+($debian_chroot)}\[\033[01;32m\]\u@\h\[\033[00m\]:\[\033[01;34m\]\w\[\033[00m\]\$ /usr/bin/cmake --build /home/huy/ur3_llm_ws/build/ur_dashboard_msgs -- -j12 -l12
[0.398s] DEBUG:colcon.colcon_core.event_handler.log_command:Invoking command in '/home/huy/ur3_llm_ws/build/ur_moveit_config': CMAKE_PREFIX_PATH=${CMAKE_PREFIX_PATH}:/home/huy/install/turtlebot3_teleop:/home/huy/install/turtlebot3_navigation2:/home/huy/install/turtlebot3_example:/home/huy/install/turtlebot3_manipulation_gazebo:/home/huy/install/turtlebot3_description:/home/huy/install/turtlebot3_cartographer:/home/huy/install/openslam_gmapping:/opt/ros/humble PS1=${debian_chroot:+($debian_chroot)}\[\033[01;32m\]\u@\h\[\033[00m\]:\[\033[01;34m\]\w\[\033[00m\]\$ /usr/bin/cmake --build /home/huy/ur3_llm_ws/build/ur_moveit_config -- -j12 -l12
[0.707s] INFO:colcon.colcon_core.task.python.build:Building Python package in '/home/huy/ur3_llm_ws/src/ur3_llm_control'
[0.708s] INFO:colcon.colcon_core.shell:Skip shell extension 'powershell' for command environment: Not usable outside of PowerShell
[0.708s] DEBUG:colcon.colcon_core.shell:Skip shell extension 'dsv' for command environment
[0.781s] DEBUG:colcon.colcon_core.event_handler.log_command:Invoked command in '/home/huy/ur3_llm_ws/build/ur_moveit_config' returned '0': CMAKE_PREFIX_PATH=${CMAKE_PREFIX_PATH}:/home/huy/install/turtlebot3_teleop:/home/huy/install/turtlebot3_navigation2:/home/huy/install/turtlebot3_example:/home/huy/install/turtlebot3_manipulation_gazebo:/home/huy/install/turtlebot3_description:/home/huy/install/turtlebot3_cartographer:/home/huy/install/openslam_gmapping:/opt/ros/humble PS1=${debian_chroot:+($debian_chroot)}\[\033[01;32m\]\u@\h\[\033[00m\]:\[\033[01;34m\]\w\[\033[00m\]\$ /usr/bin/cmake --build /home/huy/ur3_llm_ws/build/ur_moveit_config -- -j12 -l12
[0.790s] DEBUG:colcon.colcon_core.event_handler.log_command:Invoking command in '/home/huy/ur3_llm_ws/build/ur_moveit_config': CMAKE_PREFIX_PATH=${CMAKE_PREFIX_PATH}:/home/huy/install/turtlebot3_teleop:/home/huy/install/turtlebot3_navigation2:/home/huy/install/turtlebot3_example:/home/huy/install/turtlebot3_manipulation_gazebo:/home/huy/install/turtlebot3_description:/home/huy/install/turtlebot3_cartographer:/home/huy/install/openslam_gmapping:/opt/ros/humble PS1=${debian_chroot:+($debian_chroot)}\[\033[01;32m\]\u@\h\[\033[00m\]:\[\033[01;34m\]\w\[\033[00m\]\$ /usr/bin/cmake --install /home/huy/ur3_llm_ws/build/ur_moveit_config
[0.792s] DEBUG:colcon.colcon_core.event_handler.log_command:Invoked command in '/home/huy/ur3_llm_ws/build/ur_dashboard_msgs' returned '0': CMAKE_PREFIX_PATH=${CMAKE_PREFIX_PATH}:/home/huy/install/turtlebot3_teleop:/home/huy/install/turtlebot3_navigation2:/home/huy/install/turtlebot3_example:/home/huy/install/turtlebot3_manipulation_gazebo:/home/huy/install/turtlebot3_description:/home/huy/install/turtlebot3_cartographer:/home/huy/install/openslam_gmapping:/opt/ros/humble PS1=${debian_chroot:+($debian_chroot)}\[\033[01;32m\]\u@\h\[\033[00m\]:\[\033[01;34m\]\w\[\033[00m\]\$ /usr/bin/cmake --build /home/huy/ur3_llm_ws/build/ur_dashboard_msgs -- -j12 -l12
[0.794s] DEBUG:colcon.colcon_core.event_handler.log_command:Invoking command in '/home/huy/ur3_llm_ws/build/ur_dashboard_msgs': CMAKE_PREFIX_PATH=${CMAKE_PREFIX_PATH}:/home/huy/install/turtlebot3_teleop:/home/huy/install/turtlebot3_navigation2:/home/huy/install/turtlebot3_example:/home/huy/install/turtlebot3_manipulation_gazebo:/home/huy/install/turtlebot3_description:/home/huy/install/turtlebot3_cartographer:/home/huy/install/openslam_gmapping:/opt/ros/humble PS1=${debian_chroot:+($debian_chroot)}\[\033[01;32m\]\u@\h\[\033[00m\]:\[\033[01;34m\]\w\[\033[00m\]\$ /usr/bin/cmake --install /home/huy/ur3_llm_ws/build/ur_dashboard_msgs
[0.891s] Level 1:colcon.colcon_core.environment:create_environment_scripts_only(ur_moveit_config)
[0.891s] DEBUG:colcon.colcon_core.event_handler.log_command:Invoked command in '/home/huy/ur3_llm_ws/build/ur_moveit_config' returned '0': CMAKE_PREFIX_PATH=${CMAKE_PREFIX_PATH}:/home/huy/install/turtlebot3_teleop:/home/huy/install/turtlebot3_navigation2:/home/huy/install/turtlebot3_example:/home/huy/install/turtlebot3_manipulation_gazebo:/home/huy/install/turtlebot3_description:/home/huy/install/turtlebot3_cartographer:/home/huy/install/openslam_gmapping:/opt/ros/humble PS1=${debian_chroot:+($debian_chroot)}\[\033[01;32m\]\u@\h\[\033[00m\]:\[\033[01;34m\]\w\[\033[00m\]\$ /usr/bin/cmake --install /home/huy/ur3_llm_ws/build/ur_moveit_config
[0.896s] Level 1:colcon.colcon_core.environment:checking '/home/huy/ur3_llm_ws/install/ur_moveit_config' for CMake module files
[0.896s] Level 1:colcon.colcon_core.environment:checking '/home/huy/ur3_llm_ws/install/ur_moveit_config' for CMake config files
[0.896s] Level 1:colcon.colcon_core.shell:create_environment_hook('ur_moveit_config', 'cmake_prefix_path')
[0.897s] INFO:colcon.colcon_core.shell:Creating environment hook '/home/huy/ur3_llm_ws/install/ur_moveit_config/share/ur_moveit_config/hook/cmake_prefix_path.ps1'
[0.897s] INFO:colcon.colcon_core.shell:Creating environment descriptor '/home/huy/ur3_llm_ws/install/ur_moveit_config/share/ur_moveit_config/hook/cmake_prefix_path.dsv'
[0.897s] INFO:colcon.colcon_core.shell:Creating environment hook '/home/huy/ur3_llm_ws/install/ur_moveit_config/share/ur_moveit_config/hook/cmake_prefix_path.sh'
[0.898s] Level 1:colcon.colcon_core.environment:checking '/home/huy/ur3_llm_ws/install/ur_moveit_config/bin'
[0.898s] Level 1:colcon.colcon_core.environment:checking '/home/huy/ur3_llm_ws/install/ur_moveit_config/lib/pkgconfig/ur_moveit_config.pc'
[0.898s] Level 1:colcon.colcon_core.environment:checking '/home/huy/ur3_llm_ws/install/ur_moveit_config/lib/python3.10/site-packages'
[0.899s] Level 1:colcon.colcon_core.environment:checking '/home/huy/ur3_llm_ws/install/ur_moveit_config/bin'
[0.899s] INFO:colcon.colcon_core.shell:Creating package script '/home/huy/ur3_llm_ws/install/ur_moveit_config/share/ur_moveit_config/package.ps1'
[0.900s] INFO:colcon.colcon_core.shell:Creating package descriptor '/home/huy/ur3_llm_ws/install/ur_moveit_config/share/ur_moveit_config/package.dsv'
[0.901s] INFO:colcon.colcon_core.shell:Creating package script '/home/huy/ur3_llm_ws/install/ur_moveit_config/share/ur_moveit_config/package.sh'
[0.901s] INFO:colcon.colcon_core.shell:Creating package script '/home/huy/ur3_llm_ws/install/ur_moveit_config/share/ur_moveit_config/package.bash'
[0.902s] INFO:colcon.colcon_core.shell:Creating package script '/home/huy/ur3_llm_ws/install/ur_moveit_config/share/ur_moveit_config/package.zsh'
[0.903s] Level 1:colcon.colcon_core.environment:create_file_with_runtime_dependencies(/home/huy/ur3_llm_ws/install/ur_moveit_config/share/colcon-core/packages/ur_moveit_config)
[0.904s] Level 1:colcon.colcon_core.environment:create_environment_scripts_only(ur_moveit_config)
[0.904s] Level 1:colcon.colcon_core.environment:checking '/home/huy/ur3_llm_ws/install/ur_moveit_config' for CMake module files
[0.904s] Level 1:colcon.colcon_core.environment:checking '/home/huy/ur3_llm_ws/install/ur_moveit_config' for CMake config files
[0.904s] Level 1:colcon.colcon_core.shell:create_environment_hook('ur_moveit_config', 'cmake_prefix_path')
[0.905s] INFO:colcon.colcon_core.shell:Creating environment hook '/home/huy/ur3_llm_ws/install/ur_moveit_config/share/ur_moveit_config/hook/cmake_prefix_path.ps1'
[0.905s] INFO:colcon.colcon_core.shell:Creating environment descriptor '/home/huy/ur3_llm_ws/install/ur_moveit_config/share/ur_moveit_config/hook/cmake_prefix_path.dsv'
[0.905s] INFO:colcon.colcon_core.shell:Creating environment hook '/home/huy/ur3_llm_ws/install/ur_moveit_config/share/ur_moveit_config/hook/cmake_prefix_path.sh'
[0.906s] Level 1:colcon.colcon_core.environment:checking '/home/huy/ur3_llm_ws/install/ur_moveit_config/bin'
[0.906s] Level 1:colcon.colcon_core.environment:checking '/home/huy/ur3_llm_ws/install/ur_moveit_config/lib/pkgconfig/ur_moveit_config.pc'
[0.906s] Level 1:colcon.colcon_core.environment:checking '/home/huy/ur3_llm_ws/install/ur_moveit_config/lib/python3.10/site-packages'
[0.906s] Level 1:colcon.colcon_core.environment:checking '/home/huy/ur3_llm_ws/install/ur_moveit_config/bin'
[0.907s] INFO:colcon.colcon_core.shell:Creating package script '/home/huy/ur3_llm_ws/install/ur_moveit_config/share/ur_moveit_config/package.ps1'
[0.907s] INFO:colcon.colcon_core.shell:Creating package descriptor '/home/huy/ur3_llm_ws/install/ur_moveit_config/share/ur_moveit_config/package.dsv'
[0.908s] INFO:colcon.colcon_core.shell:Creating package script '/home/huy/ur3_llm_ws/install/ur_moveit_config/share/ur_moveit_config/package.sh'
[0.908s] INFO:colcon.colcon_core.shell:Creating package script '/home/huy/ur3_llm_ws/install/ur_moveit_config/share/ur_moveit_config/package.bash'
[0.908s] INFO:colcon.colcon_core.shell:Creating package script '/home/huy/ur3_llm_ws/install/ur_moveit_config/share/ur_moveit_config/package.zsh'
[0.908s] Level 1:colcon.colcon_core.environment:create_file_with_runtime_dependencies(/home/huy/ur3_llm_ws/install/ur_moveit_config/share/colcon-core/packages/ur_moveit_config)
[0.932s] Level 1:colcon.colcon_core.environment:create_environment_scripts_only(ur_dashboard_msgs)
[0.932s] Level 1:colcon.colcon_core.environment:checking '/home/huy/ur3_llm_ws/install/ur_dashboard_msgs' for CMake module files
[0.933s] DEBUG:colcon.colcon_core.event_handler.log_command:Invoked command in '/home/huy/ur3_llm_ws/build/ur_dashboard_msgs' returned '0': CMAKE_PREFIX_PATH=${CMAKE_PREFIX_PATH}:/home/huy/install/turtlebot3_teleop:/home/huy/install/turtlebot3_navigation2:/home/huy/install/turtlebot3_example:/home/huy/install/turtlebot3_manipulation_gazebo:/home/huy/install/turtlebot3_description:/home/huy/install/turtlebot3_cartographer:/home/huy/install/openslam_gmapping:/opt/ros/humble PS1=${debian_chroot:+($debian_chroot)}\[\033[01;32m\]\u@\h\[\033[00m\]:\[\033[01;34m\]\w\[\033[00m\]\$ /usr/bin/cmake --install /home/huy/ur3_llm_ws/build/ur_dashboard_msgs
[0.933s] Level 1:colcon.colcon_core.environment:checking '/home/huy/ur3_llm_ws/install/ur_dashboard_msgs' for CMake config files
[0.936s] Level 1:colcon.colcon_core.shell:create_environment_hook('ur_dashboard_msgs', 'cmake_prefix_path')
[0.936s] INFO:colcon.colcon_core.shell:Creating environment hook '/home/huy/ur3_llm_ws/install/ur_dashboard_msgs/share/ur_dashboard_msgs/hook/cmake_prefix_path.ps1'
[0.937s] INFO:colcon.colcon_core.shell:Creating environment descriptor '/home/huy/ur3_llm_ws/install/ur_dashboard_msgs/share/ur_dashboard_msgs/hook/cmake_prefix_path.dsv'
[0.937s] INFO:colcon.colcon_core.shell:Creating environment hook '/home/huy/ur3_llm_ws/install/ur_dashboard_msgs/share/ur_dashboard_msgs/hook/cmake_prefix_path.sh'
[0.937s] Level 1:colcon.colcon_core.environment:checking '/home/huy/ur3_llm_ws/install/ur_dashboard_msgs/lib'
[0.938s] Level 1:colcon.colcon_core.shell:create_environment_hook('ur_dashboard_msgs', 'ld_library_path_lib')
[0.938s] INFO:colcon.colcon_core.shell:Creating environment hook '/home/huy/ur3_llm_ws/install/ur_dashboard_msgs/share/ur_dashboard_msgs/hook/ld_library_path_lib.ps1'
[0.938s] INFO:colcon.colcon_core.shell:Creating environment descriptor '/home/huy/ur3_llm_ws/install/ur_dashboard_msgs/share/ur_dashboard_msgs/hook/ld_library_path_lib.dsv'
[0.938s] INFO:colcon.colcon_core.shell:Creating environment hook '/home/huy/ur3_llm_ws/install/ur_dashboard_msgs/share/ur_dashboard_msgs/hook/ld_library_path_lib.sh'
[0.939s] Level 1:colcon.colcon_core.environment:checking '/home/huy/ur3_llm_ws/install/ur_dashboard_msgs/bin'
[0.939s] Level 1:colcon.colcon_core.environment:checking '/home/huy/ur3_llm_ws/install/ur_dashboard_msgs/lib/pkgconfig/ur_dashboard_msgs.pc'
[0.939s] Level 1:colcon.colcon_core.environment:checking '/home/huy/ur3_llm_ws/install/ur_dashboard_msgs/lib/python3.10/site-packages'
[0.939s] Level 1:colcon.colcon_core.environment:checking '/home/huy/ur3_llm_ws/install/ur_dashboard_msgs/bin'
[0.940s] INFO:colcon.colcon_core.shell:Creating package script '/home/huy/ur3_llm_ws/install/ur_dashboard_msgs/share/ur_dashboard_msgs/package.ps1'
[0.940s] INFO:colcon.colcon_core.shell:Creating package descriptor '/home/huy/ur3_llm_ws/install/ur_dashboard_msgs/share/ur_dashboard_msgs/package.dsv'
[0.941s] INFO:colcon.colcon_core.shell:Creating package script '/home/huy/ur3_llm_ws/install/ur_dashboard_msgs/share/ur_dashboard_msgs/package.sh'
[0.941s] INFO:colcon.colcon_core.shell:Creating package script '/home/huy/ur3_llm_ws/install/ur_dashboard_msgs/share/ur_dashboard_msgs/package.bash'
[0.941s] INFO:colcon.colcon_core.shell:Creating package script '/home/huy/ur3_llm_ws/install/ur_dashboard_msgs/share/ur_dashboard_msgs/package.zsh'
[0.942s] Level 1:colcon.colcon_core.environment:create_file_with_runtime_dependencies(/home/huy/ur3_llm_ws/install/ur_dashboard_msgs/share/colcon-core/packages/ur_dashboard_msgs)
[0.942s] Level 1:colcon.colcon_core.environment:create_environment_scripts_only(ur_dashboard_msgs)
[0.943s] Level 1:colcon.colcon_core.environment:checking '/home/huy/ur3_llm_ws/install/ur_dashboard_msgs' for CMake module files
[0.943s] Level 1:colcon.colcon_core.environment:checking '/home/huy/ur3_llm_ws/install/ur_dashboard_msgs' for CMake config files
[0.946s] Level 1:colcon.colcon_core.shell:create_environment_hook('ur_dashboard_msgs', 'cmake_prefix_path')
[0.946s] INFO:colcon.colcon_core.shell:Creating environment hook '/home/huy/ur3_llm_ws/install/ur_dashboard_msgs/share/ur_dashboard_msgs/hook/cmake_prefix_path.ps1'
[0.947s] INFO:colcon.colcon_core.shell:Creating environment descriptor '/home/huy/ur3_llm_ws/install/ur_dashboard_msgs/share/ur_dashboard_msgs/hook/cmake_prefix_path.dsv'
[0.947s] INFO:colcon.colcon_core.shell:Creating environment hook '/home/huy/ur3_llm_ws/install/ur_dashboard_msgs/share/ur_dashboard_msgs/hook/cmake_prefix_path.sh'
[0.948s] Level 1:colcon.colcon_core.environment:checking '/home/huy/ur3_llm_ws/install/ur_dashboard_msgs/lib'
[0.948s] Level 1:colcon.colcon_core.shell:create_environment_hook('ur_dashboard_msgs', 'ld_library_path_lib')
[0.948s] INFO:colcon.colcon_core.shell:Creating environment hook '/home/huy/ur3_llm_ws/install/ur_dashboard_msgs/share/ur_dashboard_msgs/hook/ld_library_path_lib.ps1'
[0.949s] INFO:colcon.colcon_core.shell:Creating environment descriptor '/home/huy/ur3_llm_ws/install/ur_dashboard_msgs/share/ur_dashboard_msgs/hook/ld_library_path_lib.dsv'
[0.949s] INFO:colcon.colcon_core.shell:Creating environment hook '/home/huy/ur3_llm_ws/install/ur_dashboard_msgs/share/ur_dashboard_msgs/hook/ld_library_path_lib.sh'
[0.949s] Level 1:colcon.colcon_core.environment:checking '/home/huy/ur3_llm_ws/install/ur_dashboard_msgs/bin'
[0.949s] Level 1:colcon.colcon_core.environment:checking '/home/huy/ur3_llm_ws/install/ur_dashboard_msgs/lib/pkgconfig/ur_dashboard_msgs.pc'
[0.949s] Level 1:colcon.colcon_core.environment:checking '/home/huy/ur3_llm_ws/install/ur_dashboard_msgs/lib/python3.10/site-packages'
[0.950s] Level 1:colcon.colcon_core.environment:checking '/home/huy/ur3_llm_ws/install/ur_dashboard_msgs/bin'
[0.950s] INFO:colcon.colcon_core.shell:Creating package script '/home/huy/ur3_llm_ws/install/ur_dashboard_msgs/share/ur_dashboard_msgs/package.ps1'
[0.951s] INFO:colcon.colcon_core.shell:Creating package descriptor '/home/huy/ur3_llm_ws/install/ur_dashboard_msgs/share/ur_dashboard_msgs/package.dsv'
[0.951s] INFO:colcon.colcon_core.shell:Creating package script '/home/huy/ur3_llm_ws/install/ur_dashboard_msgs/share/ur_dashboard_msgs/package.sh'
[0.951s] INFO:colcon.colcon_core.shell:Creating package script '/home/huy/ur3_llm_ws/install/ur_dashboard_msgs/share/ur_dashboard_msgs/package.bash'
[0.952s] INFO:colcon.colcon_core.shell:Creating package script '/home/huy/ur3_llm_ws/install/ur_dashboard_msgs/share/ur_dashboard_msgs/package.zsh'
[0.952s] Level 1:colcon.colcon_core.environment:create_file_with_runtime_dependencies(/home/huy/ur3_llm_ws/install/ur_dashboard_msgs/share/colcon-core/packages/ur_dashboard_msgs)
[0.952s] INFO:colcon.colcon_ros.task.ament_cmake.build:Building ROS package in '/home/huy/ur3_llm_ws/src/Universal_Robots_ROS2_Driver/ur_controllers' with build type 'ament_cmake'
[0.952s] INFO:colcon.colcon_cmake.task.cmake.build:Building CMake package in '/home/huy/ur3_llm_ws/src/Universal_Robots_ROS2_Driver/ur_controllers'
[0.953s] INFO:colcon.colcon_core.shell:Skip shell extension 'powershell' for command environment: Not usable outside of PowerShell
[0.953s] DEBUG:colcon.colcon_core.shell:Skip shell extension 'dsv' for command environment
[0.966s] DEBUG:colcon.colcon_core.event_handler.log_command:Invoking command in '/home/huy/ur3_llm_ws/build/ur_controllers': CMAKE_PREFIX_PATH=/home/huy/ur3_llm_ws/install/ur_dashboard_msgs:/home/huy/ur3_llm_ws/install/ur:/home/huy/ur3_llm_ws/install/ur_calibration:/home/huy/ur3_llm_ws/install/ur_robot_driver:/home/huy/ur3_llm_ws/install/ur_moveit_config:/home/huy/ur3_llm_ws/install/ur_bringup:/home/huy/ur3_llm_ws/install/ur_controllers:/home/huy/ros2_ws/install/ur_simulation_gz:/home/huy/ros2_ws/install/ur_letter_writer:/home/huy/xecuahuy_ws/install/xecuahuy:/home/huy/xecuahuy_ws/install/slam_gmapping:/home/huy/xecuahuy_ws/install/openslam_gmapping:/home/huy/xecuahuy_ws/install/aws_robomaker_small_warehouse_world:/home/huy/install/xecuahuy:/home/huy/install/turtlebot3:/home/huy/install/turtlebot3_simulations:/home/huy/install/turtlebot3_bringup:/home/huy/install/turtlebot3_node:/home/huy/install/turtlebot3_fake_node:/home/huy/install/turtlebot3_msgs:/home/huy/install/turtlebot3_gazebo:/home/huy/install/slam_gmapping:/home/huy/install/micro_ros_setup:/home/huy/install/micro_ros_agent:/home/huy/install/micro_ros_msgs:/home/huy/install/dynamixel_sdk_examples:/home/huy/install/dynamixel_sdk_custom_interfaces:/home/huy/install/dynamixel_sdk:/home/huy/install/aws_robomaker_small_warehouse_world:/home/huy/install/turtlebot3_teleop:/home/huy/install/turtlebot3_navigation2:/home/huy/install/turtlebot3_example:/home/huy/install/turtlebot3_manipulation_gazebo:/home/huy/install/turtlebot3_description:/home/huy/install/turtlebot3_cartographer:/home/huy/install/openslam_gmapping:/opt/ros/humble LD_LIBRARY_PATH=/home/huy/ur3_llm_ws/install/ur_dashboard_msgs/lib:/home/huy/ur3_llm_ws/install/ur_robot_driver/lib:/home/huy/ur3_llm_ws/install/ur_controllers/lib:/home/huy/xecuahuy_ws/install/openslam_gmapping/lib:/home/huy/install/turtlebot3_msgs/lib:/home/huy/install/openslam_gmapping/lib:/home/huy/install/micro_ros_agent/lib:/home/huy/install/micro_ros_msgs/lib:/home/huy/install/dynamixel_sdk_custom_interfaces/lib:/home/huy/install/dynamixel_sdk/lib:/usr/lib/x86_64-linux-gnu/gazebo-11/plugins:/opt/ros/humble/opt/rviz_ogre_vendor/lib:/opt/ros/humble/lib/x86_64-linux-gnu:/opt/ros/humble/lib:/usr/lib/x86_64-linux-gnu/gazebo-11/plugins:/usr/lib/x86_64-linux-gnu/gazebo-11/plugins:/usr/lib/x86_64-linux-gnu/gazebo-11/plugins PS1=${debian_chroot:+($debian_chroot)}\[\033[01;32m\]\u@\h\[\033[00m\]:\[\033[01;34m\]\w\[\033[00m\]\$ /usr/bin/cmake --build /home/huy/ur3_llm_ws/build/ur_controllers -- -j12 -l12
[1.137s] DEBUG:colcon.colcon_core.event_handler.log_command:Invoked command in '/home/huy/ur3_llm_ws/build/ur_controllers' returned '0': CMAKE_PREFIX_PATH=/home/huy/ur3_llm_ws/install/ur_dashboard_msgs:/home/huy/ur3_llm_ws/install/ur:/home/huy/ur3_llm_ws/install/ur_calibration:/home/huy/ur3_llm_ws/install/ur_robot_driver:/home/huy/ur3_llm_ws/install/ur_moveit_config:/home/huy/ur3_llm_ws/install/ur_bringup:/home/huy/ur3_llm_ws/install/ur_controllers:/home/huy/ros2_ws/install/ur_simulation_gz:/home/huy/ros2_ws/install/ur_letter_writer:/home/huy/xecuahuy_ws/install/xecuahuy:/home/huy/xecuahuy_ws/install/slam_gmapping:/home/huy/xecuahuy_ws/install/openslam_gmapping:/home/huy/xecuahuy_ws/install/aws_robomaker_small_warehouse_world:/home/huy/install/xecuahuy:/home/huy/install/turtlebot3:/home/huy/install/turtlebot3_simulations:/home/huy/install/turtlebot3_bringup:/home/huy/install/turtlebot3_node:/home/huy/install/turtlebot3_fake_node:/home/huy/install/turtlebot3_msgs:/home/huy/install/turtlebot3_gazebo:/home/huy/install/slam_gmapping:/home/huy/install/micro_ros_setup:/home/huy/install/micro_ros_agent:/home/huy/install/micro_ros_msgs:/home/huy/install/dynamixel_sdk_examples:/home/huy/install/dynamixel_sdk_custom_interfaces:/home/huy/install/dynamixel_sdk:/home/huy/install/aws_robomaker_small_warehouse_world:/home/huy/install/turtlebot3_teleop:/home/huy/install/turtlebot3_navigation2:/home/huy/install/turtlebot3_example:/home/huy/install/turtlebot3_manipulation_gazebo:/home/huy/install/turtlebot3_description:/home/huy/install/turtlebot3_cartographer:/home/huy/install/openslam_gmapping:/opt/ros/humble LD_LIBRARY_PATH=/home/huy/ur3_llm_ws/install/ur_dashboard_msgs/lib:/home/huy/ur3_llm_ws/install/ur_robot_driver/lib:/home/huy/ur3_llm_ws/install/ur_controllers/lib:/home/huy/xecuahuy_ws/install/openslam_gmapping/lib:/home/huy/install/turtlebot3_msgs/lib:/home/huy/install/openslam_gmapping/lib:/home/huy/install/micro_ros_agent/lib:/home/huy/install/micro_ros_msgs/lib:/home/huy/install/dynamixel_sdk_custom_interfaces/lib:/home/huy/install/dynamixel_sdk/lib:/usr/lib/x86_64-linux-gnu/gazebo-11/plugins:/opt/ros/humble/opt/rviz_ogre_vendor/lib:/opt/ros/humble/lib/x86_64-linux-gnu:/opt/ros/humble/lib:/usr/lib/x86_64-linux-gnu/gazebo-11/plugins:/usr/lib/x86_64-linux-gnu/gazebo-11/plugins:/usr/lib/x86_64-linux-gnu/gazebo-11/plugins PS1=${debian_chroot:+($debian_chroot)}\[\033[01;32m\]\u@\h\[\033[00m\]:\[\033[01;34m\]\w\[\033[00m\]\$ /usr/bin/cmake --build /home/huy/ur3_llm_ws/build/ur_controllers -- -j12 -l12
[1.139s] DEBUG:colcon.colcon_core.event_handler.log_command:Invoking command in '/home/huy/ur3_llm_ws/build/ur_controllers': CMAKE_PREFIX_PATH=/home/huy/ur3_llm_ws/install/ur_dashboard_msgs:/home/huy/ur3_llm_ws/install/ur:/home/huy/ur3_llm_ws/install/ur_calibration:/home/huy/ur3_llm_ws/install/ur_robot_driver:/home/huy/ur3_llm_ws/install/ur_moveit_config:/home/huy/ur3_llm_ws/install/ur_bringup:/home/huy/ur3_llm_ws/install/ur_controllers:/home/huy/ros2_ws/install/ur_simulation_gz:/home/huy/ros2_ws/install/ur_letter_writer:/home/huy/xecuahuy_ws/install/xecuahuy:/home/huy/xecuahuy_ws/install/slam_gmapping:/home/huy/xecuahuy_ws/install/openslam_gmapping:/home/huy/xecuahuy_ws/install/aws_robomaker_small_warehouse_world:/home/huy/install/xecuahuy:/home/huy/install/turtlebot3:/home/huy/install/turtlebot3_simulations:/home/huy/install/turtlebot3_bringup:/home/huy/install/turtlebot3_node:/home/huy/install/turtlebot3_fake_node:/home/huy/install/turtlebot3_msgs:/home/huy/install/turtlebot3_gazebo:/home/huy/install/slam_gmapping:/home/huy/install/micro_ros_setup:/home/huy/install/micro_ros_agent:/home/huy/install/micro_ros_msgs:/home/huy/install/dynamixel_sdk_examples:/home/huy/install/dynamixel_sdk_custom_interfaces:/home/huy/install/dynamixel_sdk:/home/huy/install/aws_robomaker_small_warehouse_world:/home/huy/install/turtlebot3_teleop:/home/huy/install/turtlebot3_navigation2:/home/huy/install/turtlebot3_example:/home/huy/install/turtlebot3_manipulation_gazebo:/home/huy/install/turtlebot3_description:/home/huy/install/turtlebot3_cartographer:/home/huy/install/openslam_gmapping:/opt/ros/humble LD_LIBRARY_PATH=/home/huy/ur3_llm_ws/install/ur_dashboard_msgs/lib:/home/huy/ur3_llm_ws/install/ur_robot_driver/lib:/home/huy/ur3_llm_ws/install/ur_controllers/lib:/home/huy/xecuahuy_ws/install/openslam_gmapping/lib:/home/huy/install/turtlebot3_msgs/lib:/home/huy/install/openslam_gmapping/lib:/home/huy/install/micro_ros_agent/lib:/home/huy/install/micro_ros_msgs/lib:/home/huy/install/dynamixel_sdk_custom_interfaces/lib:/home/huy/install/dynamixel_sdk/lib:/usr/lib/x86_64-linux-gnu/gazebo-11/plugins:/opt/ros/humble/opt/rviz_ogre_vendor/lib:/opt/ros/humble/lib/x86_64-linux-gnu:/opt/ros/humble/lib:/usr/lib/x86_64-linux-gnu/gazebo-11/plugins:/usr/lib/x86_64-linux-gnu/gazebo-11/plugins:/usr/lib/x86_64-linux-gnu/gazebo-11/plugins PS1=${debian_chroot:+($debian_chroot)}\[\033[01;32m\]\u@\h\[\033[00m\]:\[\033[01;34m\]\w\[\033[00m\]\$ /usr/bin/cmake --install /home/huy/ur3_llm_ws/build/ur_controllers
[1.172s] Level 1:colcon.colcon_core.environment:create_environment_scripts_only(ur_controllers)
[1.172s] Level 1:colcon.colcon_core.environment:checking '/home/huy/ur3_llm_ws/install/ur_controllers' for CMake module files
[1.173s] DEBUG:colcon.colcon_core.event_handler.log_command:Invoked command in '/home/huy/ur3_llm_ws/build/ur_controllers' returned '0': CMAKE_PREFIX_PATH=/home/huy/ur3_llm_ws/install/ur_dashboard_msgs:/home/huy/ur3_llm_ws/install/ur:/home/huy/ur3_llm_ws/install/ur_calibration:/home/huy/ur3_llm_ws/install/ur_robot_driver:/home/huy/ur3_llm_ws/install/ur_moveit_config:/home/huy/ur3_llm_ws/install/ur_bringup:/home/huy/ur3_llm_ws/install/ur_controllers:/home/huy/ros2_ws/install/ur_simulation_gz:/home/huy/ros2_ws/install/ur_letter_writer:/home/huy/xecuahuy_ws/install/xecuahuy:/home/huy/xecuahuy_ws/install/slam_gmapping:/home/huy/xecuahuy_ws/install/openslam_gmapping:/home/huy/xecuahuy_ws/install/aws_robomaker_small_warehouse_world:/home/huy/install/xecuahuy:/home/huy/install/turtlebot3:/home/huy/install/turtlebot3_simulations:/home/huy/install/turtlebot3_bringup:/home/huy/install/turtlebot3_node:/home/huy/install/turtlebot3_fake_node:/home/huy/install/turtlebot3_msgs:/home/huy/install/turtlebot3_gazebo:/home/huy/install/slam_gmapping:/home/huy/install/micro_ros_setup:/home/huy/install/micro_ros_agent:/home/huy/install/micro_ros_msgs:/home/huy/install/dynamixel_sdk_examples:/home/huy/install/dynamixel_sdk_custom_interfaces:/home/huy/install/dynamixel_sdk:/home/huy/install/aws_robomaker_small_warehouse_world:/home/huy/install/turtlebot3_teleop:/home/huy/install/turtlebot3_navigation2:/home/huy/install/turtlebot3_example:/home/huy/install/turtlebot3_manipulation_gazebo:/home/huy/install/turtlebot3_description:/home/huy/install/turtlebot3_cartographer:/home/huy/install/openslam_gmapping:/opt/ros/humble LD_LIBRARY_PATH=/home/huy/ur3_llm_ws/install/ur_dashboard_msgs/lib:/home/huy/ur3_llm_ws/install/ur_robot_driver/lib:/home/huy/ur3_llm_ws/install/ur_controllers/lib:/home/huy/xecuahuy_ws/install/openslam_gmapping/lib:/home/huy/install/turtlebot3_msgs/lib:/home/huy/install/openslam_gmapping/lib:/home/huy/install/micro_ros_agent/lib:/home/huy/install/micro_ros_msgs/lib:/home/huy/install/dynamixel_sdk_custom_interfaces/lib:/home/huy/install/dynamixel_sdk/lib:/usr/lib/x86_64-linux-gnu/gazebo-11/plugins:/opt/ros/humble/opt/rviz_ogre_vendor/lib:/opt/ros/humble/lib/x86_64-linux-gnu:/opt/ros/humble/lib:/usr/lib/x86_64-linux-gnu/gazebo-11/plugins:/usr/lib/x86_64-linux-gnu/gazebo-11/plugins:/usr/lib/x86_64-linux-gnu/gazebo-11/plugins PS1=${debian_chroot:+($debian_chroot)}\[\033[01;32m\]\u@\h\[\033[00m\]:\[\033[01;34m\]\w\[\033[00m\]\$ /usr/bin/cmake --install /home/huy/ur3_llm_ws/build/ur_controllers
[1.173s] Level 1:colcon.colcon_core.environment:checking '/home/huy/ur3_llm_ws/install/ur_controllers' for CMake config files
[1.174s] Level 1:colcon.colcon_core.shell:create_environment_hook('ur_controllers', 'cmake_prefix_path')
[1.174s] INFO:colcon.colcon_core.shell:Creating environment hook '/home/huy/ur3_llm_ws/install/ur_controllers/share/ur_controllers/hook/cmake_prefix_path.ps1'
[1.174s] INFO:colcon.colcon_core.shell:Creating environment descriptor '/home/huy/ur3_llm_ws/install/ur_controllers/share/ur_controllers/hook/cmake_prefix_path.dsv'
[1.175s] INFO:colcon.colcon_core.shell:Creating environment hook '/home/huy/ur3_llm_ws/install/ur_controllers/share/ur_controllers/hook/cmake_prefix_path.sh'
[1.175s] Level 1:colcon.colcon_core.environment:checking '/home/huy/ur3_llm_ws/install/ur_controllers/lib'
[1.175s] Level 1:colcon.colcon_core.shell:create_environment_hook('ur_controllers', 'ld_library_path_lib')
[1.176s] INFO:colcon.colcon_core.shell:Creating environment hook '/home/huy/ur3_llm_ws/install/ur_controllers/share/ur_controllers/hook/ld_library_path_lib.ps1'
[1.176s] INFO:colcon.colcon_core.shell:Creating environment descriptor '/home/huy/ur3_llm_ws/install/ur_controllers/share/ur_controllers/hook/ld_library_path_lib.dsv'
[1.177s] INFO:colcon.colcon_core.shell:Creating environment hook '/home/huy/ur3_llm_ws/install/ur_controllers/share/ur_controllers/hook/ld_library_path_lib.sh'
[1.177s] Level 1:colcon.colcon_core.environment:checking '/home/huy/ur3_llm_ws/install/ur_controllers/bin'
[1.177s] Level 1:colcon.colcon_core.environment:checking '/home/huy/ur3_llm_ws/install/ur_controllers/lib/pkgconfig/ur_controllers.pc'
[1.177s] Level 1:colcon.colcon_core.environment:checking '/home/huy/ur3_llm_ws/install/ur_controllers/lib/python3.10/site-packages'
[1.177s] Level 1:colcon.colcon_core.environment:checking '/home/huy/ur3_llm_ws/install/ur_controllers/bin'
[1.178s] INFO:colcon.colcon_core.shell:Creating package script '/home/huy/ur3_llm_ws/install/ur_controllers/share/ur_controllers/package.ps1'
[1.178s] INFO:colcon.colcon_core.shell:Creating package descriptor '/home/huy/ur3_llm_ws/install/ur_controllers/share/ur_controllers/package.dsv'
[1.179s] INFO:colcon.colcon_core.shell:Creating package script '/home/huy/ur3_llm_ws/install/ur_controllers/share/ur_controllers/package.sh'
[1.179s] INFO:colcon.colcon_core.shell:Creating package script '/home/huy/ur3_llm_ws/install/ur_controllers/share/ur_controllers/package.bash'
[1.179s] INFO:colcon.colcon_core.shell:Creating package script '/home/huy/ur3_llm_ws/install/ur_controllers/share/ur_controllers/package.zsh'
[1.180s] Level 1:colcon.colcon_core.environment:create_file_with_runtime_dependencies(/home/huy/ur3_llm_ws/install/ur_controllers/share/colcon-core/packages/ur_controllers)
[1.180s] Level 1:colcon.colcon_core.environment:create_environment_scripts_only(ur_controllers)
[1.180s] Level 1:colcon.colcon_core.environment:checking '/home/huy/ur3_llm_ws/install/ur_controllers' for CMake module files
[1.181s] Level 1:colcon.colcon_core.environment:checking '/home/huy/ur3_llm_ws/install/ur_controllers' for CMake config files
[1.181s] Level 1:colcon.colcon_core.shell:create_environment_hook('ur_controllers', 'cmake_prefix_path')
[1.181s] INFO:colcon.colcon_core.shell:Creating environment hook '/home/huy/ur3_llm_ws/install/ur_controllers/share/ur_controllers/hook/cmake_prefix_path.ps1'
[1.182s] INFO:colcon.colcon_core.shell:Creating environment descriptor '/home/huy/ur3_llm_ws/install/ur_controllers/share/ur_controllers/hook/cmake_prefix_path.dsv'
[1.182s] INFO:colcon.colcon_core.shell:Creating environment hook '/home/huy/ur3_llm_ws/install/ur_controllers/share/ur_controllers/hook/cmake_prefix_path.sh'
[1.182s] Level 1:colcon.colcon_core.environment:checking '/home/huy/ur3_llm_ws/install/ur_controllers/lib'
[1.183s] Level 1:colcon.colcon_core.shell:create_environment_hook('ur_controllers', 'ld_library_path_lib')
[1.183s] INFO:colcon.colcon_core.shell:Creating environment hook '/home/huy/ur3_llm_ws/install/ur_controllers/share/ur_controllers/hook/ld_library_path_lib.ps1'
[1.183s] INFO:colcon.colcon_core.shell:Creating environment descriptor '/home/huy/ur3_llm_ws/install/ur_controllers/share/ur_controllers/hook/ld_library_path_lib.dsv'
[1.183s] INFO:colcon.colcon_core.shell:Creating environment hook '/home/huy/ur3_llm_ws/install/ur_controllers/share/ur_controllers/hook/ld_library_path_lib.sh'
[1.184s] Level 1:colcon.colcon_core.environment:checking '/home/huy/ur3_llm_ws/install/ur_controllers/bin'
[1.184s] Level 1:colcon.colcon_core.environment:checking '/home/huy/ur3_llm_ws/install/ur_controllers/lib/pkgconfig/ur_controllers.pc'
[1.184s] Level 1:colcon.colcon_core.environment:checking '/home/huy/ur3_llm_ws/install/ur_controllers/lib/python3.10/site-packages'
[1.184s] Level 1:colcon.colcon_core.environment:checking '/home/huy/ur3_llm_ws/install/ur_controllers/bin'
[1.185s] INFO:colcon.colcon_core.shell:Creating package script '/home/huy/ur3_llm_ws/install/ur_controllers/share/ur_controllers/package.ps1'
[1.185s] INFO:colcon.colcon_core.shell:Creating package descriptor '/home/huy/ur3_llm_ws/install/ur_controllers/share/ur_controllers/package.dsv'
[1.186s] INFO:colcon.colcon_core.shell:Creating package script '/home/huy/ur3_llm_ws/install/ur_controllers/share/ur_controllers/package.sh'
[1.186s] INFO:colcon.colcon_core.shell:Creating package script '/home/huy/ur3_llm_ws/install/ur_controllers/share/ur_controllers/package.bash'
[1.186s] INFO:colcon.colcon_core.shell:Creating package script '/home/huy/ur3_llm_ws/install/ur_controllers/share/ur_controllers/package.zsh'
[1.186s] Level 1:colcon.colcon_core.environment:create_file_with_runtime_dependencies(/home/huy/ur3_llm_ws/install/ur_controllers/share/colcon-core/packages/ur_controllers)
[1.187s] INFO:colcon.colcon_ros.task.ament_cmake.build:Building ROS package in '/home/huy/ur3_llm_ws/src/Universal_Robots_ROS2_Driver/ur_robot_driver' with build type 'ament_cmake'
[1.187s] INFO:colcon.colcon_cmake.task.cmake.build:Building CMake package in '/home/huy/ur3_llm_ws/src/Universal_Robots_ROS2_Driver/ur_robot_driver'
[1.187s] INFO:colcon.colcon_core.shell:Skip shell extension 'powershell' for command environment: Not usable outside of PowerShell
[1.187s] DEBUG:colcon.colcon_core.shell:Skip shell extension 'dsv' for command environment
[1.194s] INFO:colcon.colcon_ros.task.ament_cmake.build:Building ROS package in '/home/huy/ur3_llm_ws/src/Universal_Robots_ROS2_Driver/ur_bringup' with build type 'ament_cmake'
[1.194s] INFO:colcon.colcon_cmake.task.cmake.build:Building CMake package in '/home/huy/ur3_llm_ws/src/Universal_Robots_ROS2_Driver/ur_bringup'
[1.194s] INFO:colcon.colcon_core.shell:Skip shell extension 'powershell' for command environment: Not usable outside of PowerShell
[1.194s] DEBUG:colcon.colcon_core.shell:Skip shell extension 'dsv' for command environment
[1.205s] DEBUG:colcon.colcon_core.event_handler.log_command:Invoking command in '/home/huy/ur3_llm_ws/build/ur_robot_driver': CMAKE_PREFIX_PATH=/home/huy/ur3_llm_ws/install/ur_controllers:/home/huy/ur3_llm_ws/install/ur_dashboard_msgs:/home/huy/ur3_llm_ws/install/ur:/home/huy/ur3_llm_ws/install/ur_calibration:/home/huy/ur3_llm_ws/install/ur_robot_driver:/home/huy/ur3_llm_ws/install/ur_moveit_config:/home/huy/ur3_llm_ws/install/ur_bringup:/home/huy/ros2_ws/install/ur_simulation_gz:/home/huy/ros2_ws/install/ur_letter_writer:/home/huy/xecuahuy_ws/install/xecuahuy:/home/huy/xecuahuy_ws/install/slam_gmapping:/home/huy/xecuahuy_ws/install/openslam_gmapping:/home/huy/xecuahuy_ws/install/aws_robomaker_small_warehouse_world:/home/huy/install/xecuahuy:/home/huy/install/turtlebot3:/home/huy/install/turtlebot3_simulations:/home/huy/install/turtlebot3_bringup:/home/huy/install/turtlebot3_node:/home/huy/install/turtlebot3_fake_node:/home/huy/install/turtlebot3_msgs:/home/huy/install/turtlebot3_gazebo:/home/huy/install/slam_gmapping:/home/huy/install/micro_ros_setup:/home/huy/install/micro_ros_agent:/home/huy/install/micro_ros_msgs:/home/huy/install/dynamixel_sdk_examples:/home/huy/install/dynamixel_sdk_custom_interfaces:/home/huy/install/dynamixel_sdk:/home/huy/install/aws_robomaker_small_warehouse_world:/home/huy/install/turtlebot3_teleop:/home/huy/install/turtlebot3_navigation2:/home/huy/install/turtlebot3_example:/home/huy/install/turtlebot3_manipulation_gazebo:/home/huy/install/turtlebot3_description:/home/huy/install/turtlebot3_cartographer:/home/huy/install/openslam_gmapping:/opt/ros/humble LD_LIBRARY_PATH=/home/huy/ur3_llm_ws/install/ur_controllers/lib:/home/huy/ur3_llm_ws/install/ur_dashboard_msgs/lib:/home/huy/ur3_llm_ws/install/ur_robot_driver/lib:/home/huy/xecuahuy_ws/install/openslam_gmapping/lib:/home/huy/install/turtlebot3_msgs/lib:/home/huy/install/openslam_gmapping/lib:/home/huy/install/micro_ros_agent/lib:/home/huy/install/micro_ros_msgs/lib:/home/huy/install/dynamixel_sdk_custom_interfaces/lib:/home/huy/install/dynamixel_sdk/lib:/usr/lib/x86_64-linux-gnu/gazebo-11/plugins:/opt/ros/humble/opt/rviz_ogre_vendor/lib:/opt/ros/humble/lib/x86_64-linux-gnu:/opt/ros/humble/lib:/usr/lib/x86_64-linux-gnu/gazebo-11/plugins:/usr/lib/x86_64-linux-gnu/gazebo-11/plugins:/usr/lib/x86_64-linux-gnu/gazebo-11/plugins PS1=${debian_chroot:+($debian_chroot)}\[\033[01;32m\]\u@\h\[\033[00m\]:\[\033[01;34m\]\w\[\033[00m\]\$ /usr/bin/cmake --build /home/huy/ur3_llm_ws/build/ur_robot_driver -- -j12 -l12
[1.210s] DEBUG:colcon.colcon_core.event_handler.log_command:Invoking command in '/home/huy/ur3_llm_ws/build/ur_bringup': CMAKE_PREFIX_PATH=/home/huy/ur3_llm_ws/install/ur_controllers:/home/huy/ur3_llm_ws/install/ur_dashboard_msgs:/home/huy/ur3_llm_ws/install/ur:/home/huy/ur3_llm_ws/install/ur_calibration:/home/huy/ur3_llm_ws/install/ur_robot_driver:/home/huy/ur3_llm_ws/install/ur_moveit_config:/home/huy/ur3_llm_ws/install/ur_bringup:/home/huy/ros2_ws/install/ur_simulation_gz:/home/huy/ros2_ws/install/ur_letter_writer:/home/huy/xecuahuy_ws/install/xecuahuy:/home/huy/xecuahuy_ws/install/slam_gmapping:/home/huy/xecuahuy_ws/install/openslam_gmapping:/home/huy/xecuahuy_ws/install/aws_robomaker_small_warehouse_world:/home/huy/install/xecuahuy:/home/huy/install/turtlebot3:/home/huy/install/turtlebot3_simulations:/home/huy/install/turtlebot3_bringup:/home/huy/install/turtlebot3_node:/home/huy/install/turtlebot3_fake_node:/home/huy/install/turtlebot3_msgs:/home/huy/install/turtlebot3_gazebo:/home/huy/install/slam_gmapping:/home/huy/install/micro_ros_setup:/home/huy/install/micro_ros_agent:/home/huy/install/micro_ros_msgs:/home/huy/install/dynamixel_sdk_examples:/home/huy/install/dynamixel_sdk_custom_interfaces:/home/huy/install/dynamixel_sdk:/home/huy/install/aws_robomaker_small_warehouse_world:/home/huy/install/turtlebot3_teleop:/home/huy/install/turtlebot3_navigation2:/home/huy/install/turtlebot3_example:/home/huy/install/turtlebot3_manipulation_gazebo:/home/huy/install/turtlebot3_description:/home/huy/install/turtlebot3_cartographer:/home/huy/install/openslam_gmapping:/opt/ros/humble LD_LIBRARY_PATH=/home/huy/ur3_llm_ws/install/ur_controllers/lib:/home/huy/ur3_llm_ws/install/ur_dashboard_msgs/lib:/home/huy/ur3_llm_ws/install/ur_robot_driver/lib:/home/huy/xecuahuy_ws/install/openslam_gmapping/lib:/home/huy/install/turtlebot3_msgs/lib:/home/huy/install/openslam_gmapping/lib:/home/huy/install/micro_ros_agent/lib:/home/huy/install/micro_ros_msgs/lib:/home/huy/install/dynamixel_sdk_custom_interfaces/lib:/home/huy/install/dynamixel_sdk/lib:/usr/lib/x86_64-linux-gnu/gazebo-11/plugins:/opt/ros/humble/opt/rviz_ogre_vendor/lib:/opt/ros/humble/lib/x86_64-linux-gnu:/opt/ros/humble/lib:/usr/lib/x86_64-linux-gnu/gazebo-11/plugins:/usr/lib/x86_64-linux-gnu/gazebo-11/plugins:/usr/lib/x86_64-linux-gnu/gazebo-11/plugins PS1=${debian_chroot:+($debian_chroot)}\[\033[01;32m\]\u@\h\[\033[00m\]:\[\033[01;34m\]\w\[\033[00m\]\$ /usr/bin/cmake --build /home/huy/ur3_llm_ws/build/ur_bringup -- -j12 -l12
[1.252s] DEBUG:colcon.colcon_core.event_handler.log_command:Invoked command in '/home/huy/ur3_llm_ws/build/ur_bringup' returned '0': CMAKE_PREFIX_PATH=/home/huy/ur3_llm_ws/install/ur_controllers:/home/huy/ur3_llm_ws/install/ur_dashboard_msgs:/home/huy/ur3_llm_ws/install/ur:/home/huy/ur3_llm_ws/install/ur_calibration:/home/huy/ur3_llm_ws/install/ur_robot_driver:/home/huy/ur3_llm_ws/install/ur_moveit_config:/home/huy/ur3_llm_ws/install/ur_bringup:/home/huy/ros2_ws/install/ur_simulation_gz:/home/huy/ros2_ws/install/ur_letter_writer:/home/huy/xecuahuy_ws/install/xecuahuy:/home/huy/xecuahuy_ws/install/slam_gmapping:/home/huy/xecuahuy_ws/install/openslam_gmapping:/home/huy/xecuahuy_ws/install/aws_robomaker_small_warehouse_world:/home/huy/install/xecuahuy:/home/huy/install/turtlebot3:/home/huy/install/turtlebot3_simulations:/home/huy/install/turtlebot3_bringup:/home/huy/install/turtlebot3_node:/home/huy/install/turtlebot3_fake_node:/home/huy/install/turtlebot3_msgs:/home/huy/install/turtlebot3_gazebo:/home/huy/install/slam_gmapping:/home/huy/install/micro_ros_setup:/home/huy/install/micro_ros_agent:/home/huy/install/micro_ros_msgs:/home/huy/install/dynamixel_sdk_examples:/home/huy/install/dynamixel_sdk_custom_interfaces:/home/huy/install/dynamixel_sdk:/home/huy/install/aws_robomaker_small_warehouse_world:/home/huy/install/turtlebot3_teleop:/home/huy/install/turtlebot3_navigation2:/home/huy/install/turtlebot3_example:/home/huy/install/turtlebot3_manipulation_gazebo:/home/huy/install/turtlebot3_description:/home/huy/install/turtlebot3_cartographer:/home/huy/install/openslam_gmapping:/opt/ros/humble LD_LIBRARY_PATH=/home/huy/ur3_llm_ws/install/ur_controllers/lib:/home/huy/ur3_llm_ws/install/ur_dashboard_msgs/lib:/home/huy/ur3_llm_ws/install/ur_robot_driver/lib:/home/huy/xecuahuy_ws/install/openslam_gmapping/lib:/home/huy/install/turtlebot3_msgs/lib:/home/huy/install/openslam_gmapping/lib:/home/huy/install/micro_ros_agent/lib:/home/huy/install/micro_ros_msgs/lib:/home/huy/install/dynamixel_sdk_custom_interfaces/lib:/home/huy/install/dynamixel_sdk/lib:/usr/lib/x86_64-linux-gnu/gazebo-11/plugins:/opt/ros/humble/opt/rviz_ogre_vendor/lib:/opt/ros/humble/lib/x86_64-linux-gnu:/opt/ros/humble/lib:/usr/lib/x86_64-linux-gnu/gazebo-11/plugins:/usr/lib/x86_64-linux-gnu/gazebo-11/plugins:/usr/lib/x86_64-linux-gnu/gazebo-11/plugins PS1=${debian_chroot:+($debian_chroot)}\[\033[01;32m\]\u@\h\[\033[00m\]:\[\033[01;34m\]\w\[\033[00m\]\$ /usr/bin/cmake --build /home/huy/ur3_llm_ws/build/ur_bringup -- -j12 -l12
[1.253s] DEBUG:colcon.colcon_core.event_handler.log_command:Invoking command in '/home/huy/ur3_llm_ws/build/ur_bringup': CMAKE_PREFIX_PATH=/home/huy/ur3_llm_ws/install/ur_controllers:/home/huy/ur3_llm_ws/install/ur_dashboard_msgs:/home/huy/ur3_llm_ws/install/ur:/home/huy/ur3_llm_ws/install/ur_calibration:/home/huy/ur3_llm_ws/install/ur_robot_driver:/home/huy/ur3_llm_ws/install/ur_moveit_config:/home/huy/ur3_llm_ws/install/ur_bringup:/home/huy/ros2_ws/install/ur_simulation_gz:/home/huy/ros2_ws/install/ur_letter_writer:/home/huy/xecuahuy_ws/install/xecuahuy:/home/huy/xecuahuy_ws/install/slam_gmapping:/home/huy/xecuahuy_ws/install/openslam_gmapping:/home/huy/xecuahuy_ws/install/aws_robomaker_small_warehouse_world:/home/huy/install/xecuahuy:/home/huy/install/turtlebot3:/home/huy/install/turtlebot3_simulations:/home/huy/install/turtlebot3_bringup:/home/huy/install/turtlebot3_node:/home/huy/install/turtlebot3_fake_node:/home/huy/install/turtlebot3_msgs:/home/huy/install/turtlebot3_gazebo:/home/huy/install/slam_gmapping:/home/huy/install/micro_ros_setup:/home/huy/install/micro_ros_agent:/home/huy/install/micro_ros_msgs:/home/huy/install/dynamixel_sdk_examples:/home/huy/install/dynamixel_sdk_custom_interfaces:/home/huy/install/dynamixel_sdk:/home/huy/install/aws_robomaker_small_warehouse_world:/home/huy/install/turtlebot3_teleop:/home/huy/install/turtlebot3_navigation2:/home/huy/install/turtlebot3_example:/home/huy/install/turtlebot3_manipulation_gazebo:/home/huy/install/turtlebot3_description:/home/huy/install/turtlebot3_cartographer:/home/huy/install/openslam_gmapping:/opt/ros/humble LD_LIBRARY_PATH=/home/huy/ur3_llm_ws/install/ur_controllers/lib:/home/huy/ur3_llm_ws/install/ur_dashboard_msgs/lib:/home/huy/ur3_llm_ws/install/ur_robot_driver/lib:/home/huy/xecuahuy_ws/install/openslam_gmapping/lib:/home/huy/install/turtlebot3_msgs/lib:/home/huy/install/openslam_gmapping/lib:/home/huy/install/micro_ros_agent/lib:/home/huy/install/micro_ros_msgs/lib:/home/huy/install/dynamixel_sdk_custom_interfaces/lib:/home/huy/install/dynamixel_sdk/lib:/usr/lib/x86_64-linux-gnu/gazebo-11/plugins:/opt/ros/humble/opt/rviz_ogre_vendor/lib:/opt/ros/humble/lib/x86_64-linux-gnu:/opt/ros/humble/lib:/usr/lib/x86_64-linux-gnu/gazebo-11/plugins:/usr/lib/x86_64-linux-gnu/gazebo-11/plugins:/usr/lib/x86_64-linux-gnu/gazebo-11/plugins PS1=${debian_chroot:+($debian_chroot)}\[\033[01;32m\]\u@\h\[\033[00m\]:\[\033[01;34m\]\w\[\033[00m\]\$ /usr/bin/cmake --install /home/huy/ur3_llm_ws/build/ur_bringup
[1.278s] DEBUG:colcon.colcon_core.event_handler.log_command:Invoking command in '/home/huy/ur3_llm_ws/build/ur3_llm_control': PS1=${debian_chroot:+($debian_chroot)}\[\033[01;32m\]\u@\h\[\033[00m\]:\[\033[01;34m\]\w\[\033[00m\]\$ PYTHONPATH=/home/huy/ur3_llm_ws/build/ur3_llm_control/prefix_override:/usr/lib/python3/dist-packages/colcon_core/task/python/colcon_distutils_commands:/home/huy/ur3_llm_ws/install/ur3_llm_control/lib/python3.10/site-packages:${PYTHONPATH} /usr/bin/python3 -W ignore:setup.py install is deprecated -W ignore:easy_install command is deprecated setup.py develop --editable --build-directory /home/huy/ur3_llm_ws/build/ur3_llm_control/build --no-deps symlink_data
[1.290s] Level 1:colcon.colcon_core.environment:create_environment_scripts_only(ur_bringup)
[1.290s] Level 1:colcon.colcon_core.environment:checking '/home/huy/ur3_llm_ws/install/ur_bringup' for CMake module files
[1.291s] DEBUG:colcon.colcon_core.event_handler.log_command:Invoked command in '/home/huy/ur3_llm_ws/build/ur_bringup' returned '0': CMAKE_PREFIX_PATH=/home/huy/ur3_llm_ws/install/ur_controllers:/home/huy/ur3_llm_ws/install/ur_dashboard_msgs:/home/huy/ur3_llm_ws/install/ur:/home/huy/ur3_llm_ws/install/ur_calibration:/home/huy/ur3_llm_ws/install/ur_robot_driver:/home/huy/ur3_llm_ws/install/ur_moveit_config:/home/huy/ur3_llm_ws/install/ur_bringup:/home/huy/ros2_ws/install/ur_simulation_gz:/home/huy/ros2_ws/install/ur_letter_writer:/home/huy/xecuahuy_ws/install/xecuahuy:/home/huy/xecuahuy_ws/install/slam_gmapping:/home/huy/xecuahuy_ws/install/openslam_gmapping:/home/huy/xecuahuy_ws/install/aws_robomaker_small_warehouse_world:/home/huy/install/xecuahuy:/home/huy/install/turtlebot3:/home/huy/install/turtlebot3_simulations:/home/huy/install/turtlebot3_bringup:/home/huy/install/turtlebot3_node:/home/huy/install/turtlebot3_fake_node:/home/huy/install/turtlebot3_msgs:/home/huy/install/turtlebot3_gazebo:/home/huy/install/slam_gmapping:/home/huy/install/micro_ros_setup:/home/huy/install/micro_ros_agent:/home/huy/install/micro_ros_msgs:/home/huy/install/dynamixel_sdk_examples:/home/huy/install/dynamixel_sdk_custom_interfaces:/home/huy/install/dynamixel_sdk:/home/huy/install/aws_robomaker_small_warehouse_world:/home/huy/install/turtlebot3_teleop:/home/huy/install/turtlebot3_navigation2:/home/huy/install/turtlebot3_example:/home/huy/install/turtlebot3_manipulation_gazebo:/home/huy/install/turtlebot3_description:/home/huy/install/turtlebot3_cartographer:/home/huy/install/openslam_gmapping:/opt/ros/humble LD_LIBRARY_PATH=/home/huy/ur3_llm_ws/install/ur_controllers/lib:/home/huy/ur3_llm_ws/install/ur_dashboard_msgs/lib:/home/huy/ur3_llm_ws/install/ur_robot_driver/lib:/home/huy/xecuahuy_ws/install/openslam_gmapping/lib:/home/huy/install/turtlebot3_msgs/lib:/home/huy/install/openslam_gmapping/lib:/home/huy/install/micro_ros_agent/lib:/home/huy/install/micro_ros_msgs/lib:/home/huy/install/dynamixel_sdk_custom_interfaces/lib:/home/huy/install/dynamixel_sdk/lib:/usr/lib/x86_64-linux-gnu/gazebo-11/plugins:/opt/ros/humble/opt/rviz_ogre_vendor/lib:/opt/ros/humble/lib/x86_64-linux-gnu:/opt/ros/humble/lib:/usr/lib/x86_64-linux-gnu/gazebo-11/plugins:/usr/lib/x86_64-linux-gnu/gazebo-11/plugins:/usr/lib/x86_64-linux-gnu/gazebo-11/plugins PS1=${debian_chroot:+($debian_chroot)}\[\033[01;32m\]\u@\h\[\033[00m\]:\[\033[01;34m\]\w\[\033[00m\]\$ /usr/bin/cmake --install /home/huy/ur3_llm_ws/build/ur_bringup
[1.291s] Level 1:colcon.colcon_core.environment:checking '/home/huy/ur3_llm_ws/install/ur_bringup' for CMake config files
[1.292s] Level 1:colcon.colcon_core.shell:create_environment_hook('ur_bringup', 'cmake_prefix_path')
[1.293s] INFO:colcon.colcon_core.shell:Creating environment hook '/home/huy/ur3_llm_ws/install/ur_bringup/share/ur_bringup/hook/cmake_prefix_path.ps1'
[1.293s] INFO:colcon.colcon_core.shell:Creating environment descriptor '/home/huy/ur3_llm_ws/install/ur_bringup/share/ur_bringup/hook/cmake_prefix_path.dsv'
[1.294s] INFO:colcon.colcon_core.shell:Creating environment hook '/home/huy/ur3_llm_ws/install/ur_bringup/share/ur_bringup/hook/cmake_prefix_path.sh'
[1.294s] Level 1:colcon.colcon_core.environment:checking '/home/huy/ur3_llm_ws/install/ur_bringup/lib'
[1.295s] Level 1:colcon.colcon_core.environment:checking '/home/huy/ur3_llm_ws/install/ur_bringup/bin'
[1.295s] Level 1:colcon.colcon_core.environment:checking '/home/huy/ur3_llm_ws/install/ur_bringup/lib/pkgconfig/ur_bringup.pc'
[1.295s] Level 1:colcon.colcon_core.environment:checking '/home/huy/ur3_llm_ws/install/ur_bringup/lib/python3.10/site-packages'
[1.295s] Level 1:colcon.colcon_core.environment:checking '/home/huy/ur3_llm_ws/install/ur_bringup/bin'
[1.296s] INFO:colcon.colcon_core.shell:Creating package script '/home/huy/ur3_llm_ws/install/ur_bringup/share/ur_bringup/package.ps1'
[1.296s] INFO:colcon.colcon_core.shell:Creating package descriptor '/home/huy/ur3_llm_ws/install/ur_bringup/share/ur_bringup/package.dsv'
[1.297s] INFO:colcon.colcon_core.shell:Creating package script '/home/huy/ur3_llm_ws/install/ur_bringup/share/ur_bringup/package.sh'
[1.297s] INFO:colcon.colcon_core.shell:Creating package script '/home/huy/ur3_llm_ws/install/ur_bringup/share/ur_bringup/package.bash'
[1.298s] INFO:colcon.colcon_core.shell:Creating package script '/home/huy/ur3_llm_ws/install/ur_bringup/share/ur_bringup/package.zsh'
[1.298s] Level 1:colcon.colcon_core.environment:create_file_with_runtime_dependencies(/home/huy/ur3_llm_ws/install/ur_bringup/share/colcon-core/packages/ur_bringup)
[1.299s] Level 1:colcon.colcon_core.environment:create_environment_scripts_only(ur_bringup)
[1.299s] Level 1:colcon.colcon_core.environment:checking '/home/huy/ur3_llm_ws/install/ur_bringup' for CMake module files
[1.300s] Level 1:colcon.colcon_core.environment:checking '/home/huy/ur3_llm_ws/install/ur_bringup' for CMake config files
[1.300s] Level 1:colcon.colcon_core.shell:create_environment_hook('ur_bringup', 'cmake_prefix_path')
[1.300s] INFO:colcon.colcon_core.shell:Creating environment hook '/home/huy/ur3_llm_ws/install/ur_bringup/share/ur_bringup/hook/cmake_prefix_path.ps1'
[1.301s] INFO:colcon.colcon_core.shell:Creating environment descriptor '/home/huy/ur3_llm_ws/install/ur_bringup/share/ur_bringup/hook/cmake_prefix_path.dsv'
[1.301s] INFO:colcon.colcon_core.shell:Creating environment hook '/home/huy/ur3_llm_ws/install/ur_bringup/share/ur_bringup/hook/cmake_prefix_path.sh'
[1.302s] Level 1:colcon.colcon_core.environment:checking '/home/huy/ur3_llm_ws/install/ur_bringup/lib'
[1.302s] Level 1:colcon.colcon_core.environment:checking '/home/huy/ur3_llm_ws/install/ur_bringup/bin'
[1.302s] Level 1:colcon.colcon_core.environment:checking '/home/huy/ur3_llm_ws/install/ur_bringup/lib/pkgconfig/ur_bringup.pc'
[1.302s] Level 1:colcon.colcon_core.environment:checking '/home/huy/ur3_llm_ws/install/ur_bringup/lib/python3.10/site-packages'
[1.303s] Level 1:colcon.colcon_core.environment:checking '/home/huy/ur3_llm_ws/install/ur_bringup/bin'
[1.303s] INFO:colcon.colcon_core.shell:Creating package script '/home/huy/ur3_llm_ws/install/ur_bringup/share/ur_bringup/package.ps1'
[1.304s] INFO:colcon.colcon_core.shell:Creating package descriptor '/home/huy/ur3_llm_ws/install/ur_bringup/share/ur_bringup/package.dsv'
[1.304s] INFO:colcon.colcon_core.shell:Creating package script '/home/huy/ur3_llm_ws/install/ur_bringup/share/ur_bringup/package.sh'
[1.304s] INFO:colcon.colcon_core.shell:Creating package script '/home/huy/ur3_llm_ws/install/ur_bringup/share/ur_bringup/package.bash'
[1.305s] INFO:colcon.colcon_core.shell:Creating package script '/home/huy/ur3_llm_ws/install/ur_bringup/share/ur_bringup/package.zsh'
[1.305s] Level 1:colcon.colcon_core.environment:create_file_with_runtime_dependencies(/home/huy/ur3_llm_ws/install/ur_bringup/share/colcon-core/packages/ur_bringup)
[1.569s] DEBUG:colcon.colcon_core.event_handler.log_command:Invoked command in '/home/huy/ur3_llm_ws/build/ur_robot_driver' returned '0': CMAKE_PREFIX_PATH=/home/huy/ur3_llm_ws/install/ur_controllers:/home/huy/ur3_llm_ws/install/ur_dashboard_msgs:/home/huy/ur3_llm_ws/install/ur:/home/huy/ur3_llm_ws/install/ur_calibration:/home/huy/ur3_llm_ws/install/ur_robot_driver:/home/huy/ur3_llm_ws/install/ur_moveit_config:/home/huy/ur3_llm_ws/install/ur_bringup:/home/huy/ros2_ws/install/ur_simulation_gz:/home/huy/ros2_ws/install/ur_letter_writer:/home/huy/xecuahuy_ws/install/xecuahuy:/home/huy/xecuahuy_ws/install/slam_gmapping:/home/huy/xecuahuy_ws/install/openslam_gmapping:/home/huy/xecuahuy_ws/install/aws_robomaker_small_warehouse_world:/home/huy/install/xecuahuy:/home/huy/install/turtlebot3:/home/huy/install/turtlebot3_simulations:/home/huy/install/turtlebot3_bringup:/home/huy/install/turtlebot3_node:/home/huy/install/turtlebot3_fake_node:/home/huy/install/turtlebot3_msgs:/home/huy/install/turtlebot3_gazebo:/home/huy/install/slam_gmapping:/home/huy/install/micro_ros_setup:/home/huy/install/micro_ros_agent:/home/huy/install/micro_ros_msgs:/home/huy/install/dynamixel_sdk_examples:/home/huy/install/dynamixel_sdk_custom_interfaces:/home/huy/install/dynamixel_sdk:/home/huy/install/aws_robomaker_small_warehouse_world:/home/huy/install/turtlebot3_teleop:/home/huy/install/turtlebot3_navigation2:/home/huy/install/turtlebot3_example:/home/huy/install/turtlebot3_manipulation_gazebo:/home/huy/install/turtlebot3_description:/home/huy/install/turtlebot3_cartographer:/home/huy/install/openslam_gmapping:/opt/ros/humble LD_LIBRARY_PATH=/home/huy/ur3_llm_ws/install/ur_controllers/lib:/home/huy/ur3_llm_ws/install/ur_dashboard_msgs/lib:/home/huy/ur3_llm_ws/install/ur_robot_driver/lib:/home/huy/xecuahuy_ws/install/openslam_gmapping/lib:/home/huy/install/turtlebot3_msgs/lib:/home/huy/install/openslam_gmapping/lib:/home/huy/install/micro_ros_agent/lib:/home/huy/install/micro_ros_msgs/lib:/home/huy/install/dynamixel_sdk_custom_interfaces/lib:/home/huy/install/dynamixel_sdk/lib:/usr/lib/x86_64-linux-gnu/gazebo-11/plugins:/opt/ros/humble/opt/rviz_ogre_vendor/lib:/opt/ros/humble/lib/x86_64-linux-gnu:/opt/ros/humble/lib:/usr/lib/x86_64-linux-gnu/gazebo-11/plugins:/usr/lib/x86_64-linux-gnu/gazebo-11/plugins:/usr/lib/x86_64-linux-gnu/gazebo-11/plugins PS1=${debian_chroot:+($debian_chroot)}\[\033[01;32m\]\u@\h\[\033[00m\]:\[\033[01;34m\]\w\[\033[00m\]\$ /usr/bin/cmake --build /home/huy/ur3_llm_ws/build/ur_robot_driver -- -j12 -l12
[1.571s] DEBUG:colcon.colcon_core.event_handler.log_command:Invoking command in '/home/huy/ur3_llm_ws/build/ur_robot_driver': CMAKE_PREFIX_PATH=/home/huy/ur3_llm_ws/install/ur_controllers:/home/huy/ur3_llm_ws/install/ur_dashboard_msgs:/home/huy/ur3_llm_ws/install/ur:/home/huy/ur3_llm_ws/install/ur_calibration:/home/huy/ur3_llm_ws/install/ur_robot_driver:/home/huy/ur3_llm_ws/install/ur_moveit_config:/home/huy/ur3_llm_ws/install/ur_bringup:/home/huy/ros2_ws/install/ur_simulation_gz:/home/huy/ros2_ws/install/ur_letter_writer:/home/huy/xecuahuy_ws/install/xecuahuy:/home/huy/xecuahuy_ws/install/slam_gmapping:/home/huy/xecuahuy_ws/install/openslam_gmapping:/home/huy/xecuahuy_ws/install/aws_robomaker_small_warehouse_world:/home/huy/install/xecuahuy:/home/huy/install/turtlebot3:/home/huy/install/turtlebot3_simulations:/home/huy/install/turtlebot3_bringup:/home/huy/install/turtlebot3_node:/home/huy/install/turtlebot3_fake_node:/home/huy/install/turtlebot3_msgs:/home/huy/install/turtlebot3_gazebo:/home/huy/install/slam_gmapping:/home/huy/install/micro_ros_setup:/home/huy/install/micro_ros_agent:/home/huy/install/micro_ros_msgs:/home/huy/install/dynamixel_sdk_examples:/home/huy/install/dynamixel_sdk_custom_interfaces:/home/huy/install/dynamixel_sdk:/home/huy/install/aws_robomaker_small_warehouse_world:/home/huy/install/turtlebot3_teleop:/home/huy/install/turtlebot3_navigation2:/home/huy/install/turtlebot3_example:/home/huy/install/turtlebot3_manipulation_gazebo:/home/huy/install/turtlebot3_description:/home/huy/install/turtlebot3_cartographer:/home/huy/install/openslam_gmapping:/opt/ros/humble LD_LIBRARY_PATH=/home/huy/ur3_llm_ws/install/ur_controllers/lib:/home/huy/ur3_llm_ws/install/ur_dashboard_msgs/lib:/home/huy/ur3_llm_ws/install/ur_robot_driver/lib:/home/huy/xecuahuy_ws/install/openslam_gmapping/lib:/home/huy/install/turtlebot3_msgs/lib:/home/huy/install/openslam_gmapping/lib:/home/huy/install/micro_ros_agent/lib:/home/huy/install/micro_ros_msgs/lib:/home/huy/install/dynamixel_sdk_custom_interfaces/lib:/home/huy/install/dynamixel_sdk/lib:/usr/lib/x86_64-linux-gnu/gazebo-11/plugins:/opt/ros/humble/opt/rviz_ogre_vendor/lib:/opt/ros/humble/lib/x86_64-linux-gnu:/opt/ros/humble/lib:/usr/lib/x86_64-linux-gnu/gazebo-11/plugins:/usr/lib/x86_64-linux-gnu/gazebo-11/plugins:/usr/lib/x86_64-linux-gnu/gazebo-11/plugins PS1=${debian_chroot:+($debian_chroot)}\[\033[01;32m\]\u@\h\[\033[00m\]:\[\033[01;34m\]\w\[\033[00m\]\$ /usr/bin/cmake --install /home/huy/ur3_llm_ws/build/ur_robot_driver
[1.635s] Level 1:colcon.colcon_core.environment:create_environment_scripts_only(ur_robot_driver)
[1.636s] Level 1:colcon.colcon_core.environment:checking '/home/huy/ur3_llm_ws/install/ur_robot_driver' for CMake module files
[1.636s] DEBUG:colcon.colcon_core.event_handler.log_command:Invoked command in '/home/huy/ur3_llm_ws/build/ur_robot_driver' returned '0': CMAKE_PREFIX_PATH=/home/huy/ur3_llm_ws/install/ur_controllers:/home/huy/ur3_llm_ws/install/ur_dashboard_msgs:/home/huy/ur3_llm_ws/install/ur:/home/huy/ur3_llm_ws/install/ur_calibration:/home/huy/ur3_llm_ws/install/ur_robot_driver:/home/huy/ur3_llm_ws/install/ur_moveit_config:/home/huy/ur3_llm_ws/install/ur_bringup:/home/huy/ros2_ws/install/ur_simulation_gz:/home/huy/ros2_ws/install/ur_letter_writer:/home/huy/xecuahuy_ws/install/xecuahuy:/home/huy/xecuahuy_ws/install/slam_gmapping:/home/huy/xecuahuy_ws/install/openslam_gmapping:/home/huy/xecuahuy_ws/install/aws_robomaker_small_warehouse_world:/home/huy/install/xecuahuy:/home/huy/install/turtlebot3:/home/huy/install/turtlebot3_simulations:/home/huy/install/turtlebot3_bringup:/home/huy/install/turtlebot3_node:/home/huy/install/turtlebot3_fake_node:/home/huy/install/turtlebot3_msgs:/home/huy/install/turtlebot3_gazebo:/home/huy/install/slam_gmapping:/home/huy/install/micro_ros_setup:/home/huy/install/micro_ros_agent:/home/huy/install/micro_ros_msgs:/home/huy/install/dynamixel_sdk_examples:/home/huy/install/dynamixel_sdk_custom_interfaces:/home/huy/install/dynamixel_sdk:/home/huy/install/aws_robomaker_small_warehouse_world:/home/huy/install/turtlebot3_teleop:/home/huy/install/turtlebot3_navigation2:/home/huy/install/turtlebot3_example:/home/huy/install/turtlebot3_manipulation_gazebo:/home/huy/install/turtlebot3_description:/home/huy/install/turtlebot3_cartographer:/home/huy/install/openslam_gmapping:/opt/ros/humble LD_LIBRARY_PATH=/home/huy/ur3_llm_ws/install/ur_controllers/lib:/home/huy/ur3_llm_ws/install/ur_dashboard_msgs/lib:/home/huy/ur3_llm_ws/install/ur_robot_driver/lib:/home/huy/xecuahuy_ws/install/openslam_gmapping/lib:/home/huy/install/turtlebot3_msgs/lib:/home/huy/install/openslam_gmapping/lib:/home/huy/install/micro_ros_agent/lib:/home/huy/install/micro_ros_msgs/lib:/home/huy/install/dynamixel_sdk_custom_interfaces/lib:/home/huy/install/dynamixel_sdk/lib:/usr/lib/x86_64-linux-gnu/gazebo-11/plugins:/opt/ros/humble/opt/rviz_ogre_vendor/lib:/opt/ros/humble/lib/x86_64-linux-gnu:/opt/ros/humble/lib:/usr/lib/x86_64-linux-gnu/gazebo-11/plugins:/usr/lib/x86_64-linux-gnu/gazebo-11/plugins:/usr/lib/x86_64-linux-gnu/gazebo-11/plugins PS1=${debian_chroot:+($debian_chroot)}\[\033[01;32m\]\u@\h\[\033[00m\]:\[\033[01;34m\]\w\[\033[00m\]\$ /usr/bin/cmake --install /home/huy/ur3_llm_ws/build/ur_robot_driver
[1.637s] Level 1:colcon.colcon_core.environment:checking '/home/huy/ur3_llm_ws/install/ur_robot_driver' for CMake config files
[1.638s] Level 1:colcon.colcon_core.shell:create_environment_hook('ur_robot_driver', 'cmake_prefix_path')
[1.638s] INFO:colcon.colcon_core.shell:Creating environment hook '/home/huy/ur3_llm_ws/install/ur_robot_driver/share/ur_robot_driver/hook/cmake_prefix_path.ps1'
[1.638s] INFO:colcon.colcon_core.shell:Creating environment descriptor '/home/huy/ur3_llm_ws/install/ur_robot_driver/share/ur_robot_driver/hook/cmake_prefix_path.dsv'
[1.639s] INFO:colcon.colcon_core.shell:Creating environment hook '/home/huy/ur3_llm_ws/install/ur_robot_driver/share/ur_robot_driver/hook/cmake_prefix_path.sh'
[1.639s] Level 1:colcon.colcon_core.environment:checking '/home/huy/ur3_llm_ws/install/ur_robot_driver/lib'
[1.639s] Level 1:colcon.colcon_core.shell:create_environment_hook('ur_robot_driver', 'ld_library_path_lib')
[1.639s] INFO:colcon.colcon_core.shell:Creating environment hook '/home/huy/ur3_llm_ws/install/ur_robot_driver/share/ur_robot_driver/hook/ld_library_path_lib.ps1'
[1.640s] INFO:colcon.colcon_core.shell:Creating environment descriptor '/home/huy/ur3_llm_ws/install/ur_robot_driver/share/ur_robot_driver/hook/ld_library_path_lib.dsv'
[1.640s] INFO:colcon.colcon_core.shell:Creating environment hook '/home/huy/ur3_llm_ws/install/ur_robot_driver/share/ur_robot_driver/hook/ld_library_path_lib.sh'
[1.641s] Level 1:colcon.colcon_core.environment:checking '/home/huy/ur3_llm_ws/install/ur_robot_driver/bin'
[1.641s] Level 1:colcon.colcon_core.shell:create_environment_hook('ur_robot_driver', 'path')
[1.641s] INFO:colcon.colcon_core.shell:Creating environment hook '/home/huy/ur3_llm_ws/install/ur_robot_driver/share/ur_robot_driver/hook/path.ps1'
[1.641s] INFO:colcon.colcon_core.shell:Creating environment descriptor '/home/huy/ur3_llm_ws/install/ur_robot_driver/share/ur_robot_driver/hook/path.dsv'
[1.642s] INFO:colcon.colcon_core.shell:Creating environment hook '/home/huy/ur3_llm_ws/install/ur_robot_driver/share/ur_robot_driver/hook/path.sh'
[1.643s] Level 1:colcon.colcon_core.environment:checking '/home/huy/ur3_llm_ws/install/ur_robot_driver/lib/pkgconfig/ur_robot_driver.pc'
[1.643s] Level 1:colcon.colcon_core.environment:checking '/home/huy/ur3_llm_ws/install/ur_robot_driver/lib/python3.10/site-packages'
[1.643s] Level 1:colcon.colcon_core.environment:checking '/home/huy/ur3_llm_ws/install/ur_robot_driver/bin'
[1.643s] Level 1:colcon.colcon_core.shell:create_environment_hook('ur_robot_driver', 'pythonscriptspath')
[1.644s] INFO:colcon.colcon_core.shell:Creating environment hook '/home/huy/ur3_llm_ws/install/ur_robot_driver/share/ur_robot_driver/hook/pythonscriptspath.ps1'
[1.644s] INFO:colcon.colcon_core.shell:Creating environment descriptor '/home/huy/ur3_llm_ws/install/ur_robot_driver/share/ur_robot_driver/hook/pythonscriptspath.dsv'
[1.645s] INFO:colcon.colcon_core.shell:Creating environment hook '/home/huy/ur3_llm_ws/install/ur_robot_driver/share/ur_robot_driver/hook/pythonscriptspath.sh'
[1.646s] INFO:colcon.colcon_core.shell:Creating package script '/home/huy/ur3_llm_ws/install/ur_robot_driver/share/ur_robot_driver/package.ps1'
[1.647s] INFO:colcon.colcon_core.shell:Creating package descriptor '/home/huy/ur3_llm_ws/install/ur_robot_driver/share/ur_robot_driver/package.dsv'
[1.647s] INFO:colcon.colcon_core.shell:Creating package script '/home/huy/ur3_llm_ws/install/ur_robot_driver/share/ur_robot_driver/package.sh'
[1.648s] INFO:colcon.colcon_core.shell:Creating package script '/home/huy/ur3_llm_ws/install/ur_robot_driver/share/ur_robot_driver/package.bash'
[1.648s] INFO:colcon.colcon_core.shell:Creating package script '/home/huy/ur3_llm_ws/install/ur_robot_driver/share/ur_robot_driver/package.zsh'
[1.649s] Level 1:colcon.colcon_core.environment:create_file_with_runtime_dependencies(/home/huy/ur3_llm_ws/install/ur_robot_driver/share/colcon-core/packages/ur_robot_driver)
[1.649s] Level 1:colcon.colcon_core.environment:create_environment_scripts_only(ur_robot_driver)
[1.650s] Level 1:colcon.colcon_core.environment:checking '/home/huy/ur3_llm_ws/install/ur_robot_driver' for CMake module files
[1.650s] Level 1:colcon.colcon_core.environment:checking '/home/huy/ur3_llm_ws/install/ur_robot_driver' for CMake config files
[1.651s] Level 1:colcon.colcon_core.shell:create_environment_hook('ur_robot_driver', 'cmake_prefix_path')
[1.651s] INFO:colcon.colcon_core.shell:Creating environment hook '/home/huy/ur3_llm_ws/install/ur_robot_driver/share/ur_robot_driver/hook/cmake_prefix_path.ps1'
[1.651s] INFO:colcon.colcon_core.shell:Creating environment descriptor '/home/huy/ur3_llm_ws/install/ur_robot_driver/share/ur_robot_driver/hook/cmake_prefix_path.dsv'
[1.652s] INFO:colcon.colcon_core.shell:Creating environment hook '/home/huy/ur3_llm_ws/install/ur_robot_driver/share/ur_robot_driver/hook/cmake_prefix_path.sh'
[1.652s] Level 1:colcon.colcon_core.environment:checking '/home/huy/ur3_llm_ws/install/ur_robot_driver/lib'
[1.652s] Level 1:colcon.colcon_core.shell:create_environment_hook('ur_robot_driver', 'ld_library_path_lib')
[1.652s] INFO:colcon.colcon_core.shell:Creating environment hook '/home/huy/ur3_llm_ws/install/ur_robot_driver/share/ur_robot_driver/hook/ld_library_path_lib.ps1'
[1.652s] INFO:colcon.colcon_core.shell:Creating environment descriptor '/home/huy/ur3_llm_ws/install/ur_robot_driver/share/ur_robot_driver/hook/ld_library_path_lib.dsv'
[1.653s] INFO:colcon.colcon_core.shell:Creating environment hook '/home/huy/ur3_llm_ws/install/ur_robot_driver/share/ur_robot_driver/hook/ld_library_path_lib.sh'
[1.653s] Level 1:colcon.colcon_core.environment:checking '/home/huy/ur3_llm_ws/install/ur_robot_driver/bin'
[1.653s] Level 1:colcon.colcon_core.shell:create_environment_hook('ur_robot_driver', 'path')
[1.653s] INFO:colcon.colcon_core.shell:Creating environment hook '/home/huy/ur3_llm_ws/install/ur_robot_driver/share/ur_robot_driver/hook/path.ps1'
[1.654s] INFO:colcon.colcon_core.shell:Creating environment descriptor '/home/huy/ur3_llm_ws/install/ur_robot_driver/share/ur_robot_driver/hook/path.dsv'
[1.654s] INFO:colcon.colcon_core.shell:Creating environment hook '/home/huy/ur3_llm_ws/install/ur_robot_driver/share/ur_robot_driver/hook/path.sh'
[1.654s] Level 1:colcon.colcon_core.environment:checking '/home/huy/ur3_llm_ws/install/ur_robot_driver/lib/pkgconfig/ur_robot_driver.pc'
[1.655s] Level 1:colcon.colcon_core.environment:checking '/home/huy/ur3_llm_ws/install/ur_robot_driver/lib/python3.10/site-packages'
[1.655s] Level 1:colcon.colcon_core.environment:checking '/home/huy/ur3_llm_ws/install/ur_robot_driver/bin'
[1.655s] Level 1:colcon.colcon_core.shell:create_environment_hook('ur_robot_driver', 'pythonscriptspath')
[1.656s] INFO:colcon.colcon_core.shell:Creating environment hook '/home/huy/ur3_llm_ws/install/ur_robot_driver/share/ur_robot_driver/hook/pythonscriptspath.ps1'
[1.657s] INFO:colcon.colcon_core.shell:Creating environment descriptor '/home/huy/ur3_llm_ws/install/ur_robot_driver/share/ur_robot_driver/hook/pythonscriptspath.dsv'
[1.657s] INFO:colcon.colcon_core.shell:Creating environment hook '/home/huy/ur3_llm_ws/install/ur_robot_driver/share/ur_robot_driver/hook/pythonscriptspath.sh'
[1.658s] INFO:colcon.colcon_core.shell:Creating package script '/home/huy/ur3_llm_ws/install/ur_robot_driver/share/ur_robot_driver/package.ps1'
[1.659s] INFO:colcon.colcon_core.shell:Creating package descriptor '/home/huy/ur3_llm_ws/install/ur_robot_driver/share/ur_robot_driver/package.dsv'
[1.660s] INFO:colcon.colcon_core.shell:Creating package script '/home/huy/ur3_llm_ws/install/ur_robot_driver/share/ur_robot_driver/package.sh'
[1.661s] INFO:colcon.colcon_core.shell:Creating package script '/home/huy/ur3_llm_ws/install/ur_robot_driver/share/ur_robot_driver/package.bash'
[1.661s] INFO:colcon.colcon_core.shell:Creating package script '/home/huy/ur3_llm_ws/install/ur_robot_driver/share/ur_robot_driver/package.zsh'
[1.662s] Level 1:colcon.colcon_core.environment:create_file_with_runtime_dependencies(/home/huy/ur3_llm_ws/install/ur_robot_driver/share/colcon-core/packages/ur_robot_driver)
[1.662s] INFO:colcon.colcon_ros.task.ament_cmake.build:Building ROS package in '/home/huy/ur3_llm_ws/src/Universal_Robots_ROS2_Driver/ur_calibration' with build type 'ament_cmake'
[1.663s] INFO:colcon.colcon_cmake.task.cmake.build:Building CMake package in '/home/huy/ur3_llm_ws/src/Universal_Robots_ROS2_Driver/ur_calibration'
[1.663s] INFO:colcon.colcon_core.shell:Skip shell extension 'powershell' for command environment: Not usable outside of PowerShell
[1.663s] DEBUG:colcon.colcon_core.shell:Skip shell extension 'dsv' for command environment
[1.682s] DEBUG:colcon.colcon_core.event_handler.log_command:Invoking command in '/home/huy/ur3_llm_ws/build/ur_calibration': CMAKE_PREFIX_PATH=/home/huy/ur3_llm_ws/install/ur_robot_driver:/home/huy/ur3_llm_ws/install/ur_controllers:/home/huy/ur3_llm_ws/install/ur_dashboard_msgs:/home/huy/ur3_llm_ws/install/ur:/home/huy/ur3_llm_ws/install/ur_calibration:/home/huy/ur3_llm_ws/install/ur_moveit_config:/home/huy/ur3_llm_ws/install/ur_bringup:/home/huy/ros2_ws/install/ur_simulation_gz:/home/huy/ros2_ws/install/ur_letter_writer:/home/huy/xecuahuy_ws/install/xecuahuy:/home/huy/xecuahuy_ws/install/slam_gmapping:/home/huy/xecuahuy_ws/install/openslam_gmapping:/home/huy/xecuahuy_ws/install/aws_robomaker_small_warehouse_world:/home/huy/install/xecuahuy:/home/huy/install/turtlebot3:/home/huy/install/turtlebot3_simulations:/home/huy/install/turtlebot3_bringup:/home/huy/install/turtlebot3_node:/home/huy/install/turtlebot3_fake_node:/home/huy/install/turtlebot3_msgs:/home/huy/install/turtlebot3_gazebo:/home/huy/install/slam_gmapping:/home/huy/install/micro_ros_setup:/home/huy/install/micro_ros_agent:/home/huy/install/micro_ros_msgs:/home/huy/install/dynamixel_sdk_examples:/home/huy/install/dynamixel_sdk_custom_interfaces:/home/huy/install/dynamixel_sdk:/home/huy/install/aws_robomaker_small_warehouse_world:/home/huy/install/turtlebot3_teleop:/home/huy/install/turtlebot3_navigation2:/home/huy/install/turtlebot3_example:/home/huy/install/turtlebot3_manipulation_gazebo:/home/huy/install/turtlebot3_description:/home/huy/install/turtlebot3_cartographer:/home/huy/install/openslam_gmapping:/opt/ros/humble LD_LIBRARY_PATH=/home/huy/ur3_llm_ws/install/ur_robot_driver/lib:/home/huy/ur3_llm_ws/install/ur_controllers/lib:/home/huy/ur3_llm_ws/install/ur_dashboard_msgs/lib:/home/huy/xecuahuy_ws/install/openslam_gmapping/lib:/home/huy/install/turtlebot3_msgs/lib:/home/huy/install/openslam_gmapping/lib:/home/huy/install/micro_ros_agent/lib:/home/huy/install/micro_ros_msgs/lib:/home/huy/install/dynamixel_sdk_custom_interfaces/lib:/home/huy/install/dynamixel_sdk/lib:/usr/lib/x86_64-linux-gnu/gazebo-11/plugins:/opt/ros/humble/opt/rviz_ogre_vendor/lib:/opt/ros/humble/lib/x86_64-linux-gnu:/opt/ros/humble/lib:/usr/lib/x86_64-linux-gnu/gazebo-11/plugins:/usr/lib/x86_64-linux-gnu/gazebo-11/plugins:/usr/lib/x86_64-linux-gnu/gazebo-11/plugins PS1=${debian_chroot:+($debian_chroot)}\[\033[01;32m\]\u@\h\[\033[00m\]:\[\033[01;34m\]\w\[\033[00m\]\$ /usr/bin/cmake --build /home/huy/ur3_llm_ws/build/ur_calibration -- -j12 -l12
[1.774s] Level 1:colcon.colcon_core.shell:create_environment_hook('ur3_llm_control', 'pythonpath_develop')
[1.774s] INFO:colcon.colcon_core.shell:Creating environment hook '/home/huy/ur3_llm_ws/build/ur3_llm_control/share/ur3_llm_control/hook/pythonpath_develop.ps1'
[1.775s] DEBUG:colcon.colcon_core.event_handler.log_command:Invoked command in '/home/huy/ur3_llm_ws/build/ur3_llm_control' returned '0': PS1=${debian_chroot:+($debian_chroot)}\[\033[01;32m\]\u@\h\[\033[00m\]:\[\033[01;34m\]\w\[\033[00m\]\$ PYTHONPATH=/home/huy/ur3_llm_ws/build/ur3_llm_control/prefix_override:/usr/lib/python3/dist-packages/colcon_core/task/python/colcon_distutils_commands:/home/huy/ur3_llm_ws/install/ur3_llm_control/lib/python3.10/site-packages:${PYTHONPATH} /usr/bin/python3 -W ignore:setup.py install is deprecated -W ignore:easy_install command is deprecated setup.py develop --editable --build-directory /home/huy/ur3_llm_ws/build/ur3_llm_control/build --no-deps symlink_data
[1.775s] INFO:colcon.colcon_core.shell:Creating environment descriptor '/home/huy/ur3_llm_ws/build/ur3_llm_control/share/ur3_llm_control/hook/pythonpath_develop.dsv'
[1.776s] INFO:colcon.colcon_core.shell:Creating environment hook '/home/huy/ur3_llm_ws/build/ur3_llm_control/share/ur3_llm_control/hook/pythonpath_develop.sh'
[1.776s] Level 1:colcon.colcon_core.environment:checking '/home/huy/ur3_llm_ws/install/ur3_llm_control' for CMake module files
[1.776s] Level 1:colcon.colcon_core.environment:checking '/home/huy/ur3_llm_ws/install/ur3_llm_control' for CMake config files
[1.777s] Level 1:colcon.colcon_core.environment:checking '/home/huy/ur3_llm_ws/install/ur3_llm_control/lib'
[1.777s] Level 1:colcon.colcon_core.environment:checking '/home/huy/ur3_llm_ws/install/ur3_llm_control/bin'
[1.777s] Level 1:colcon.colcon_core.environment:checking '/home/huy/ur3_llm_ws/install/ur3_llm_control/lib/pkgconfig/ur3_llm_control.pc'
[1.777s] Level 1:colcon.colcon_core.environment:checking '/home/huy/ur3_llm_ws/install/ur3_llm_control/lib/python3.10/site-packages'
[1.777s] Level 1:colcon.colcon_core.shell:create_environment_hook('ur3_llm_control', 'pythonpath')
[1.777s] INFO:colcon.colcon_core.shell:Creating environment hook '/home/huy/ur3_llm_ws/install/ur3_llm_control/share/ur3_llm_control/hook/pythonpath.ps1'
[1.777s] INFO:colcon.colcon_core.shell:Creating environment descriptor '/home/huy/ur3_llm_ws/install/ur3_llm_control/share/ur3_llm_control/hook/pythonpath.dsv'
[1.778s] INFO:colcon.colcon_core.shell:Creating environment hook '/home/huy/ur3_llm_ws/install/ur3_llm_control/share/ur3_llm_control/hook/pythonpath.sh'
[1.778s] Level 1:colcon.colcon_core.environment:checking '/home/huy/ur3_llm_ws/install/ur3_llm_control/bin'
[1.778s] Level 1:colcon.colcon_core.environment:create_environment_scripts_only(ur3_llm_control)
[1.779s] INFO:colcon.colcon_core.shell:Creating package script '/home/huy/ur3_llm_ws/install/ur3_llm_control/share/ur3_llm_control/package.ps1'
[1.780s] INFO:colcon.colcon_core.shell:Creating package descriptor '/home/huy/ur3_llm_ws/install/ur3_llm_control/share/ur3_llm_control/package.dsv'
[1.780s] INFO:colcon.colcon_core.shell:Creating package script '/home/huy/ur3_llm_ws/install/ur3_llm_control/share/ur3_llm_control/package.sh'
[1.780s] INFO:colcon.colcon_core.shell:Creating package script '/home/huy/ur3_llm_ws/install/ur3_llm_control/share/ur3_llm_control/package.bash'
[1.781s] INFO:colcon.colcon_core.shell:Creating package script '/home/huy/ur3_llm_ws/install/ur3_llm_control/share/ur3_llm_control/package.zsh'
[1.781s] Level 1:colcon.colcon_core.environment:create_file_with_runtime_dependencies(/home/huy/ur3_llm_ws/install/ur3_llm_control/share/colcon-core/packages/ur3_llm_control)
[1.786s] DEBUG:colcon.colcon_core.event_handler.log_command:Invoked command in '/home/huy/ur3_llm_ws/build/ur_calibration' returned '0': CMAKE_PREFIX_PATH=/home/huy/ur3_llm_ws/install/ur_robot_driver:/home/huy/ur3_llm_ws/install/ur_controllers:/home/huy/ur3_llm_ws/install/ur_dashboard_msgs:/home/huy/ur3_llm_ws/install/ur:/home/huy/ur3_llm_ws/install/ur_calibration:/home/huy/ur3_llm_ws/install/ur_moveit_config:/home/huy/ur3_llm_ws/install/ur_bringup:/home/huy/ros2_ws/install/ur_simulation_gz:/home/huy/ros2_ws/install/ur_letter_writer:/home/huy/xecuahuy_ws/install/xecuahuy:/home/huy/xecuahuy_ws/install/slam_gmapping:/home/huy/xecuahuy_ws/install/openslam_gmapping:/home/huy/xecuahuy_ws/install/aws_robomaker_small_warehouse_world:/home/huy/install/xecuahuy:/home/huy/install/turtlebot3:/home/huy/install/turtlebot3_simulations:/home/huy/install/turtlebot3_bringup:/home/huy/install/turtlebot3_node:/home/huy/install/turtlebot3_fake_node:/home/huy/install/turtlebot3_msgs:/home/huy/install/turtlebot3_gazebo:/home/huy/install/slam_gmapping:/home/huy/install/micro_ros_setup:/home/huy/install/micro_ros_agent:/home/huy/install/micro_ros_msgs:/home/huy/install/dynamixel_sdk_examples:/home/huy/install/dynamixel_sdk_custom_interfaces:/home/huy/install/dynamixel_sdk:/home/huy/install/aws_robomaker_small_warehouse_world:/home/huy/install/turtlebot3_teleop:/home/huy/install/turtlebot3_navigation2:/home/huy/install/turtlebot3_example:/home/huy/install/turtlebot3_manipulation_gazebo:/home/huy/install/turtlebot3_description:/home/huy/install/turtlebot3_cartographer:/home/huy/install/openslam_gmapping:/opt/ros/humble LD_LIBRARY_PATH=/home/huy/ur3_llm_ws/install/ur_robot_driver/lib:/home/huy/ur3_llm_ws/install/ur_controllers/lib:/home/huy/ur3_llm_ws/install/ur_dashboard_msgs/lib:/home/huy/xecuahuy_ws/install/openslam_gmapping/lib:/home/huy/install/turtlebot3_msgs/lib:/home/huy/install/openslam_gmapping/lib:/home/huy/install/micro_ros_agent/lib:/home/huy/install/micro_ros_msgs/lib:/home/huy/install/dynamixel_sdk_custom_interfaces/lib:/home/huy/install/dynamixel_sdk/lib:/usr/lib/x86_64-linux-gnu/gazebo-11/plugins:/opt/ros/humble/opt/rviz_ogre_vendor/lib:/opt/ros/humble/lib/x86_64-linux-gnu:/opt/ros/humble/lib:/usr/lib/x86_64-linux-gnu/gazebo-11/plugins:/usr/lib/x86_64-linux-gnu/gazebo-11/plugins:/usr/lib/x86_64-linux-gnu/gazebo-11/plugins PS1=${debian_chroot:+($debian_chroot)}\[\033[01;32m\]\u@\h\[\033[00m\]:\[\033[01;34m\]\w\[\033[00m\]\$ /usr/bin/cmake --build /home/huy/ur3_llm_ws/build/ur_calibration -- -j12 -l12
[1.787s] DEBUG:colcon.colcon_core.event_handler.log_command:Invoking command in '/home/huy/ur3_llm_ws/build/ur_calibration': CMAKE_PREFIX_PATH=/home/huy/ur3_llm_ws/install/ur_robot_driver:/home/huy/ur3_llm_ws/install/ur_controllers:/home/huy/ur3_llm_ws/install/ur_dashboard_msgs:/home/huy/ur3_llm_ws/install/ur:/home/huy/ur3_llm_ws/install/ur_calibration:/home/huy/ur3_llm_ws/install/ur_moveit_config:/home/huy/ur3_llm_ws/install/ur_bringup:/home/huy/ros2_ws/install/ur_simulation_gz:/home/huy/ros2_ws/install/ur_letter_writer:/home/huy/xecuahuy_ws/install/xecuahuy:/home/huy/xecuahuy_ws/install/slam_gmapping:/home/huy/xecuahuy_ws/install/openslam_gmapping:/home/huy/xecuahuy_ws/install/aws_robomaker_small_warehouse_world:/home/huy/install/xecuahuy:/home/huy/install/turtlebot3:/home/huy/install/turtlebot3_simulations:/home/huy/install/turtlebot3_bringup:/home/huy/install/turtlebot3_node:/home/huy/install/turtlebot3_fake_node:/home/huy/install/turtlebot3_msgs:/home/huy/install/turtlebot3_gazebo:/home/huy/install/slam_gmapping:/home/huy/install/micro_ros_setup:/home/huy/install/micro_ros_agent:/home/huy/install/micro_ros_msgs:/home/huy/install/dynamixel_sdk_examples:/home/huy/install/dynamixel_sdk_custom_interfaces:/home/huy/install/dynamixel_sdk:/home/huy/install/aws_robomaker_small_warehouse_world:/home/huy/install/turtlebot3_teleop:/home/huy/install/turtlebot3_navigation2:/home/huy/install/turtlebot3_example:/home/huy/install/turtlebot3_manipulation_gazebo:/home/huy/install/turtlebot3_description:/home/huy/install/turtlebot3_cartographer:/home/huy/install/openslam_gmapping:/opt/ros/humble LD_LIBRARY_PATH=/home/huy/ur3_llm_ws/install/ur_robot_driver/lib:/home/huy/ur3_llm_ws/install/ur_controllers/lib:/home/huy/ur3_llm_ws/install/ur_dashboard_msgs/lib:/home/huy/xecuahuy_ws/install/openslam_gmapping/lib:/home/huy/install/turtlebot3_msgs/lib:/home/huy/install/openslam_gmapping/lib:/home/huy/install/micro_ros_agent/lib:/home/huy/install/micro_ros_msgs/lib:/home/huy/install/dynamixel_sdk_custom_interfaces/lib:/home/huy/install/dynamixel_sdk/lib:/usr/lib/x86_64-linux-gnu/gazebo-11/plugins:/opt/ros/humble/opt/rviz_ogre_vendor/lib:/opt/ros/humble/lib/x86_64-linux-gnu:/opt/ros/humble/lib:/usr/lib/x86_64-linux-gnu/gazebo-11/plugins:/usr/lib/x86_64-linux-gnu/gazebo-11/plugins:/usr/lib/x86_64-linux-gnu/gazebo-11/plugins PS1=${debian_chroot:+($debian_chroot)}\[\033[01;32m\]\u@\h\[\033[00m\]:\[\033[01;34m\]\w\[\033[00m\]\$ /usr/bin/cmake --install /home/huy/ur3_llm_ws/build/ur_calibration
[1.808s] Level 1:colcon.colcon_core.environment:create_environment_scripts_only(ur_calibration)
[1.808s] Level 1:colcon.colcon_core.environment:checking '/home/huy/ur3_llm_ws/install/ur_calibration' for CMake module files
[1.809s] DEBUG:colcon.colcon_core.event_handler.log_command:Invoked command in '/home/huy/ur3_llm_ws/build/ur_calibration' returned '0': CMAKE_PREFIX_PATH=/home/huy/ur3_llm_ws/install/ur_robot_driver:/home/huy/ur3_llm_ws/install/ur_controllers:/home/huy/ur3_llm_ws/install/ur_dashboard_msgs:/home/huy/ur3_llm_ws/install/ur:/home/huy/ur3_llm_ws/install/ur_calibration:/home/huy/ur3_llm_ws/install/ur_moveit_config:/home/huy/ur3_llm_ws/install/ur_bringup:/home/huy/ros2_ws/install/ur_simulation_gz:/home/huy/ros2_ws/install/ur_letter_writer:/home/huy/xecuahuy_ws/install/xecuahuy:/home/huy/xecuahuy_ws/install/slam_gmapping:/home/huy/xecuahuy_ws/install/openslam_gmapping:/home/huy/xecuahuy_ws/install/aws_robomaker_small_warehouse_world:/home/huy/install/xecuahuy:/home/huy/install/turtlebot3:/home/huy/install/turtlebot3_simulations:/home/huy/install/turtlebot3_bringup:/home/huy/install/turtlebot3_node:/home/huy/install/turtlebot3_fake_node:/home/huy/install/turtlebot3_msgs:/home/huy/install/turtlebot3_gazebo:/home/huy/install/slam_gmapping:/home/huy/install/micro_ros_setup:/home/huy/install/micro_ros_agent:/home/huy/install/micro_ros_msgs:/home/huy/install/dynamixel_sdk_examples:/home/huy/install/dynamixel_sdk_custom_interfaces:/home/huy/install/dynamixel_sdk:/home/huy/install/aws_robomaker_small_warehouse_world:/home/huy/install/turtlebot3_teleop:/home/huy/install/turtlebot3_navigation2:/home/huy/install/turtlebot3_example:/home/huy/install/turtlebot3_manipulation_gazebo:/home/huy/install/turtlebot3_description:/home/huy/install/turtlebot3_cartographer:/home/huy/install/openslam_gmapping:/opt/ros/humble LD_LIBRARY_PATH=/home/huy/ur3_llm_ws/install/ur_robot_driver/lib:/home/huy/ur3_llm_ws/install/ur_controllers/lib:/home/huy/ur3_llm_ws/install/ur_dashboard_msgs/lib:/home/huy/xecuahuy_ws/install/openslam_gmapping/lib:/home/huy/install/turtlebot3_msgs/lib:/home/huy/install/openslam_gmapping/lib:/home/huy/install/micro_ros_agent/lib:/home/huy/install/micro_ros_msgs/lib:/home/huy/install/dynamixel_sdk_custom_interfaces/lib:/home/huy/install/dynamixel_sdk/lib:/usr/lib/x86_64-linux-gnu/gazebo-11/plugins:/opt/ros/humble/opt/rviz_ogre_vendor/lib:/opt/ros/humble/lib/x86_64-linux-gnu:/opt/ros/humble/lib:/usr/lib/x86_64-linux-gnu/gazebo-11/plugins:/usr/lib/x86_64-linux-gnu/gazebo-11/plugins:/usr/lib/x86_64-linux-gnu/gazebo-11/plugins PS1=${debian_chroot:+($debian_chroot)}\[\033[01;32m\]\u@\h\[\033[00m\]:\[\033[01;34m\]\w\[\033[00m\]\$ /usr/bin/cmake --install /home/huy/ur3_llm_ws/build/ur_calibration
[1.809s] Level 1:colcon.colcon_core.environment:checking '/home/huy/ur3_llm_ws/install/ur_calibration' for CMake config files
[1.810s] Level 1:colcon.colcon_core.shell:create_environment_hook('ur_calibration', 'cmake_prefix_path')
[1.810s] INFO:colcon.colcon_core.shell:Creating environment hook '/home/huy/ur3_llm_ws/install/ur_calibration/share/ur_calibration/hook/cmake_prefix_path.ps1'
[1.810s] INFO:colcon.colcon_core.shell:Creating environment descriptor '/home/huy/ur3_llm_ws/install/ur_calibration/share/ur_calibration/hook/cmake_prefix_path.dsv'
[1.811s] INFO:colcon.colcon_core.shell:Creating environment hook '/home/huy/ur3_llm_ws/install/ur_calibration/share/ur_calibration/hook/cmake_prefix_path.sh'
[1.811s] Level 1:colcon.colcon_core.environment:checking '/home/huy/ur3_llm_ws/install/ur_calibration/lib'
[1.811s] Level 1:colcon.colcon_core.environment:checking '/home/huy/ur3_llm_ws/install/ur_calibration/bin'
[1.811s] Level 1:colcon.colcon_core.environment:checking '/home/huy/ur3_llm_ws/install/ur_calibration/lib/pkgconfig/ur_calibration.pc'
[1.811s] Level 1:colcon.colcon_core.environment:checking '/home/huy/ur3_llm_ws/install/ur_calibration/lib/python3.10/site-packages'
[1.812s] Level 1:colcon.colcon_core.environment:checking '/home/huy/ur3_llm_ws/install/ur_calibration/bin'
[1.812s] INFO:colcon.colcon_core.shell:Creating package script '/home/huy/ur3_llm_ws/install/ur_calibration/share/ur_calibration/package.ps1'
[1.812s] INFO:colcon.colcon_core.shell:Creating package descriptor '/home/huy/ur3_llm_ws/install/ur_calibration/share/ur_calibration/package.dsv'
[1.813s] INFO:colcon.colcon_core.shell:Creating package script '/home/huy/ur3_llm_ws/install/ur_calibration/share/ur_calibration/package.sh'
[1.813s] INFO:colcon.colcon_core.shell:Creating package script '/home/huy/ur3_llm_ws/install/ur_calibration/share/ur_calibration/package.bash'
[1.813s] INFO:colcon.colcon_core.shell:Creating package script '/home/huy/ur3_llm_ws/install/ur_calibration/share/ur_calibration/package.zsh'
[1.814s] Level 1:colcon.colcon_core.environment:create_file_with_runtime_dependencies(/home/huy/ur3_llm_ws/install/ur_calibration/share/colcon-core/packages/ur_calibration)
[1.815s] Level 1:colcon.colcon_core.environment:create_environment_scripts_only(ur_calibration)
[1.815s] Level 1:colcon.colcon_core.environment:checking '/home/huy/ur3_llm_ws/install/ur_calibration' for CMake module files
[1.815s] Level 1:colcon.colcon_core.environment:checking '/home/huy/ur3_llm_ws/install/ur_calibration' for CMake config files
[1.815s] Level 1:colcon.colcon_core.shell:create_environment_hook('ur_calibration', 'cmake_prefix_path')
[1.816s] INFO:colcon.colcon_core.shell:Creating environment hook '/home/huy/ur3_llm_ws/install/ur_calibration/share/ur_calibration/hook/cmake_prefix_path.ps1'
[1.816s] INFO:colcon.colcon_core.shell:Creating environment descriptor '/home/huy/ur3_llm_ws/install/ur_calibration/share/ur_calibration/hook/cmake_prefix_path.dsv'
[1.816s] INFO:colcon.colcon_core.shell:Creating environment hook '/home/huy/ur3_llm_ws/install/ur_calibration/share/ur_calibration/hook/cmake_prefix_path.sh'
[1.817s] Level 1:colcon.colcon_core.environment:checking '/home/huy/ur3_llm_ws/install/ur_calibration/lib'
[1.817s] Level 1:colcon.colcon_core.environment:checking '/home/huy/ur3_llm_ws/install/ur_calibration/bin'
[1.817s] Level 1:colcon.colcon_core.environment:checking '/home/huy/ur3_llm_ws/install/ur_calibration/lib/pkgconfig/ur_calibration.pc'
[1.817s] Level 1:colcon.colcon_core.environment:checking '/home/huy/ur3_llm_ws/install/ur_calibration/lib/python3.10/site-packages'
[1.817s] Level 1:colcon.colcon_core.environment:checking '/home/huy/ur3_llm_ws/install/ur_calibration/bin'
[1.817s] INFO:colcon.colcon_core.shell:Creating package script '/home/huy/ur3_llm_ws/install/ur_calibration/share/ur_calibration/package.ps1'
[1.818s] INFO:colcon.colcon_core.shell:Creating package descriptor '/home/huy/ur3_llm_ws/install/ur_calibration/share/ur_calibration/package.dsv'
[1.818s] INFO:colcon.colcon_core.shell:Creating package script '/home/huy/ur3_llm_ws/install/ur_calibration/share/ur_calibration/package.sh'
[1.819s] INFO:colcon.colcon_core.shell:Creating package script '/home/huy/ur3_llm_ws/install/ur_calibration/share/ur_calibration/package.bash'
[1.819s] INFO:colcon.colcon_core.shell:Creating package script '/home/huy/ur3_llm_ws/install/ur_calibration/share/ur_calibration/package.zsh'
[1.819s] Level 1:colcon.colcon_core.environment:create_file_with_runtime_dependencies(/home/huy/ur3_llm_ws/install/ur_calibration/share/colcon-core/packages/ur_calibration)
[1.819s] INFO:colcon.colcon_ros.task.ament_cmake.build:Building ROS package in '/home/huy/ur3_llm_ws/src/Universal_Robots_ROS2_Driver/ur' with build type 'ament_cmake'
[1.819s] INFO:colcon.colcon_cmake.task.cmake.build:Building CMake package in '/home/huy/ur3_llm_ws/src/Universal_Robots_ROS2_Driver/ur'
[1.820s] INFO:colcon.colcon_core.shell:Skip shell extension 'powershell' for command environment: Not usable outside of PowerShell
[1.820s] DEBUG:colcon.colcon_core.shell:Skip shell extension 'dsv' for command environment
[1.840s] DEBUG:colcon.colcon_core.event_handler.log_command:Invoking command in '/home/huy/ur3_llm_ws/build/ur': CMAKE_PREFIX_PATH=/home/huy/ur3_llm_ws/install/ur_calibration:/home/huy/ur3_llm_ws/install/ur_robot_driver:/home/huy/ur3_llm_ws/install/ur_controllers:/home/huy/ur3_llm_ws/install/ur_moveit_config:/home/huy/ur3_llm_ws/install/ur_dashboard_msgs:/home/huy/ur3_llm_ws/install/ur:/home/huy/ur3_llm_ws/install/ur_bringup:/home/huy/ros2_ws/install/ur_simulation_gz:/home/huy/ros2_ws/install/ur_letter_writer:/home/huy/xecuahuy_ws/install/xecuahuy:/home/huy/xecuahuy_ws/install/slam_gmapping:/home/huy/xecuahuy_ws/install/openslam_gmapping:/home/huy/xecuahuy_ws/install/aws_robomaker_small_warehouse_world:/home/huy/install/xecuahuy:/home/huy/install/turtlebot3:/home/huy/install/turtlebot3_simulations:/home/huy/install/turtlebot3_bringup:/home/huy/install/turtlebot3_node:/home/huy/install/turtlebot3_fake_node:/home/huy/install/turtlebot3_msgs:/home/huy/install/turtlebot3_gazebo:/home/huy/install/slam_gmapping:/home/huy/install/micro_ros_setup:/home/huy/install/micro_ros_agent:/home/huy/install/micro_ros_msgs:/home/huy/install/dynamixel_sdk_examples:/home/huy/install/dynamixel_sdk_custom_interfaces:/home/huy/install/dynamixel_sdk:/home/huy/install/aws_robomaker_small_warehouse_world:/home/huy/install/turtlebot3_teleop:/home/huy/install/turtlebot3_navigation2:/home/huy/install/turtlebot3_example:/home/huy/install/turtlebot3_manipulation_gazebo:/home/huy/install/turtlebot3_description:/home/huy/install/turtlebot3_cartographer:/home/huy/install/openslam_gmapping:/opt/ros/humble LD_LIBRARY_PATH=/home/huy/ur3_llm_ws/install/ur_robot_driver/lib:/home/huy/ur3_llm_ws/install/ur_controllers/lib:/home/huy/ur3_llm_ws/install/ur_dashboard_msgs/lib:/home/huy/xecuahuy_ws/install/openslam_gmapping/lib:/home/huy/install/turtlebot3_msgs/lib:/home/huy/install/openslam_gmapping/lib:/home/huy/install/micro_ros_agent/lib:/home/huy/install/micro_ros_msgs/lib:/home/huy/install/dynamixel_sdk_custom_interfaces/lib:/home/huy/install/dynamixel_sdk/lib:/usr/lib/x86_64-linux-gnu/gazebo-11/plugins:/opt/ros/humble/opt/rviz_ogre_vendor/lib:/opt/ros/humble/lib/x86_64-linux-gnu:/opt/ros/humble/lib:/usr/lib/x86_64-linux-gnu/gazebo-11/plugins:/usr/lib/x86_64-linux-gnu/gazebo-11/plugins:/usr/lib/x86_64-linux-gnu/gazebo-11/plugins PS1=${debian_chroot:+($debian_chroot)}\[\033[01;32m\]\u@\h\[\033[00m\]:\[\033[01;34m\]\w\[\033[00m\]\$ /usr/bin/cmake --build /home/huy/ur3_llm_ws/build/ur -- -j12 -l12
[1.875s] DEBUG:colcon.colcon_core.event_handler.log_command:Invoked command in '/home/huy/ur3_llm_ws/build/ur' returned '0': CMAKE_PREFIX_PATH=/home/huy/ur3_llm_ws/install/ur_calibration:/home/huy/ur3_llm_ws/install/ur_robot_driver:/home/huy/ur3_llm_ws/install/ur_controllers:/home/huy/ur3_llm_ws/install/ur_moveit_config:/home/huy/ur3_llm_ws/install/ur_dashboard_msgs:/home/huy/ur3_llm_ws/install/ur:/home/huy/ur3_llm_ws/install/ur_bringup:/home/huy/ros2_ws/install/ur_simulation_gz:/home/huy/ros2_ws/install/ur_letter_writer:/home/huy/xecuahuy_ws/install/xecuahuy:/home/huy/xecuahuy_ws/install/slam_gmapping:/home/huy/xecuahuy_ws/install/openslam_gmapping:/home/huy/xecuahuy_ws/install/aws_robomaker_small_warehouse_world:/home/huy/install/xecuahuy:/home/huy/install/turtlebot3:/home/huy/install/turtlebot3_simulations:/home/huy/install/turtlebot3_bringup:/home/huy/install/turtlebot3_node:/home/huy/install/turtlebot3_fake_node:/home/huy/install/turtlebot3_msgs:/home/huy/install/turtlebot3_gazebo:/home/huy/install/slam_gmapping:/home/huy/install/micro_ros_setup:/home/huy/install/micro_ros_agent:/home/huy/install/micro_ros_msgs:/home/huy/install/dynamixel_sdk_examples:/home/huy/install/dynamixel_sdk_custom_interfaces:/home/huy/install/dynamixel_sdk:/home/huy/install/aws_robomaker_small_warehouse_world:/home/huy/install/turtlebot3_teleop:/home/huy/install/turtlebot3_navigation2:/home/huy/install/turtlebot3_example:/home/huy/install/turtlebot3_manipulation_gazebo:/home/huy/install/turtlebot3_description:/home/huy/install/turtlebot3_cartographer:/home/huy/install/openslam_gmapping:/opt/ros/humble LD_LIBRARY_PATH=/home/huy/ur3_llm_ws/install/ur_robot_driver/lib:/home/huy/ur3_llm_ws/install/ur_controllers/lib:/home/huy/ur3_llm_ws/install/ur_dashboard_msgs/lib:/home/huy/xecuahuy_ws/install/openslam_gmapping/lib:/home/huy/install/turtlebot3_msgs/lib:/home/huy/install/openslam_gmapping/lib:/home/huy/install/micro_ros_agent/lib:/home/huy/install/micro_ros_msgs/lib:/home/huy/install/dynamixel_sdk_custom_interfaces/lib:/home/huy/install/dynamixel_sdk/lib:/usr/lib/x86_64-linux-gnu/gazebo-11/plugins:/opt/ros/humble/opt/rviz_ogre_vendor/lib:/opt/ros/humble/lib/x86_64-linux-gnu:/opt/ros/humble/lib:/usr/lib/x86_64-linux-gnu/gazebo-11/plugins:/usr/lib/x86_64-linux-gnu/gazebo-11/plugins:/usr/lib/x86_64-linux-gnu/gazebo-11/plugins PS1=${debian_chroot:+($debian_chroot)}\[\033[01;32m\]\u@\h\[\033[00m\]:\[\033[01;34m\]\w\[\033[00m\]\$ /usr/bin/cmake --build /home/huy/ur3_llm_ws/build/ur -- -j12 -l12
[1.876s] DEBUG:colcon.colcon_core.event_handler.log_command:Invoking command in '/home/huy/ur3_llm_ws/build/ur': CMAKE_PREFIX_PATH=/home/huy/ur3_llm_ws/install/ur_calibration:/home/huy/ur3_llm_ws/install/ur_robot_driver:/home/huy/ur3_llm_ws/install/ur_controllers:/home/huy/ur3_llm_ws/install/ur_moveit_config:/home/huy/ur3_llm_ws/install/ur_dashboard_msgs:/home/huy/ur3_llm_ws/install/ur:/home/huy/ur3_llm_ws/install/ur_bringup:/home/huy/ros2_ws/install/ur_simulation_gz:/home/huy/ros2_ws/install/ur_letter_writer:/home/huy/xecuahuy_ws/install/xecuahuy:/home/huy/xecuahuy_ws/install/slam_gmapping:/home/huy/xecuahuy_ws/install/openslam_gmapping:/home/huy/xecuahuy_ws/install/aws_robomaker_small_warehouse_world:/home/huy/install/xecuahuy:/home/huy/install/turtlebot3:/home/huy/install/turtlebot3_simulations:/home/huy/install/turtlebot3_bringup:/home/huy/install/turtlebot3_node:/home/huy/install/turtlebot3_fake_node:/home/huy/install/turtlebot3_msgs:/home/huy/install/turtlebot3_gazebo:/home/huy/install/slam_gmapping:/home/huy/install/micro_ros_setup:/home/huy/install/micro_ros_agent:/home/huy/install/micro_ros_msgs:/home/huy/install/dynamixel_sdk_examples:/home/huy/install/dynamixel_sdk_custom_interfaces:/home/huy/install/dynamixel_sdk:/home/huy/install/aws_robomaker_small_warehouse_world:/home/huy/install/turtlebot3_teleop:/home/huy/install/turtlebot3_navigation2:/home/huy/install/turtlebot3_example:/home/huy/install/turtlebot3_manipulation_gazebo:/home/huy/install/turtlebot3_description:/home/huy/install/turtlebot3_cartographer:/home/huy/install/openslam_gmapping:/opt/ros/humble LD_LIBRARY_PATH=/home/huy/ur3_llm_ws/install/ur_robot_driver/lib:/home/huy/ur3_llm_ws/install/ur_controllers/lib:/home/huy/ur3_llm_ws/install/ur_dashboard_msgs/lib:/home/huy/xecuahuy_ws/install/openslam_gmapping/lib:/home/huy/install/turtlebot3_msgs/lib:/home/huy/install/openslam_gmapping/lib:/home/huy/install/micro_ros_agent/lib:/home/huy/install/micro_ros_msgs/lib:/home/huy/install/dynamixel_sdk_custom_interfaces/lib:/home/huy/install/dynamixel_sdk/lib:/usr/lib/x86_64-linux-gnu/gazebo-11/plugins:/opt/ros/humble/opt/rviz_ogre_vendor/lib:/opt/ros/humble/lib/x86_64-linux-gnu:/opt/ros/humble/lib:/usr/lib/x86_64-linux-gnu/gazebo-11/plugins:/usr/lib/x86_64-linux-gnu/gazebo-11/plugins:/usr/lib/x86_64-linux-gnu/gazebo-11/plugins PS1=${debian_chroot:+($debian_chroot)}\[\033[01;32m\]\u@\h\[\033[00m\]:\[\033[01;34m\]\w\[\033[00m\]\$ /usr/bin/cmake --install /home/huy/ur3_llm_ws/build/ur
[1.893s] Level 1:colcon.colcon_core.environment:create_environment_scripts_only(ur)
[1.893s] Level 1:colcon.colcon_core.environment:checking '/home/huy/ur3_llm_ws/install/ur' for CMake module files
[1.894s] DEBUG:colcon.colcon_core.event_handler.log_command:Invoked command in '/home/huy/ur3_llm_ws/build/ur' returned '0': CMAKE_PREFIX_PATH=/home/huy/ur3_llm_ws/install/ur_calibration:/home/huy/ur3_llm_ws/install/ur_robot_driver:/home/huy/ur3_llm_ws/install/ur_controllers:/home/huy/ur3_llm_ws/install/ur_moveit_config:/home/huy/ur3_llm_ws/install/ur_dashboard_msgs:/home/huy/ur3_llm_ws/install/ur:/home/huy/ur3_llm_ws/install/ur_bringup:/home/huy/ros2_ws/install/ur_simulation_gz:/home/huy/ros2_ws/install/ur_letter_writer:/home/huy/xecuahuy_ws/install/xecuahuy:/home/huy/xecuahuy_ws/install/slam_gmapping:/home/huy/xecuahuy_ws/install/openslam_gmapping:/home/huy/xecuahuy_ws/install/aws_robomaker_small_warehouse_world:/home/huy/install/xecuahuy:/home/huy/install/turtlebot3:/home/huy/install/turtlebot3_simulations:/home/huy/install/turtlebot3_bringup:/home/huy/install/turtlebot3_node:/home/huy/install/turtlebot3_fake_node:/home/huy/install/turtlebot3_msgs:/home/huy/install/turtlebot3_gazebo:/home/huy/install/slam_gmapping:/home/huy/install/micro_ros_setup:/home/huy/install/micro_ros_agent:/home/huy/install/micro_ros_msgs:/home/huy/install/dynamixel_sdk_examples:/home/huy/install/dynamixel_sdk_custom_interfaces:/home/huy/install/dynamixel_sdk:/home/huy/install/aws_robomaker_small_warehouse_world:/home/huy/install/turtlebot3_teleop:/home/huy/install/turtlebot3_navigation2:/home/huy/install/turtlebot3_example:/home/huy/install/turtlebot3_manipulation_gazebo:/home/huy/install/turtlebot3_description:/home/huy/install/turtlebot3_cartographer:/home/huy/install/openslam_gmapping:/opt/ros/humble LD_LIBRARY_PATH=/home/huy/ur3_llm_ws/install/ur_robot_driver/lib:/home/huy/ur3_llm_ws/install/ur_controllers/lib:/home/huy/ur3_llm_ws/install/ur_dashboard_msgs/lib:/home/huy/xecuahuy_ws/install/openslam_gmapping/lib:/home/huy/install/turtlebot3_msgs/lib:/home/huy/install/openslam_gmapping/lib:/home/huy/install/micro_ros_agent/lib:/home/huy/install/micro_ros_msgs/lib:/home/huy/install/dynamixel_sdk_custom_interfaces/lib:/home/huy/install/dynamixel_sdk/lib:/usr/lib/x86_64-linux-gnu/gazebo-11/plugins:/opt/ros/humble/opt/rviz_ogre_vendor/lib:/opt/ros/humble/lib/x86_64-linux-gnu:/opt/ros/humble/lib:/usr/lib/x86_64-linux-gnu/gazebo-11/plugins:/usr/lib/x86_64-linux-gnu/gazebo-11/plugins:/usr/lib/x86_64-linux-gnu/gazebo-11/plugins PS1=${debian_chroot:+($debian_chroot)}\[\033[01;32m\]\u@\h\[\033[00m\]:\[\033[01;34m\]\w\[\033[00m\]\$ /usr/bin/cmake --install /home/huy/ur3_llm_ws/build/ur
[1.894s] Level 1:colcon.colcon_core.environment:checking '/home/huy/ur3_llm_ws/install/ur' for CMake config files
[1.894s] Level 1:colcon.colcon_core.shell:create_environment_hook('ur', 'cmake_prefix_path')
[1.894s] INFO:colcon.colcon_core.shell:Creating environment hook '/home/huy/ur3_llm_ws/install/ur/share/ur/hook/cmake_prefix_path.ps1'
[1.895s] INFO:colcon.colcon_core.shell:Creating environment descriptor '/home/huy/ur3_llm_ws/install/ur/share/ur/hook/cmake_prefix_path.dsv'
[1.895s] INFO:colcon.colcon_core.shell:Creating environment hook '/home/huy/ur3_llm_ws/install/ur/share/ur/hook/cmake_prefix_path.sh'
[1.896s] Level 1:colcon.colcon_core.environment:checking '/home/huy/ur3_llm_ws/install/ur/bin'
[1.896s] Level 1:colcon.colcon_core.environment:checking '/home/huy/ur3_llm_ws/install/ur/lib/pkgconfig/ur.pc'
[1.896s] Level 1:colcon.colcon_core.environment:checking '/home/huy/ur3_llm_ws/install/ur/lib/python3.10/site-packages'
[1.896s] Level 1:colcon.colcon_core.environment:checking '/home/huy/ur3_llm_ws/install/ur/bin'
[1.896s] INFO:colcon.colcon_core.shell:Creating package script '/home/huy/ur3_llm_ws/install/ur/share/ur/package.ps1'
[1.897s] INFO:colcon.colcon_core.shell:Creating package descriptor '/home/huy/ur3_llm_ws/install/ur/share/ur/package.dsv'
[1.897s] INFO:colcon.colcon_core.shell:Creating package script '/home/huy/ur3_llm_ws/install/ur/share/ur/package.sh'
[1.898s] INFO:colcon.colcon_core.shell:Creating package script '/home/huy/ur3_llm_ws/install/ur/share/ur/package.bash'
[1.898s] INFO:colcon.colcon_core.shell:Creating package script '/home/huy/ur3_llm_ws/install/ur/share/ur/package.zsh'
[1.898s] Level 1:colcon.colcon_core.environment:create_file_with_runtime_dependencies(/home/huy/ur3_llm_ws/install/ur/share/colcon-core/packages/ur)
[1.899s] Level 1:colcon.colcon_core.environment:create_environment_scripts_only(ur)
[1.899s] Level 1:colcon.colcon_core.environment:checking '/home/huy/ur3_llm_ws/install/ur' for CMake module files
[1.899s] Level 1:colcon.colcon_core.environment:checking '/home/huy/ur3_llm_ws/install/ur' for CMake config files
[1.899s] Level 1:colcon.colcon_core.shell:create_environment_hook('ur', 'cmake_prefix_path')
[1.900s] INFO:colcon.colcon_core.shell:Creating environment hook '/home/huy/ur3_llm_ws/install/ur/share/ur/hook/cmake_prefix_path.ps1'
[1.900s] INFO:colcon.colcon_core.shell:Creating environment descriptor '/home/huy/ur3_llm_ws/install/ur/share/ur/hook/cmake_prefix_path.dsv'
[1.900s] INFO:colcon.colcon_core.shell:Creating environment hook '/home/huy/ur3_llm_ws/install/ur/share/ur/hook/cmake_prefix_path.sh'
[1.901s] Level 1:colcon.colcon_core.environment:checking '/home/huy/ur3_llm_ws/install/ur/bin'
[1.901s] Level 1:colcon.colcon_core.environment:checking '/home/huy/ur3_llm_ws/install/ur/lib/pkgconfig/ur.pc'
[1.901s] Level 1:colcon.colcon_core.environment:checking '/home/huy/ur3_llm_ws/install/ur/lib/python3.10/site-packages'
[1.901s] Level 1:colcon.colcon_core.environment:checking '/home/huy/ur3_llm_ws/install/ur/bin'
[1.901s] INFO:colcon.colcon_core.shell:Creating package script '/home/huy/ur3_llm_ws/install/ur/share/ur/package.ps1'
[1.902s] INFO:colcon.colcon_core.shell:Creating package descriptor '/home/huy/ur3_llm_ws/install/ur/share/ur/package.dsv'
[1.902s] INFO:colcon.colcon_core.shell:Creating package script '/home/huy/ur3_llm_ws/install/ur/share/ur/package.sh'
[1.902s] INFO:colcon.colcon_core.shell:Creating package script '/home/huy/ur3_llm_ws/install/ur/share/ur/package.bash'
[1.903s] INFO:colcon.colcon_core.shell:Creating package script '/home/huy/ur3_llm_ws/install/ur/share/ur/package.zsh'
[1.903s] Level 1:colcon.colcon_core.environment:create_file_with_runtime_dependencies(/home/huy/ur3_llm_ws/install/ur/share/colcon-core/packages/ur)
[1.903s] DEBUG:colcon.colcon_parallel_executor.executor.parallel:closing loop
[1.903s] DEBUG:colcon.colcon_parallel_executor.executor.parallel:loop closed
[1.903s] DEBUG:colcon.colcon_parallel_executor.executor.parallel:run_until_complete finished with '0'
[1.903s] DEBUG:colcon.colcon_core.event_reactor:joining thread
[1.909s] INFO:colcon.colcon_core.plugin_system:Skipping extension 'colcon_notification.desktop_notification.terminal_notifier': Not used on non-Darwin systems
[1.909s] INFO:colcon.colcon_core.plugin_system:Skipping extension 'colcon_notification.desktop_notification.win32': Not used on non-Windows systems
[1.909s] INFO:colcon.colcon_notification.desktop_notification:Sending desktop notification using 'notify2'
[1.918s] DEBUG:colcon.colcon_core.event_reactor:joined thread
[1.918s] INFO:colcon.colcon_core.shell:Creating prefix script '/home/huy/ur3_llm_ws/install/local_setup.ps1'
[1.919s] INFO:colcon.colcon_core.shell:Creating prefix util module '/home/huy/ur3_llm_ws/install/_local_setup_util_ps1.py'
[1.920s] INFO:colcon.colcon_core.shell:Creating prefix chain script '/home/huy/ur3_llm_ws/install/setup.ps1'
[1.921s] INFO:colcon.colcon_core.shell:Creating prefix script '/home/huy/ur3_llm_ws/install/local_setup.sh'
[1.922s] INFO:colcon.colcon_core.shell:Creating prefix util module '/home/huy/ur3_llm_ws/install/_local_setup_util_sh.py'
[1.922s] INFO:colcon.colcon_core.shell:Creating prefix chain script '/home/huy/ur3_llm_ws/install/setup.sh'
[1.923s] INFO:colcon.colcon_core.shell:Creating prefix script '/home/huy/ur3_llm_ws/install/local_setup.bash'
[1.923s] INFO:colcon.colcon_core.shell:Creating prefix chain script '/home/huy/ur3_llm_ws/install/setup.bash'
[1.924s] INFO:colcon.colcon_core.shell:Creating prefix script '/home/huy/ur3_llm_ws/install/local_setup.zsh'
[1.925s] INFO:colcon.colcon_core.shell:Creating prefix chain script '/home/huy/ur3_llm_ws/install/setup.zsh'
